TrialNumber,Average gross pay,HC bearing gross rock volume,HC pore volume,HC water contact - result,Productive area,Recoverable.Accumulation size Total Resources
2632,0,0,0,3166.59,0,0
4965,0,0,0,3166.59,0,0
1033,0,0,0,3166.59,0,0
389,0,0,0,3166.59,0,0
7373,0,0,0,3166.59,0,0
1562,0,0,0,3166.59,0,0
4160,0,0,0,3166.59,0,0
8166,0,0,0,3166.59,0,0
9057,0,0,0,3166.59,0,0
2274,0,0,0,3166.59,0,0
9456,0,0,0,3166.59,0,0
3284,0,0,0,3166.59,0,0
1702,0,0,0,3166.59,0,0
7846,0,0,0,3166.59,0,0
6615,0,0,0,3166.59,0,0
3746,0,0,0,3166.59,0,0
3823,0,0,0,3166.59,0,0
8715,0,0,0,3166.59,0,0
4518,0,0,0,3166.59,0,0
640,0,0,0,3166.59,0,0
8436,0,0,0,3166.59,0,0
2988,0,0,0,3166.59,0,0
6273,0,0,0,3166.59,0,0
9884,0,0,0,3166.59,0,0
7738,0,0,0,3166.59,0,0
8508,0,0,0,3166.59,0,0
8894,0,0,0,3166.59,0,0
1881,0,0,0,3166.59,0,0
8802,0,0,0,3166.59,0,0
9678,0,0,0,3166.59,0,0
119,0,0,0,3166.59,0,0
2453,0,0,0,3166.59,0,0
971,0,0,0,3166.59,0,0
2291,0,0,0,3166.59,0,0
5070,0,0,0,3166.59,0,0
2077,0,0,0,3166.59,0,0
6693,0,0,0,3166.59,0,0
5550,0,0,0,3166.59,0,0
7848,0,0,0,3166.59,0,0
1963,0,0,0,3166.59,0,0
4554,0,0,0,3166.59,0,0
8418,0,0,0,3166.59,0,0
1038,0,0,0,3166.59,0,0
2475,0,0,0,3166.59,0,0
1741,0,0,0,3166.59,0,0
2924,0,0,0,3166.59,0,0
4168,0,0,0,3166.59,0,0
4046,0,0,0,3166.59,0,0
3132,0,0,0,3166.59,0,0
2470,0,0,0,3166.59,0,0
4360,0,0,0,3166.59,0,0
2678,0,0,0,3166.59,0,0
1111,0,0,0,3166.59,0,0
5663,0,0,0,3166.59,0,0
5006,0,0,0,3166.59,0,0
6409,0,0,0,3166.59,0,0
5895,0,0,0,3166.59,0,0
299,0,0,0,3166.59,0,0
1031,0,0,0,3166.59,0,0
1418,0,0,0,3166.59,0,0
4843,0,0,0,3166.59,0,0
7073,0,0,0,3166.59,0,0
6908,0,0,0,3166.59,0,0
1462,0,0,0,3166.59,0,0
33,0,0,0,3166.59,0,0
2457,0,0,0,3166.59,0,0
292,0,0,0,3166.59,0,0
8000,0,0,0,3166.59,0,0
1163,0,0,0,3166.59,0,0
3624,0,0,0,3166.59,0,0
8422,0,0,0,3166.59,0,0
7417,0,0,0,3166.59,0,0
5146,0,0,0,3166.59,0,0
1277,0,0,0,3166.59,0,0
7513,0,0,0,3166.59,0,0
8730,0,0,0,3166.59,0,0
966,0,0,0,3166.59,0,0
8294,0,0,0,3166.59,0,0
2971,0,0,0,3166.59,0,0
8562,0,0,0,3166.59,0,0
3705,0,0,0,3166.59,0,0
4111,0,0,0,3166.59,0,0
4935,0,0,0,3166.59,0,0
3623,0,0,0,3166.59,0,0
5667,0,0,0,3166.59,0,0
7222,0,0,0,3166.59,0,0
9240,0,0,0,3166.59,0,0
9806,0,0,0,3166.59,0,0
7437,0,0,0,3166.59,0,0
2233,0,0,0,3166.59,0,0
719,0,0,0,3166.59,0,0
8764,23.3329,23.1702,2.2286,3360.43,0.99303,2.43673
3505,0,0,0,3166.59,0,0
7253,0,0,0,3166.59,0,0
8686,0,0,0,3166.59,0,0
1814,0,0,0,3166.59,0,0
9239,0,0,0,3166.59,0,0
9990,0,0,0,3166.59,0,0
6484,0,0,0,3166.59,0,0
5454,0,0,0,3166.59,0,0
8784,0,0,0,3166.59,0,0
5388,0,0,0,3166.59,0,0
7309,0,0,0,3166.59,0,0
8210,0,0,0,3166.59,0,0
5539,0,0,0,3166.59,0,0
354,0,0,0,3166.59,0,0
1215,0,0,0,3166.59,0,0
2352,0,0,0,3166.59,0,0
5014,0,0,0,3166.59,0,0
1595,0,0,0,3166.59,0,0
8925,0,0,0,3166.59,0,0
8054,0,0,0,3166.59,0,0
2606,0,0,0,3166.59,0,0
4837,0,0,0,3166.59,0,0
752,0,0,0,3166.59,0,0
8951,0,0,0,3166.59,0,0
9489,0,0,0,3166.59,0,0
9329,0,0,0,3166.59,0,0
247,0,0,0,3166.59,0,0
9071,0,0,0,3166.59,0,0
7873,24.6295,35.8244,2.84668,3419.84,1.45453,3.24929
6945,0,0,0,3166.59,0,0
1170,0,0,0,3166.59,0,0
7009,0,0,0,3166.59,0,0
4972,0,0,0,3166.59,0,0
811,0,0,0,3166.59,0,0
2648,0,0,0,3166.59,0,0
2552,0,0,0,3166.59,0,0
5193,0,0,0,3166.59,0,0
5313,0,0,0,3166.59,0,0
4571,0,0,0,3166.59,0,0
4822,0,0,0,3166.59,0,0
9933,0,0,0,3166.59,0,0
9951,0,0,0,3166.59,0,0
9672,0,0,0,3166.59,0,0
807,0,0,0,3166.59,0,0
9930,0,0,0,3166.59,0,0
9520,0,0,0,3166.59,0,0
4525,25.4133,49.4747,4.46005,3467.88,1.9468,4.79943
8835,0,0,0,3166.59,0,0
1559,0,0,0,3166.59,0,0
5600,0,0,0,3166.59,0,0
412,0,0,0,3166.59,0,0
4246,0,0,0,3166.59,0,0
3404,0,0,0,3166.59,0,0
1516,0,0,0,3166.59,0,0
2053,0,0,0,3166.59,0,0
2759,0,0,0,3166.59,0,0
8359,0,0,0,3166.59,0,0
1299,0,0,0,3166.59,0,0
753,0,0,0,3166.59,0,0
7408,0,0,0,3166.59,0,0
2439,0,0,0,3166.59,0,0
9732,0,0,0,3166.59,0,0
7841,0,0,0,3166.59,0,0
7511,0,0,0,3166.59,0,0
730,0,0,0,3166.59,0,0
8840,0,0,0,3166.59,0,0
8163,0,0,0,3166.59,0,0
6777,0,0,0,3166.59,0,0
3806,0,0,0,3166.59,0,0
8216,0,0,0,3166.59,0,0
5815,0,0,0,3166.59,0,0
1088,0,0,0,3166.59,0,0
3320,22.9274,49.6223,4.32259,3476.92,2.16432,5.02261
4072,0,0,0,3166.59,0,0
2639,0,0,0,3166.59,0,0
862,0,0,0,3166.59,0,0
8116,0,0,0,3166.59,0,0
7099,0,0,0,3166.59,0,0
7231,0,0,0,3166.59,0,0
39,0,0,0,3166.59,0,0
5123,0,0,0,3166.59,0,0
7356,0,0,0,3166.59,0,0
7548,0,0,0,3166.59,0,0
2049,0,0,0,3166.59,0,0
9843,0,0,0,3166.59,0,0
1059,0,0,0,3166.59,0,0
8223,0,0,0,3166.59,0,0
3722,0,0,0,3166.59,0,0
2176,0,0,0,3166.59,0,0
546,0,0,0,3166.59,0,0
3654,0,0,0,3166.59,0,0
7287,0,0,0,3166.59,0,0
5524,0,0,0,3166.59,0,0
6845,0,0,0,3166.59,0,0
1209,0,0,0,3166.59,0,0
183,0,0,0,3166.59,0,0
6764,0,0,0,3166.59,0,0
1584,0,0,0,3166.59,0,0
2170,0,0,0,3166.59,0,0
1787,0,0,0,3166.59,0,0
7217,0,0,0,3166.59,0,0
3484,0,0,0,3166.59,0,0
2445,0,0,0,3166.59,0,0
9947,0,0,0,3166.59,0,0
2432,0,0,0,3166.59,0,0
6403,0,0,0,3166.59,0,0
8995,0,0,0,3166.59,0,0
6838,0,0,0,3166.59,0,0
4004,0,0,0,3166.59,0,0
3617,0,0,0,3166.59,0,0
2328,0,0,0,3166.59,0,0
7900,0,0,0,3166.59,0,0
2831,0,0,0,3166.59,0,0
6124,0,0,0,3166.59,0,0
7168,0,0,0,3166.59,0,0
5051,0,0,0,3166.59,0,0
7981,0,0,0,3166.59,0,0
580,0,0,0,3166.59,0,0
9419,0,0,0,3166.59,0,0
9050,0,0,0,3166.59,0,0
3682,0,0,0,3166.59,0,0
6650,0,0,0,3166.59,0,0
5970,0,0,0,3166.59,0,0
5018,0,0,0,3166.59,0,0
4508,0,0,0,3166.59,0,0
4929,0,0,0,3166.59,0,0
650,0,0,0,3166.59,0,0
7544,0,0,0,3166.59,0,0
7596,0,0,0,3166.59,0,0
2689,0,0,0,3166.59,0,0
9912,0,0,0,3166.59,0,0
6445,0,0,0,3166.59,0,0
7342,27.3209,41.8724,3.02303,3429.83,1.53262,3.46097
2314,0,0,0,3166.59,0,0
1479,0,0,0,3166.59,0,0
6261,0,0,0,3166.59,0,0
4946,0,0,0,3166.59,0,0
3232,0,0,0,3166.59,0,0
664,0,0,0,3166.59,0,0
3886,22.8748,49.1731,3.79226,3476.37,2.14966,4.33284
1754,0,0,0,3166.59,0,0
6438,0,0,0,3166.59,0,0
6020,0,0,0,3166.59,0,0
6056,0,0,0,3166.59,0,0
416,0,0,0,3166.59,0,0
3227,0,0,0,3166.59,0,0
8071,0,0,0,3166.59,0,0
7875,0,0,0,3166.59,0,0
311,0,0,0,3166.59,0,0
5402,0,0,0,3166.59,0,0
1435,0,0,0,3166.59,0,0
7090,0,0,0,3166.59,0,0
8917,0,0,0,3166.59,0,0
8110,0,0,0,3166.59,0,0
4727,0,0,0,3166.59,0,0
1094,0,0,0,3166.59,0,0
3175,0,0,0,3166.59,0,0
98,0,0,0,3166.59,0,0
2748,0,0,0,3166.59,0,0
559,0,0,0,3166.59,0,0
7717,0,0,0,3166.59,0,0
8540,0,0,0,3166.59,0,0
1477,0,0,0,3166.59,0,0
8363,0,0,0,3166.59,0,0
9991,0,0,0,3166.59,0,0
6976,0,0,0,3166.59,0,0
3769,0,0,0,3166.59,0,0
604,23.9163,50.3559,3.62765,3474.71,2.1055,4.26724
9913,0,0,0,3166.59,0,0
7569,0,0,0,3166.59,0,0
8109,0,0,0,3166.59,0,0
1747,0,0,0,3166.59,0,0
5889,0,0,0,3166.59,0,0
5078,0,0,0,3166.59,0,0
2485,0,0,0,3166.59,0,0
5652,0,0,0,3166.59,0,0
1171,0,0,0,3166.59,0,0
8648,0,0,0,3166.59,0,0
8337,0,0,0,3166.59,0,0
1945,0,0,0,3166.59,0,0
1627,0,0,0,3166.59,0,0
2547,0,0,0,3166.59,0,0
9426,0,0,0,3166.59,0,0
6594,0,0,0,3166.59,0,0
9695,0,0,0,3166.59,0,0
124,0,0,0,3166.59,0,0
850,0,0,0,3166.59,0,0
2180,0,0,0,3166.59,0,0
3606,0,0,0,3166.59,0,0
6913,0,0,0,3166.59,0,0
9522,0,0,0,3166.59,0,0
9188,0,0,0,3166.59,0,0
3116,0,0,0,3166.59,0,0
9453,0,0,0,3166.59,0,0
4888,0,0,0,3166.59,0,0
5567,0,0,0,3166.59,0,0
7678,0,0,0,3166.59,0,0
4166,0,0,0,3166.59,0,0
2130,0,0,0,3166.59,0,0
4224,0,0,0,3166.59,0,0
9768,0,0,0,3166.59,0,0
3033,0,0,0,3166.59,0,0
8121,0,0,0,3166.59,0,0
6789,0,0,0,3166.59,0,0
8324,0,0,0,3166.59,0,0
3808,0,0,0,3166.59,0,0
4431,0,0,0,3166.59,0,0
8720,0,0,0,3166.59,0,0
9,0,0,0,3166.59,0,0
6292,0,0,0,3166.59,0,0
492,0,0,0,3166.59,0,0
3398,0,0,0,3166.59,0,0
4167,0,0,0,3166.59,0,0
4155,0,0,0,3166.59,0,0
4380,0,0,0,3166.59,0,0
8456,0,0,0,3166.59,0,0
1039,0,0,0,3166.59,0,0
3750,0,0,0,3166.59,0,0
6259,0,0,0,3166.59,0,0
6089,0,0,0,3166.59,0,0
2467,0,0,0,3166.59,0,0
1598,25.4856,43.0878,3.4295,3448.79,1.69067,3.9451
6344,0,0,0,3166.59,0,0
9014,0,0,0,3166.59,0,0
6501,0,0,0,3166.59,0,0
2921,0,0,0,3166.59,0,0
8252,0,0,0,3166.59,0,0
4125,0,0,0,3166.59,0,0
7817,0,0,0,3166.59,0,0
5971,0,0,0,3166.59,0,0
8220,0,0,0,3166.59,0,0
5436,0,0,0,3166.59,0,0
8921,0,0,0,3166.59,0,0
2329,0,0,0,3166.59,0,0
2272,0,0,0,3166.59,0,0
8099,21.96,51.0733,4.91137,3483.65,2.32574,5.92025
2047,0,0,0,3166.59,0,0
5351,0,0,0,3166.59,0,0
9090,0,0,0,3166.59,0,0
2428,0,0,0,3166.59,0,0
6200,0,0,0,3166.59,0,0
4319,0,0,0,3166.59,0,0
3776,0,0,0,3166.59,0,0
6504,0,0,0,3166.59,0,0
934,0,0,0,3166.59,0,0
9283,0,0,0,3166.59,0,0
4316,0,0,0,3166.59,0,0
6531,0,0,0,3166.59,0,0
480,0,0,0,3166.59,0,0
2725,0,0,0,3166.59,0,0
9143,29.8983,43.1478,3.37269,3418.49,1.44315,3.73471
1645,0,0,0,3166.59,0,0
5719,0,0,0,3166.59,0,0
911,0,0,0,3166.59,0,0
1290,0,0,0,3166.59,0,0
9570,0,0,0,3166.59,0,0
8661,0,0,0,3166.59,0,0
9985,0,0,0,3166.59,0,0
4949,0,0,0,3166.59,0,0
2394,0,0,0,3166.59,0,0
2954,0,0,0,3166.59,0,0
2312,0,0,0,3166.59,0,0
2452,0,0,0,3166.59,0,0
8959,0,0,0,3166.59,0,0
134,23.6697,33.415,3.59818,3414.77,1.41172,3.87791
5535,0,0,0,3166.59,0,0
1689,0,0,0,3166.59,0,0
4689,0,0,0,3166.59,0,0
5558,0,0,0,3166.59,0,0
6714,0,0,0,3166.59,0,0
6408,0,0,0,3166.59,0,0
4574,0,0,0,3166.59,0,0
5665,0,0,0,3166.59,0,0
4621,0,0,0,3166.59,0,0
1412,0,0,0,3166.59,0,0
6849,0,0,0,3166.59,0,0
7483,0,0,0,3166.59,0,0
1605,0,0,0,3166.59,0,0
7174,0,0,0,3166.59,0,0
5364,0,0,0,3166.59,0,0
9950,0,0,0,3166.59,0,0
7624,0,0,0,3166.59,0,0
2908,25.5353,29.7825,3.40445,3379.17,1.16633,3.62042
5349,0,0,0,3166.59,0,0
3129,0,0,0,3166.59,0,0
9521,0,0,0,3166.59,0,0
7091,0,0,0,3166.59,0,0
7683,0,0,0,3166.59,0,0
5835,0,0,0,3166.59,0,0
2513,0,0,0,3166.59,0,0
9469,0,0,0,3166.59,0,0
5250,0,0,0,3166.59,0,0
5403,0,0,0,3166.59,0,0
8795,0,0,0,3166.59,0,0
6924,0,0,0,3166.59,0,0
3781,0,0,0,3166.59,0,0
5643,0,0,0,3166.59,0,0
2809,0,0,0,3166.59,0,0
2752,0,0,0,3166.59,0,0
1172,0,0,0,3166.59,0,0
9038,0,0,0,3166.59,0,0
6112,0,0,0,3166.59,0,0
2135,0,0,0,3166.59,0,0
9932,0,0,0,3166.59,0,0
788,0,0,0,3166.59,0,0
7571,0,0,0,3166.59,0,0
9756,0,0,0,3166.59,0,0
9826,0,0,0,3166.59,0,0
8880,0,0,0,3166.59,0,0
8474,0,0,0,3166.59,0,0
4120,0,0,0,3166.59,0,0
5373,0,0,0,3166.59,0,0
7007,0,0,0,3166.59,0,0
2557,0,0,0,3166.59,0,0
2397,0,0,0,3166.59,0,0
6739,0,0,0,3166.59,0,0
4339,0,0,0,3166.59,0,0
467,0,0,0,3166.59,0,0
2134,25.8624,60.7635,5.08302,3484.74,2.34949,5.79071
9017,0,0,0,3166.59,0,0
8472,0,0,0,3166.59,0,0
1376,0,0,0,3166.59,0,0
6802,0,0,0,3166.59,0,0
2331,0,0,0,3166.59,0,0
6488,0,0,0,3166.59,0,0
1018,0,0,0,3166.59,0,0
4782,0,0,0,3166.59,0,0
9549,0,0,0,3166.59,0,0
2845,0,0,0,3166.59,0,0
3995,0,0,0,3166.59,0,0
6241,0,0,0,3166.59,0,0
2916,0,0,0,3166.59,0,0
4284,0,0,0,3166.59,0,0
8406,0,0,0,3166.59,0,0
2909,0,0,0,3166.59,0,0
3720,0,0,0,3166.59,0,0
9820,0,0,0,3166.59,0,0
5050,0,0,0,3166.59,0,0
1882,0,0,0,3166.59,0,0
810,25.6307,47.6326,4.9916,3462.21,1.85842,5.81944
5975,0,0,0,3166.59,0,0
5054,0,0,0,3166.59,0,0
2373,0,0,0,3166.59,0,0
488,0,0,0,3166.59,0,0
8195,0,0,0,3166.59,0,0
6557,0,0,0,3166.59,0,0
9740,0,0,0,3166.59,0,0
1000,0,0,0,3166.59,0,0
9938,0,0,0,3166.59,0,0
8788,0,0,0,3166.59,0,0
9874,0,0,0,3166.59,0,0
9400,0,0,0,3166.59,0,0
1180,0,0,0,3166.59,0,0
6345,0,0,0,3166.59,0,0
4624,0,0,0,3166.59,0,0
1626,0,0,0,3166.59,0,0
8005,0,0,0,3166.59,0,0
9859,0,0,0,3166.59,0,0
7110,26.6611,43.4687,4.69211,3442.19,1.63041,5.24027
4810,26.0949,32.8796,3.18297,3393.94,1.26,3.36593
5091,0,0,0,3166.59,0,0
1563,0,0,0,3166.59,0,0
9346,25.9154,42.763,4.20919,3444.35,1.6501,4.8307
221,0,0,0,3166.59,0,0
9446,0,0,0,3166.59,0,0
2058,0,0,0,3166.59,0,0
840,0,0,0,3166.59,0,0
4557,0,0,0,3166.59,0,0
6471,0,0,0,3166.59,0,0
718,0,0,0,3166.59,0,0
5614,0,0,0,3166.59,0,0
7293,0,0,0,3166.59,0,0
796,0,0,0,3166.59,0,0
5712,0,0,0,3166.59,0,0
7195,27.9154,36.0856,3.33916,3399.21,1.29268,3.95325
2250,0,0,0,3166.59,0,0
2928,0,0,0,3166.59,0,0
8095,0,0,0,3166.59,0,0
9444,0,0,0,3166.59,0,0
7111,0,0,0,3166.59,0,0
3062,0,0,0,3166.59,0,0
6254,0,0,0,3166.59,0,0
7644,0,0,0,3166.59,0,0
5556,0,0,0,3166.59,0,0
2207,0,0,0,3166.59,0,0
571,0,0,0,3166.59,0,0
4045,24.3255,39.3841,3.83578,3440.95,1.61905,4.46461
1295,0,0,0,3166.59,0,0
3397,0,0,0,3166.59,0,0
9102,31.7316,48.2367,3.91887,3428.24,1.52015,4.84995
6204,0,0,0,3166.59,0,0
9477,0,0,0,3166.59,0,0
8340,0,0,0,3166.59,0,0
2772,0,0,0,3166.59,0,0
4887,0,0,0,3166.59,0,0
7050,0,0,0,3166.59,0,0
8629,0,0,0,3166.59,0,0
2310,0,0,0,3166.59,0,0
1391,0,0,0,3166.59,0,0
3396,0,0,0,3166.59,0,0
6720,0,0,0,3166.59,0,0
1874,0,0,0,3166.59,0,0
2364,0,0,0,3166.59,0,0
5973,0,0,0,3166.59,0,0
8850,0,0,0,3166.59,0,0
9981,0,0,0,3166.59,0,0
5273,0,0,0,3166.59,0,0
4740,29.6078,48.6893,3.9826,3443.73,1.64447,4.45062
5571,0,0,0,3166.59,0,0
3788,0,0,0,3166.59,0,0
6792,0,0,0,3166.59,0,0
1480,0,0,0,3166.59,0,0
5426,0,0,0,3166.59,0,0
8936,0,0,0,3166.59,0,0
4676,0,0,0,3166.59,0,0
3146,0,0,0,3166.59,0,0
1231,0,0,0,3166.59,0,0
8264,0,0,0,3166.59,0,0
4057,0,0,0,3166.59,0,0
2891,0,0,0,3166.59,0,0
6115,0,0,0,3166.59,0,0
4842,0,0,0,3166.59,0,0
4310,0,0,0,3166.59,0,0
1705,0,0,0,3166.59,0,0
8273,0,0,0,3166.59,0,0
2463,0,0,0,3166.59,0,0
6121,0,0,0,3166.59,0,0
2736,0,0,0,3166.59,0,0
8519,0,0,0,3166.59,0,0
9196,0,0,0,3166.59,0,0
5026,0,0,0,3166.59,0,0
8119,0,0,0,3166.59,0,0
3969,0,0,0,3166.59,0,0
3530,0,0,0,3166.59,0,0
2673,0,0,0,3166.59,0,0
2340,0,0,0,3166.59,0,0
2070,28.6772,37.4853,3.50283,3401.29,1.30714,4.08686
6985,0,0,0,3166.59,0,0
56,35.7756,74.2363,4.57673,3473.57,2.07505,5.09426
4297,0,0,0,3166.59,0,0
3865,0,0,0,3166.59,0,0
1879,0,0,0,3166.59,0,0
9093,0,0,0,3166.59,0,0
7763,0,0,0,3166.59,0,0
7558,0,0,0,3166.59,0,0
1740,0,0,0,3166.59,0,0
1108,0,0,0,3166.59,0,0
9556,0,0,0,3166.59,0,0
883,24.5391,30.4373,3.10804,3390.77,1.24036,3.45276
2348,0,0,0,3166.59,0,0
7170,0,0,0,3166.59,0,0
551,0,0,0,3166.59,0,0
7289,0,0,0,3166.59,0,0
6186,0,0,0,3166.59,0,0
954,0,0,0,3166.59,0,0
3422,0,0,0,3166.59,0,0
2593,26.0978,40.2379,3.7444,3431.03,1.54181,4.24812
1990,0,0,0,3166.59,0,0
3070,0,0,0,3166.59,0,0
7631,0,0,0,3166.59,0,0
3571,0,0,0,3166.59,0,0
9358,0,0,0,3166.59,0,0
4597,0,0,0,3166.59,0,0
3341,0,0,0,3166.59,0,0
9218,0,0,0,3166.59,0,0
5572,0,0,0,3166.59,0,0
1449,0,0,0,3166.59,0,0
9745,26.3691,52.1865,5.64902,3469.95,1.97908,6.17117
2324,27.9563,53.1521,5.10105,3464.96,1.90126,5.63508
1345,0,0,0,3166.59,0,0
9168,0,0,0,3166.59,0,0
5242,23.605,45.2338,3.86711,3465.92,1.91628,4.54021
2894,0,0,0,3166.59,0,0
6064,0,0,0,3166.59,0,0
669,0,0,0,3166.59,0,0
3317,26.9569,67.4121,5.07775,3491.37,2.50074,5.90262
6797,0,0,0,3166.59,0,0
7703,0,0,0,3166.59,0,0
7617,0,0,0,3166.59,0,0
8575,0,0,0,3166.59,0,0
8193,0,0,0,3166.59,0,0
5904,0,0,0,3166.59,0,0
6194,0,0,0,3166.59,0,0
8823,0,0,0,3166.59,0,0
7600,0,0,0,3166.59,0,0
8057,0,0,0,3166.59,0,0
7484,0,0,0,3166.59,0,0
5960,24.6998,40.2635,3.64356,3442.16,1.63012,4.43628
3169,0,0,0,3166.59,0,0
2367,0,0,0,3166.59,0,0
1149,0,0,0,3166.59,0,0
4849,0,0,0,3166.59,0,0
5456,0,0,0,3166.59,0,0
2601,0,0,0,3166.59,0,0
2649,0,0,0,3166.59,0,0
837,0,0,0,3166.59,0,0
8394,0,0,0,3166.59,0,0
4649,0,0,0,3166.59,0,0
4129,0,0,0,3166.59,0,0
8798,0,0,0,3166.59,0,0
5003,0,0,0,3166.59,0,0
7745,0,0,0,3166.59,0,0
3195,0,0,0,3166.59,0,0
8306,0,0,0,3166.59,0,0
6904,0,0,0,3166.59,0,0
733,0,0,0,3166.59,0,0
3597,0,0,0,3166.59,0,0
9681,26.5217,39.8102,3.67299,3425.79,1.50104,4.3606
7366,0,0,0,3166.59,0,0
4548,0,0,0,3166.59,0,0
3258,0,0,0,3166.59,0,0
524,0,0,0,3166.59,0,0
3546,0,0,0,3166.59,0,0
3595,0,0,0,3166.59,0,0
356,0,0,0,3166.59,0,0
5873,0,0,0,3166.59,0,0
1544,0,0,0,3166.59,0,0
723,0,0,0,3166.59,0,0
8082,0,0,0,3166.59,0,0
3784,0,0,0,3166.59,0,0
8160,0,0,0,3166.59,0,0
3842,0,0,0,3166.59,0,0
9395,0,0,0,3166.59,0,0
7983,0,0,0,3166.59,0,0
4422,0,0,0,3166.59,0,0
7405,0,0,0,3166.59,0,0
8973,0,0,0,3166.59,0,0
4006,25.9771,80.7735,5.94571,3513.88,3.10941,6.22289
6803,0,0,0,3166.59,0,0
7070,27.6502,54.2428,5.08969,3468.84,1.96175,6.32808
2706,0,0,0,3166.59,0,0
5356,0,0,0,3166.59,0,0
1789,0,0,0,3166.59,0,0
5334,0,0,0,3166.59,0,0
3297,0,0,0,3166.59,0,0
2548,0,0,0,3166.59,0,0
7076,23.7137,43.9084,4.6018,3461.78,1.85161,4.95086
8168,25.3086,45.9423,4.35534,3459.29,1.81528,4.74633
8696,0,0,0,3166.59,0,0
5647,0,0,0,3166.59,0,0
932,0,0,0,3166.59,0,0
5727,0,0,0,3166.59,0,0
2880,0,0,0,3166.59,0,0
913,0,0,0,3166.59,0,0
2275,0,0,0,3166.59,0,0
5739,0,0,0,3166.59,0,0
9998,0,0,0,3166.59,0,0
1957,0,0,0,3166.59,0,0
1915,0,0,0,3166.59,0,0
1579,0,0,0,3166.59,0,0
5272,0,0,0,3166.59,0,0
5952,0,0,0,3166.59,0,0
1526,0,0,0,3166.59,0,0
7626,0,0,0,3166.59,0,0
9712,0,0,0,3166.59,0,0
3065,0,0,0,3166.59,0,0
7232,0,0,0,3166.59,0,0
4156,0,0,0,3166.59,0,0
9910,0,0,0,3166.59,0,0
2006,0,0,0,3166.59,0,0
9043,0,0,0,3166.59,0,0
4146,0,0,0,3166.59,0,0
9976,0,0,0,3166.59,0,0
5940,0,0,0,3166.59,0,0
3568,0,0,0,3166.59,0,0
6750,25.6731,66.5346,4.73461,3494.73,2.5916,5.43604
7463,0,0,0,3166.59,0,0
3180,0,0,0,3166.59,0,0
4764,0,0,0,3166.59,0,0
6745,0,0,0,3166.59,0,0
1768,0,0,0,3166.59,0,0
3225,0,0,0,3166.59,0,0
9303,0,0,0,3166.59,0,0
8260,0,0,0,3166.59,0,0
2141,0,0,0,3166.59,0,0
5536,22.9239,51.2944,5.3576,3479.67,2.2376,6.40208
8312,0,0,0,3166.59,0,0
1304,0,0,0,3166.59,0,0
2371,28.1774,42.2553,3.85692,3425.6,1.49962,4.22191
2849,0,0,0,3166.59,0,0
449,0,0,0,3166.59,0,0
227,22.5267,48.3875,5.44963,3476.31,2.14801,6.1292
8526,0,0,0,3166.59,0,0
8919,0,0,0,3166.59,0,0
2832,0,0,0,3166.59,0,0
5137,0,0,0,3166.59,0,0
3717,0,0,0,3166.59,0,0
1416,0,0,0,3166.59,0,0
9018,0,0,0,3166.59,0,0
5290,0,0,0,3166.59,0,0
6937,0,0,0,3166.59,0,0
3410,22.5863,59.5654,5.48793,3496.41,2.63724,6.71459
5561,0,0,0,3166.59,0,0
1212,0,0,0,3166.59,0,0
9464,25.2601,51.3403,5.3807,3471.97,2.03246,6.61112
2212,0,0,0,3166.59,0,0
4721,0,0,0,3166.59,0,0
9656,0,0,0,3166.59,0,0
2804,0,0,0,3166.59,0,0
900,26.5155,56.2324,4.17236,3475.28,2.12073,4.79613
3155,0,0,0,3166.59,0,0
8944,0,0,0,3166.59,0,0
6617,0,0,0,3166.59,0,0
6833,35.5024,82.6231,5.49893,3483.72,2.32725,5.67479
7645,0,0,0,3166.59,0,0
4560,0,0,0,3166.59,0,0
9262,29.7888,38.9167,3.52464,3401.2,1.30642,4.13992
4180,0,0,0,3166.59,0,0
740,0,0,0,3166.59,0,0
7780,0,0,0,3166.59,0,0
8771,0,0,0,3166.59,0,0
5893,0,0,0,3166.59,0,0
7785,0,0,0,3166.59,0,0
756,0,0,0,3166.59,0,0
6317,0,0,0,3166.59,0,0
9941,0,0,0,3166.59,0,0
1577,0,0,0,3166.59,0,0
5045,29.5195,49.3603,5.02203,3446.76,1.67213,5.79339
1140,0,0,0,3166.59,0,0
7609,0,0,0,3166.59,0,0
8682,33.3883,49.4328,4.34957,3423.16,1.48054,4.96212
4873,24.5185,36.855,3.78007,3426.06,1.50315,4.15312
5669,0,0,0,3166.59,0,0
8950,0,0,0,3166.59,0,0
2510,28.9855,58.9287,5.69298,3472,2.03304,6.40508
2631,0,0,0,3166.59,0,0
9220,0,0,0,3166.59,0,0
3037,0,0,0,3166.59,0,0
6984,0,0,0,3166.59,0,0
2293,0,0,0,3166.59,0,0
3862,0,0,0,3166.59,0,0
8564,0,0,0,3166.59,0,0
3263,0,0,0,3166.59,0,0
4593,0,0,0,3166.59,0,0
3109,0,0,0,3166.59,0,0
3507,0,0,0,3166.59,0,0
3112,0,0,0,3166.59,0,0
9824,0,0,0,3166.59,0,0
1419,0,0,0,3166.59,0,0
5998,0,0,0,3166.59,0,0
2378,0,0,0,3166.59,0,0
8619,0,0,0,3166.59,0,0
5463,0,0,0,3166.59,0,0
6805,24.1992,47.2646,4.65985,3468.29,1.95314,5.27454
8430,0,0,0,3166.59,0,0
1348,0,0,0,3166.59,0,0
711,0,0,0,3166.59,0,0
7849,0,0,0,3166.59,0,0
1258,0,0,0,3166.59,0,0
991,0,0,0,3166.59,0,0
4399,0,0,0,3166.59,0,0
2226,0,0,0,3166.59,0,0
9072,0,0,0,3166.59,0,0
9671,0,0,0,3166.59,0,0
4378,0,0,0,3166.59,0,0
9560,0,0,0,3166.59,0,0
4578,22.3331,60.983,6.38476,3499.86,2.73061,7.01357
1876,0,0,0,3166.59,0,0
1568,0,0,0,3166.59,0,0
4892,0,0,0,3166.59,0,0
4021,0,0,0,3166.59,0,0
5911,0,0,0,3166.59,0,0
2721,0,0,0,3166.59,0,0
5534,0,0,0,3166.59,0,0
8315,0,0,0,3166.59,0,0
4366,0,0,0,3166.59,0,0
1807,0,0,0,3166.59,0,0
1596,0,0,0,3166.59,0,0
9945,0,0,0,3166.59,0,0
7765,0,0,0,3166.59,0,0
9757,0,0,0,3166.59,0,0
2255,32.3123,42.7072,3.70636,3403.27,1.3217,3.98145
4497,0,0,0,3166.59,0,0
635,0,0,0,3166.59,0,0
8813,0,0,0,3166.59,0,0
1225,0,0,0,3166.59,0,0
8365,0,0,0,3166.59,0,0
8090,0,0,0,3166.59,0,0
9368,0,0,0,3166.59,0,0
6429,0,0,0,3166.59,0,0
9493,25.8442,46.3895,4.2811,3457.63,1.79497,4.93562
9926,0,0,0,3166.59,0,0
3661,0,0,0,3166.59,0,0
7460,0,0,0,3166.59,0,0
9342,0,0,0,3166.59,0,0
5978,25.9225,40.5966,4.77319,3434.21,1.56608,5.54213
8111,0,0,0,3166.59,0,0
5918,0,0,0,3166.59,0,0
588,0,0,0,3166.59,0,0
7661,0,0,0,3166.59,0,0
2839,0,0,0,3166.59,0,0
2590,0,0,0,3166.59,0,0
4208,0,0,0,3166.59,0,0
9079,0,0,0,3166.59,0,0
5139,0,0,0,3166.59,0,0
8706,0,0,0,3166.59,0,0
6075,0,0,0,3166.59,0,0
2431,0,0,0,3166.59,0,0
3314,0,0,0,3166.59,0,0
9934,0,0,0,3166.59,0,0
8154,0,0,0,3166.59,0,0
5100,0,0,0,3166.59,0,0
6450,28.1594,43.8455,5.09622,3433.03,1.55705,6.01828
3723,0,0,0,3166.59,0,0
8475,0,0,0,3166.59,0,0
5726,0,0,0,3166.59,0,0
6798,0,0,0,3166.59,0,0
1710,35.1806,60.2399,5.65147,3450.86,1.7123,6.07016
8643,0,0,0,3166.59,0,0
603,0,0,0,3166.59,0,0
9319,0,0,0,3166.59,0,0
5757,0,0,0,3166.59,0,0
4476,0,0,0,3166.59,0,0
5374,0,0,0,3166.59,0,0
5902,25.7632,56.8181,5.17986,3478.46,2.20539,5.49897
7037,0,0,0,3166.59,0,0
7990,0,0,0,3166.59,0,0
1388,0,0,0,3166.59,0,0
6235,27.0701,53.6198,4.57779,3470.04,1.98077,5.04939
618,0,0,0,3166.59,0,0
8471,0,0,0,3166.59,0,0
8289,0,0,0,3166.59,0,0
1673,0,0,0,3166.59,0,0
6346,0,0,0,3166.59,0,0
4510,0,0,0,3166.59,0,0
3913,0,0,0,3166.59,0,0
7998,0,0,0,3166.59,0,0
7278,0,0,0,3166.59,0,0
8799,0,0,0,3166.59,0,0
4206,0,0,0,3166.59,0,0
6560,0,0,0,3166.59,0,0
8554,23.1789,67.1306,5.88254,3505.98,2.89619,7.14716
6485,0,0,0,3166.59,0,0
9844,0,0,0,3166.59,0,0
2720,0,0,0,3166.59,0,0
6151,27.8996,34.1138,2.87884,3387.97,1.22274,3.45516
1327,0,0,0,3166.59,0,0
5555,0,0,0,3166.59,0,0
5927,0,0,0,3166.59,0,0
7320,0,0,0,3166.59,0,0
8028,0,0,0,3166.59,0,0
479,0,0,0,3166.59,0,0
1979,0,0,0,3166.59,0,0
8097,0,0,0,3166.59,0,0
3328,0,0,0,3166.59,0,0
4885,25.609,62.5213,5.9041,3488.98,2.44138,6.64064
7865,32.2194,39.4768,3.43584,3388.37,1.22525,3.84587
4494,27.9726,33.4261,2.56792,3383.57,1.19496,3.10521
1293,0,0,0,3166.59,0,0
9590,0,0,0,3166.59,0,0
3596,26.9301,41.5241,4.59887,3431.05,1.54192,5.57725
38,0,0,0,3166.59,0,0
8358,0,0,0,3166.59,0,0
1648,23.5298,69.8273,6.55888,3508.62,2.96762,7.1218
2523,0,0,0,3166.59,0,0
8544,0,0,0,3166.59,0,0
3677,0,0,0,3166.59,0,0
2037,0,0,0,3166.59,0,0
9128,25.1037,45.2154,5.13673,3458.14,1.80114,5.68054
3626,0,0,0,3166.59,0,0
2360,0,0,0,3166.59,0,0
8655,0,0,0,3166.59,0,0
3680,24.7233,67.5125,5.40401,3499.86,2.73072,6.28383
5948,26.6641,70.397,5.70086,3496.52,2.64014,6.85801
4085,0,0,0,3166.59,0,0
4000,31.7176,63.9534,5.25289,3471.37,2.01634,6.12423
5343,0,0,0,3166.59,0,0
7636,0,0,0,3166.59,0,0
7700,0,0,0,3166.59,0,0
9421,0,0,0,3166.59,0,0
1,0,0,0,3166.59,0,0
2126,30.0575,31.6711,3.41649,3365.87,1.05368,3.94157
3485,0,0,0,3166.59,0,0
4802,31.1631,72.5502,5.95633,3483.76,2.32808,6.39227
4600,28.8492,39.2616,3.88264,3408.59,1.36093,4.38168
6228,0,0,0,3166.59,0,0
6493,0,0,0,3166.59,0,0
8945,0,0,0,3166.59,0,0
7295,0,0,0,3166.59,0,0
1081,0,0,0,3166.59,0,0
4254,0,0,0,3166.59,0,0
7391,0,0,0,3166.59,0,0
1913,0,0,0,3166.59,0,0
747,30.275,45.7717,3.73514,3427.17,1.51187,4.18543
7020,0,0,0,3166.59,0,0
2943,0,0,0,3166.59,0,0
4587,26.6411,52.9012,6.05754,3470.22,1.9857,6.55576
5715,28.5747,66.0798,5.43654,3483.04,2.31253,6.4364
9516,0,0,0,3166.59,0,0
8621,0,0,0,3166.59,0,0
2503,0,0,0,3166.59,0,0
148,0,0,0,3166.59,0,0
164,0,0,0,3166.59,0,0
4529,0,0,0,3166.59,0,0
3394,0,0,0,3166.59,0,0
4746,0,0,0,3166.59,0,0
769,0,0,0,3166.59,0,0
3400,23.5205,70.1376,6.2025,3509.16,2.98197,7.40851
2929,0,0,0,3166.59,0,0
1161,0,0,0,3166.59,0,0
2203,0,0,0,3166.59,0,0
212,0,0,0,3166.59,0,0
1005,0,0,0,3166.59,0,0
4648,0,0,0,3166.59,0,0
1035,0,0,0,3166.59,0,0
8361,30.3691,44.4018,3.44487,3420.79,1.46207,3.96336
9605,0,0,0,3166.59,0,0
4455,0,0,0,3166.59,0,0
252,0,0,0,3166.59,0,0
6255,0,0,0,3166.59,0,0
8983,0,0,0,3166.59,0,0
7656,0,0,0,3166.59,0,0
3521,0,0,0,3166.59,0,0
5714,0,0,0,3166.59,0,0
7102,0,0,0,3166.59,0,0
9229,0,0,0,3166.59,0,0
8101,0,0,0,3166.59,0,0
8323,25.6602,37.7826,3.77033,3422.12,1.47242,4.63868
1749,0,0,0,3166.59,0,0
1962,0,0,0,3166.59,0,0
8477,0,0,0,3166.59,0,0
600,31.9408,61.0915,5.66417,3465.69,1.91265,6.48053
8257,0,0,0,3166.59,0,0
391,0,0,0,3166.59,0,0
4644,36.6752,48.5893,3.72851,3403.69,1.32485,4.14803
7605,30.8518,59.7941,5.13149,3467.32,1.93811,6.32261
4654,0,0,0,3166.59,0,0
626,0,0,0,3166.59,0,0
1774,0,0,0,3166.59,0,0
1712,0,0,0,3166.59,0,0
3834,0,0,0,3166.59,0,0
3744,0,0,0,3166.59,0,0
3408,0,0,0,3166.59,0,0
90,25.2339,41.7974,4.52928,3445.04,1.6564,5.33657
6573,0,0,0,3166.59,0,0
18,0,0,0,3166.59,0,0
4846,0,0,0,3166.59,0,0
4496,26.6436,48.0287,5.03385,3458.26,1.80263,5.45791
3192,0,0,0,3166.59,0,0
2148,0,0,0,3166.59,0,0
8912,0,0,0,3166.59,0,0
1496,0,0,0,3166.59,0,0
4458,30.2481,74.5368,5.74344,3490.02,2.46418,6.28963
6912,0,0,0,3166.59,0,0
5877,0,0,0,3166.59,0,0
1407,0,0,0,3166.59,0,0
7887,0,0,0,3166.59,0,0
5062,25.6607,60.1688,5.89918,3484.53,2.34478,7.28137
8527,0,0,0,3166.59,0,0
6703,26.0346,75.6638,6.60783,3506.36,2.90628,7.02387
4806,0,0,0,3166.59,0,0
3737,0,0,0,3166.59,0,0
7637,0,0,0,3166.59,0,0
1880,0,0,0,3166.59,0,0
5090,0,0,0,3166.59,0,0
1875,0,0,0,3166.59,0,0
239,0,0,0,3166.59,0,0
9766,0,0,0,3166.59,0,0
7291,0,0,0,3166.59,0,0
7428,0,0,0,3166.59,0,0
3604,0,0,0,3166.59,0,0
9027,28.4616,48.1059,4.48417,3448.74,1.6902,5.35116
8657,0,0,0,3166.59,0,0
3629,0,0,0,3166.59,0,0
1971,0,0,0,3166.59,0,0
4770,0,0,0,3166.59,0,0
5393,0,0,0,3166.59,0,0
6099,0,0,0,3166.59,0,0
1546,0,0,0,3166.59,0,0
1647,36.9771,51.3013,4.44148,3411.9,1.38738,5.17735
5900,0,0,0,3166.59,0,0
9682,0,0,0,3166.59,0,0
8964,33.1033,37.4959,3.09528,3374.54,1.13269,3.48621
3707,0,0,0,3166.59,0,0
8238,0,0,0,3166.59,0,0
8398,0,0,0,3166.59,0,0
8068,0,0,0,3166.59,0,0
4868,29.8834,70.7614,5.97425,3485.59,2.36792,6.76258
6213,28.2477,37.9014,3.55097,3405.99,1.34175,3.87887
2003,0,0,0,3166.59,0,0
1968,0,0,0,3166.59,0,0
9742,0,0,0,3166.59,0,0
6712,0,0,0,3166.59,0,0
9145,0,0,0,3166.59,0,0
7233,0,0,0,3166.59,0,0
3117,0,0,0,3166.59,0,0
8573,0,0,0,3166.59,0,0
8869,26.0982,57.6322,6.42557,3478.57,2.20828,7.1312
9350,28.3292,30.0042,2.39621,3366.36,1.05913,2.94038
1211,27.3546,63.8246,6.21843,3484,2.33324,7.02326
8330,0,0,0,3166.59,0,0
5213,25.5414,69.192,5.82756,3499.06,2.70902,7.16083
443,34.4185,43.35,4.02476,3393.86,1.2595,4.59256
4894,0,0,0,3166.59,0,0
3979,0,0,0,3166.59,0,0
5158,0,0,0,3166.59,0,0
3675,0,0,0,3166.59,0,0
5806,0,0,0,3166.59,0,0
8392,27.9033,36.0316,2.71639,3398.98,1.2913,3.14332
6979,0,0,0,3166.59,0,0
8714,26.7021,72.5812,6.27018,3499.4,2.71818,6.9752
704,29.197,74.0934,5.68943,3492.74,2.53771,6.87663
6755,0,0,0,3166.59,0,0
3779,0,0,0,3166.59,0,0
5412,0,0,0,3166.59,0,0
7048,0,0,0,3166.59,0,0
4252,0,0,0,3166.59,0,0
1491,0,0,0,3166.59,0,0
9296,0,0,0,3166.59,0,0
5622,0,0,0,3166.59,0,0
8013,0,0,0,3166.59,0,0
3366,0,0,0,3166.59,0,0
5762,0,0,0,3166.59,0,0
6385,0,0,0,3166.59,0,0
8147,0,0,0,3166.59,0,0
1659,23.2637,73.9053,6.8181,3516.38,3.17685,7.59635
3559,33.0722,52.3166,4.45645,3436.28,1.58189,5.12109
9340,0,0,0,3166.59,0,0
6710,0,0,0,3166.59,0,0
9673,23.0305,60.9391,6.69541,3496.73,2.64601,7.74345
6402,34.8606,44.295,4.38804,3395.65,1.27063,4.97675
1467,0,0,0,3166.59,0,0
6541,0,0,0,3166.59,0,0
2817,0,0,0,3166.59,0,0
6863,0,0,0,3166.59,0,0
3755,0,0,0,3166.59,0,0
6658,0,0,0,3166.59,0,0
2016,0,0,0,3166.59,0,0
4236,0,0,0,3166.59,0,0
5649,0,0,0,3166.59,0,0
8016,0,0,0,3166.59,0,0
9269,0,0,0,3166.59,0,0
6014,0,0,0,3166.59,0,0
6810,0,0,0,3166.59,0,0
8105,26.3097,39.5342,4.13547,3425.99,1.50265,4.83101
5247,0,0,0,3166.59,0,0
4751,0,0,0,3166.59,0,0
9214,0,0,0,3166.59,0,0
9067,0,0,0,3166.59,0,0
4954,0,0,0,3166.59,0,0
5498,0,0,0,3166.59,0,0
4546,0,0,0,3166.59,0,0
1690,0,0,0,3166.59,0,0
5061,29.2551,58.5028,5.60539,3470.75,1.99975,6.56649
1457,0,0,0,3166.59,0,0
1090,0,0,0,3166.59,0,0
7137,0,0,0,3166.59,0,0
9233,0,0,0,3166.59,0,0
5396,0,0,0,3166.59,0,0
7269,0,0,0,3166.59,0,0
167,0,0,0,3166.59,0,0
4745,37.8274,72.6336,5.83775,3466.17,1.92013,6.57729
3340,0,0,0,3166.59,0,0
8142,0,0,0,3166.59,0,0
8011,32.267,51.7082,4.53419,3438.97,1.60251,5.04118
3594,0,0,0,3166.59,0,0
3845,0,0,0,3166.59,0,0
1788,34.4042,56.6361,4.79646,3443.92,1.6462,5.15439
8614,0,0,0,3166.59,0,0
5133,0,0,0,3166.59,0,0
8781,0,0,0,3166.59,0,0
9821,0,0,0,3166.59,0,0
6625,0,0,0,3166.59,0,0
5879,0,0,0,3166.59,0,0
8065,0,0,0,3166.59,0,0
1091,0,0,0,3166.59,0,0
2395,0,0,0,3166.59,0,0
1693,0,0,0,3166.59,0,0
4813,0,0,0,3166.59,0,0
2915,0,0,0,3166.59,0,0
9686,0,0,0,3166.59,0,0
1370,0,0,0,3166.59,0,0
8501,0,0,0,3166.59,0,0
4149,0,0,0,3166.59,0,0
3392,0,0,0,3166.59,0,0
539,0,0,0,3166.59,0,0
6787,0,0,0,3166.59,0,0
5111,0,0,0,3166.59,0,0
3300,26.3622,62.4929,6.50457,3485.71,2.37055,7.44116
4096,26.2535,46.9769,4.61037,3457.17,1.78936,5.23893
9660,0,0,0,3166.59,0,0
5033,29.645,31.0714,3.77522,3365.37,1.04812,4.25064
7579,0,0,0,3166.59,0,0
9889,30.0998,66.6055,5.267,3478.74,2.21282,5.93561
5268,0,0,0,3166.59,0,0
8827,0,0,0,3166.59,0,0
3128,0,0,0,3166.59,0,0
2232,28.8238,90.7725,6.46753,3515.35,3.14922,7.29791
3104,0,0,0,3166.59,0,0
8493,25.8758,77.8976,6.40169,3510.21,3.01045,7.29748
5362,0,0,0,3166.59,0,0
3270,0,0,0,3166.59,0,0
41,0,0,0,3166.59,0,0
6468,27.2359,42.9412,4.01765,3435.59,1.57664,5.0009
8063,29.4694,77.6262,6.28123,3496.29,2.63413,7.25953
8239,0,0,0,3166.59,0,0
2976,0,0,0,3166.59,0,0
9659,0,0,0,3166.59,0,0
8308,0,0,0,3166.59,0,0
8844,38.7615,43.8986,3.46001,3374.52,1.13253,4.24296
6155,0,0,0,3166.59,0,0
7766,23.5438,62.7677,5.48319,3497.47,2.666,6.62678
1724,0,0,0,3166.59,0,0
1017,0,0,0,3166.59,0,0
440,32.9013,64.0084,4.58742,3467.8,1.94546,4.82516
2691,0,0,0,3166.59,0,0
9042,0,0,0,3166.59,0,0
9181,0,0,0,3166.59,0,0
5540,0,0,0,3166.59,0,0
7835,31.772,58.5063,4.44942,3461.12,1.84144,4.97051
7954,0,0,0,3166.59,0,0
9818,0,0,0,3166.59,0,0
1346,0,0,0,3166.59,0,0
9914,0,0,0,3166.59,0,0
4755,0,0,0,3166.59,0,0
8510,0,0,0,3166.59,0,0
5345,0,0,0,3166.59,0,0
7964,0,0,0,3166.59,0,0
6800,0,0,0,3166.59,0,0
7482,0,0,0,3166.59,0,0
3668,0,0,0,3166.59,0,0
2380,0,0,0,3166.59,0,0
7313,0,0,0,3166.59,0,0
91,0,0,0,3166.59,0,0
2424,0,0,0,3166.59,0,0
809,0,0,0,3166.59,0,0
7345,0,0,0,3166.59,0,0
1092,0,0,0,3166.59,0,0
8263,0,0,0,3166.59,0,0
444,0,0,0,3166.59,0,0
4256,0,0,0,3166.59,0,0
4828,0,0,0,3166.59,0,0
1303,0,0,0,3166.59,0,0
2836,0,0,0,3166.59,0,0
9612,0,0,0,3166.59,0,0
9943,0,0,0,3166.59,0,0
4555,0,0,0,3166.59,0,0
9031,0,0,0,3166.59,0,0
9891,0,0,0,3166.59,0,0
8162,0,0,0,3166.59,0,0
4295,28.6286,44.5082,4.6304,3432.72,1.55467,5.31907
8084,0,0,0,3166.59,0,0
3303,0,0,0,3166.59,0,0
3514,0,0,0,3166.59,0,0
3163,0,0,0,3166.59,0,0
4633,26.5851,40.0152,3.84529,3426.32,1.50518,4.5789
6303,0,0,0,3166.59,0,0
308,0,0,0,3166.59,0,0
4346,0,0,0,3166.59,0,0
3540,0,0,0,3166.59,0,0
7171,0,0,0,3166.59,0,0
8381,0,0,0,3166.59,0,0
9148,27.1101,84.8196,6.19766,3514.59,3.12871,6.73421
6882,0,0,0,3166.59,0,0
7979,0,0,0,3166.59,0,0
9425,28.7418,82.1328,6.39015,3504.55,2.8576,7.40581
4785,31.2326,50.64,4.72076,3441.21,1.62138,5.33693
5869,26.8157,83.3173,6.61988,3513.79,3.10704,7.2983
4333,0,0,0,3166.59,0,0
9162,0,0,0,3166.59,0,0
1165,37.1416,69.8092,5.85933,3463.57,1.87954,6.84346
9803,32.6751,56.1751,5.19245,3451.43,1.7192,5.7364
3924,26.7404,47.354,4.90711,3455.66,1.77088,5.79419
7534,0,0,0,3166.59,0,0
4784,28.5497,63.3281,5.07319,3478.94,2.21817,5.68671
1967,0,0,0,3166.59,0,0
7946,0,0,0,3166.59,0,0
6603,0,0,0,3166.59,0,0
515,0,0,0,3166.59,0,0
8739,0,0,0,3166.59,0,0
3551,0,0,0,3166.59,0,0
7323,0,0,0,3166.59,0,0
7271,22.8871,65.0581,6.563,3504,2.84257,7.46723
7500,0,0,0,3166.59,0,0
5244,0,0,0,3166.59,0,0
3711,0,0,0,3166.59,0,0
8635,0,0,0,3166.59,0,0
5386,0,0,0,3166.59,0,0
7136,0,0,0,3166.59,0,0
5509,0,0,0,3166.59,0,0
647,22.6169,61.5926,6.75426,3499.59,2.7233,8.1094
2221,35.954,72.1436,5.96519,3471,2.00655,6.67123
8574,0,0,0,3166.59,0,0
2407,0,0,0,3166.59,0,0
7419,0,0,0,3166.59,0,0
9983,24.8425,74.1423,7.34949,3509.25,2.98449,7.82504
2622,33.7214,57.7288,4.35303,3450.83,1.71193,4.63751
2715,23.5318,69.7262,6.94513,3508.46,2.96306,8.20396
6168,0,0,0,3166.59,0,0
220,0,0,0,3166.59,0,0
9272,27.3154,68.8277,7.09045,3492.07,2.51974,7.64952
3107,0,0,0,3166.59,0,0
6983,0,0,0,3166.59,0,0
3820,0,0,0,3166.59,0,0
3949,0,0,0,3166.59,0,0
2349,0,0,0,3166.59,0,0
3990,0,0,0,3166.59,0,0
5922,0,0,0,3166.59,0,0
7857,0,0,0,3166.59,0,0
8879,29.7857,42.5311,3.83307,3416.69,1.4279,4.20622
2882,0,0,0,3166.59,0,0
9352,0,0,0,3166.59,0,0
7447,0,0,0,3166.59,0,0
5768,0,0,0,3166.59,0,0
3309,0,0,0,3166.59,0,0
2231,0,0,0,3166.59,0,0
9060,0,0,0,3166.59,0,0
130,0,0,0,3166.59,0,0
2090,29.4485,41.478,4.20577,3414.39,1.40849,4.77086
1514,29.8896,46.8478,4.95929,3434.38,1.56736,5.61184
1312,0,0,0,3166.59,0,0
4500,0,0,0,3166.59,0,0
6497,0,0,0,3166.59,0,0
9215,0,0,0,3166.59,0,0
5851,27.7285,50.797,4.254,3460.51,1.83194,4.81233
1291,0,0,0,3166.59,0,0
602,0,0,0,3166.59,0,0
4282,0,0,0,3166.59,0,0
7709,0,0,0,3166.59,0,0
5286,32.0767,39.6648,3.42873,3390.16,1.23656,3.71195
315,0,0,0,3166.59,0,0
9717,25.5376,69.7029,6.81333,3499.81,2.72943,7.72806
5635,0,0,0,3166.59,0,0
5845,0,0,0,3166.59,0,0
1890,0,0,0,3166.59,0,0
8174,0,0,0,3166.59,0,0
7193,0,0,0,3166.59,0,0
3052,24.4313,64.2662,6.92815,3496.16,2.63049,7.83446
6157,0,0,0,3166.59,0,0
8207,28.3677,28.3051,3.08331,3360.86,0.997791,3.5445
7935,0,0,0,3166.59,0,0
868,0,0,0,3166.59,0,0
7736,0,0,0,3166.59,0,0
6848,0,0,0,3166.59,0,0
1438,30.1792,47.6099,4.52609,3435.71,1.57757,5.04744
2584,26.6913,40.8023,4.17336,3429.33,1.52867,4.63308
7920,33.5221,78.9487,5.89061,3485,2.35512,7.04393
3772,31.5929,71.8206,6.13397,3481.24,2.27332,6.84588
5626,0,0,0,3166.59,0,0
8148,0,0,0,3166.59,0,0
7292,35.3142,55.3209,3.89002,3434.27,1.56654,4.45106
2080,24.3966,79.4708,6.4897,3519.36,3.25745,7.77478
8228,0,0,0,3166.59,0,0
2533,0,0,0,3166.59,0,0
4481,0,0,0,3166.59,0,0
1927,30.2576,41.0073,4.48001,3407.82,1.35527,4.81949
1201,0,0,0,3166.59,0,0
8551,22.9272,61.2292,6.62097,3497.64,2.6706,7.23785
2115,0,0,0,3166.59,0,0
8081,0,0,0,3166.59,0,0
3691,0,0,0,3166.59,0,0
8777,0,0,0,3166.59,0,0
1469,0,0,0,3166.59,0,0
6683,0,0,0,3166.59,0,0
7317,32.3692,61.4834,6.02962,3464.84,1.89944,6.29826
5175,0,0,0,3166.59,0,0
3964,0,0,0,3166.59,0,0
783,33.6316,38.3738,3.39863,3375.69,1.14101,3.73277
2951,0,0,0,3166.59,0,0
3878,0,0,0,3166.59,0,0
4778,0,0,0,3166.59,0,0
3100,0,0,0,3166.59,0,0
6071,0,0,0,3166.59,0,0
420,0,0,0,3166.59,0,0
3185,29.4161,83.8147,6.73593,3504.25,2.84928,7.40898
512,0,0,0,3166.59,0,0
5289,29.4703,46.5705,4.69893,3436.06,1.58025,5.50014
3704,0,0,0,3166.59,0,0
2079,0,0,0,3166.59,0,0
79,0,0,0,3166.59,0,0
439,0,0,0,3166.59,0,0
3609,0,0,0,3166.59,0,0
7035,0,0,0,3166.59,0,0
3848,0,0,0,3166.59,0,0
5265,0,0,0,3166.59,0,0
236,0,0,0,3166.59,0,0
2611,37.5048,48.2043,5.10888,3398.01,1.28528,5.79053
8487,38.6362,60.1719,4.29351,3433.07,1.5574,5.01001
257,29.1393,63.2988,4.96408,3477.22,2.17229,5.98611
1104,0,0,0,3166.59,0,0
6850,0,0,0,3166.59,0,0
7654,30.1455,51.0212,4.66996,3448.99,1.6925,5.476
3699,0,0,0,3166.59,0,0
112,0,0,0,3166.59,0,0
3011,36.3761,42.9641,4.04362,3381.38,1.18111,4.49893
6934,0,0,0,3166.59,0,0
9068,0,0,0,3166.59,0,0
7667,0,0,0,3166.59,0,0
1114,26.5424,50.854,5.62755,3465.9,1.91596,6.37318
1746,41.0875,78.8766,6.21801,3466.14,1.91972,6.8703
4279,0,0,0,3166.59,0,0
1821,0,0,0,3166.59,0,0
7757,33.0872,55.9599,5.42878,3448.85,1.69128,6.35322
1779,0,0,0,3166.59,0,0
8132,29.6417,48.8326,4.82385,3444.06,1.64743,5.39845
7702,0,0,0,3166.59,0,0
6502,0,0,0,3166.59,0,0
6559,35.7882,44.3237,4.74548,3390.47,1.2385,5.48208
4213,0,0,0,3166.59,0,0
5846,0,0,0,3166.59,0,0
2186,0,0,0,3166.59,0,0
3787,0,0,0,3166.59,0,0
9819,30.0478,68.3543,6.51314,3481.31,2.27485,7.44813
8446,0,0,0,3166.59,0,0
8768,0,0,0,3166.59,0,0
5982,0,0,0,3166.59,0,0
1236,0,0,0,3166.59,0,0
666,0,0,0,3166.59,0,0
1440,0,0,0,3166.59,0,0
3265,0,0,0,3166.59,0,0
5192,0,0,0,3166.59,0,0
4987,0,0,0,3166.59,0,0
9137,0,0,0,3166.59,0,0
8579,0,0,0,3166.59,0,0
3771,0,0,0,3166.59,0,0
2961,23.0921,67.1627,6.36885,3506.44,2.90847,6.74716
8305,41.0307,61.9509,5.27103,3426.92,1.50987,5.7814
5129,0,0,0,3166.59,0,0
6136,0,0,0,3166.59,0,0
3532,0,0,0,3166.59,0,0
7235,0,0,0,3166.59,0,0
6034,0,0,0,3166.59,0,0
430,0,0,0,3166.59,0,0
3560,23.4323,75.0308,7.19329,3517.31,3.20202,8.2632
1738,0,0,0,3166.59,0,0
4098,0,0,0,3166.59,0,0
1482,0,0,0,3166.59,0,0
8145,0,0,0,3166.59,0,0
7917,0,0,0,3166.59,0,0
8165,0,0,0,3166.59,0,0
685,29.9683,43.4571,3.90964,3419.31,1.45011,4.81128
3898,0,0,0,3166.59,0,0
7506,32.5945,63.7698,5.84163,3468.5,1.95646,6.53555
7211,0,0,0,3166.59,0,0
7655,24.6531,58.0652,6.54164,3485.01,2.35529,7.81995
4066,0,0,0,3166.59,0,0
5161,0,0,0,3166.59,0,0
8966,38.5514,66.9355,4.52806,3452.82,1.73627,5.30032
2854,0,0,0,3166.59,0,0
5307,0,0,0,3166.59,0,0
6081,0,0,0,3166.59,0,0
244,0,0,0,3166.59,0,0
184,36.6105,64.0263,5.70649,3453.85,1.74885,6.25383
7344,27.4443,70.8493,6.67518,3494.35,2.58157,7.80882
2472,0,0,0,3166.59,0,0
4999,0,0,0,3166.59,0,0
5459,26.0234,45.4418,5.28959,3453.64,1.74619,6.15416
372,27.8057,62.6408,5.66219,3480.29,2.25281,6.43341
9606,0,0,0,3166.59,0,0
8465,0,0,0,3166.59,0,0
1475,0,0,0,3166.59,0,0
2700,0,0,0,3166.59,0,0
7658,0,0,0,3166.59,0,0
967,0,0,0,3166.59,0,0
3663,0,0,0,3166.59,0,0
6252,0,0,0,3166.59,0,0
6129,0,0,0,3166.59,0,0
8634,0,0,0,3166.59,0,0
5517,0,0,0,3166.59,0,0
4274,0,0,0,3166.59,0,0
5303,0,0,0,3166.59,0,0
8157,34.2336,39.8158,3.53869,3378.72,1.16306,4.19361
2256,0,0,0,3166.59,0,0
593,0,0,0,3166.59,0,0
3564,0,0,0,3166.59,0,0
4588,0,0,0,3166.59,0,0
6405,0,0,0,3166.59,0,0
3310,0,0,0,3166.59,0,0
4988,27.6913,78.5803,6.35739,3503.82,2.83773,7.39717
7555,0,0,0,3166.59,0,0
8495,0,0,0,3166.59,0,0
3489,37.6511,67.2928,5.26888,3457,1.78727,6.25489
7431,0,0,0,3166.59,0,0
8525,0,0,0,3166.59,0,0
2997,0,0,0,3166.59,0,0
8688,0,0,0,3166.59,0,0
9865,0,0,0,3166.59,0,0
8587,36.0076,49.6136,4.70106,3410.77,1.37786,5.35103
4486,0,0,0,3166.59,0,0
2403,0,0,0,3166.59,0,0
4341,0,0,0,3166.59,0,0
1500,0,0,0,3166.59,0,0
8326,0,0,0,3166.59,0,0
8512,0,0,0,3166.59,0,0
9318,0,0,0,3166.59,0,0
6176,0,0,0,3166.59,0,0
5044,29.7303,72.5397,6.39465,3488.91,2.43992,7.83857
5733,0,0,0,3166.59,0,0
3426,31.5407,58.6431,6.64302,3462.27,1.85928,7.52291
101,26.044,55.4056,5.06105,3475.53,2.12738,5.70738
8434,0,0,0,3166.59,0,0
7349,0,0,0,3166.59,0,0
4731,0,0,0,3166.59,0,0
7122,0,0,0,3166.59,0,0
5231,26.9496,63.5099,5.48361,3485.07,2.35661,6.53656
8439,0,0,0,3166.59,0,0
9247,27.7049,53.5534,5.23252,3467,1.93299,6.00651
3874,0,0,0,3166.59,0,0
7517,0,0,0,3166.59,0,0
6918,32.7283,82.5531,6.88561,3492.17,2.52238,7.47018
3248,0,0,0,3166.59,0,0
3268,0,0,0,3166.59,0,0
3908,0,0,0,3166.59,0,0
1731,36.424,81.0235,6.72927,3479.17,2.22446,7.27994
9164,0,0,0,3166.59,0,0
8803,0,0,0,3166.59,0,0
5910,0,0,0,3166.59,0,0
7012,29.1422,66.4023,6.67725,3481.48,2.27856,7.43953
794,0,0,0,3166.59,0,0
2088,0,0,0,3166.59,0,0
8987,0,0,0,3166.59,0,0
9482,0,0,0,3166.59,0,0
3897,0,0,0,3166.59,0,0
4568,0,0,0,3166.59,0,0
1474,0,0,0,3166.59,0,0
1355,23.0676,70.9715,6.68767,3512.66,3.07667,8.41027
9616,0,0,0,3166.59,0,0
7646,0,0,0,3166.59,0,0
8709,0,0,0,3166.59,0,0
9746,31.1166,47.5925,5.06337,3429.43,1.52949,5.49273
8547,0,0,0,3166.59,0,0
4312,0,0,0,3166.59,0,0
3454,30.7649,86.2414,6.90614,3502.54,2.80324,7.61836
4137,0,0,0,3166.59,0,0
2643,31.8937,47.7232,4.51109,3425.18,1.49632,5.18808
6434,0,0,0,3166.59,0,0
7847,0,0,0,3166.59,0,0
5176,0,0,0,3166.59,0,0
2497,0,0,0,3166.59,0,0
8310,33.0554,62.9672,6.54618,3465.19,1.9049,7.98889
2698,0,0,0,3166.59,0,0
6552,0,0,0,3166.59,0,0
8934,33.8535,45.0385,3.8322,3404.45,1.33039,4.43924
4383,0,0,0,3166.59,0,0
4127,0,0,0,3166.59,0,0
3538,0,0,0,3166.59,0,0
7028,0,0,0,3166.59,0,0
9611,29.6172,61.0167,5.84698,3473.01,2.06018,6.33298
4348,0,0,0,3166.59,0,0
2786,0,0,0,3166.59,0,0
2583,0,0,0,3166.59,0,0
6401,0,0,0,3166.59,0,0
8809,0,0,0,3166.59,0,0
1044,37.7324,66.3454,4.83298,3454.63,1.75831,5.52626
2960,0,0,0,3166.59,0,0
2864,0,0,0,3166.59,0,0
4031,0,0,0,3166.59,0,0
288,0,0,0,3166.59,0,0
8067,0,0,0,3166.59,0,0
312,27.5526,61.1946,6.22586,3479.04,2.22101,6.86469
4635,0,0,0,3166.59,0,0
9886,0,0,0,3166.59,0,0
2073,0,0,0,3166.59,0,0
6278,0,0,0,3166.59,0,0
2992,0,0,0,3166.59,0,0
2502,34.7394,56.0307,4.94067,3440.28,1.61288,5.57856
9246,0,0,0,3166.59,0,0
1214,0,0,0,3166.59,0,0
3351,0,0,0,3166.59,0,0
2821,26.5344,64.5508,7.53567,3488.58,2.43272,8.24789
248,0,0,0,3166.59,0,0
3275,33.5916,51.5485,4.28418,3430.09,1.53457,4.86357
5641,0,0,0,3166.59,0,0
7229,0,0,0,3166.59,0,0
16,31.9108,55.8321,6.12546,3453.92,1.74963,6.48927
2230,0,0,0,3166.59,0,0
7761,34.7892,43.7262,4.60131,3393.44,1.25689,5.18679
1009,0,0,0,3166.59,0,0
9563,0,0,0,3166.59,0,0
6143,0,0,0,3166.59,0,0
6243,0,0,0,3166.59,0,0
4509,29.3804,49.3774,4.27744,3447.69,1.68063,5.06186
6864,0,0,0,3166.59,0,0
5042,0,0,0,3166.59,0,0
918,0,0,0,3166.59,0,0
6229,0,0,0,3166.59,0,0
17,0,0,0,3166.59,0,0
649,0,0,0,3166.59,0,0
2087,0,0,0,3166.59,0,0
8482,0,0,0,3166.59,0,0
9110,0,0,0,3166.59,0,0
7883,26.6549,77.561,8.14083,3506.49,2.90982,9.30862
9583,34.3438,77.8038,6.61506,3480.87,2.26544,7.47627
4095,0,0,0,3166.59,0,0
8606,0,0,0,3166.59,0,0
980,0,0,0,3166.59,0,0
4673,29.8696,56.8712,4.50095,3465.14,1.90399,5.31805
7635,29.555,57.8994,6.23774,3468.67,1.95904,7.08605
6220,29.5909,77.7229,6.72134,3496.02,2.62658,7.66032
8494,34.9812,50.6911,4.2915,3419.19,1.4491,4.87049
8370,0,0,0,3166.59,0,0
7392,0,0,0,3166.59,0,0
2541,35.1923,56.2246,5.268,3438.34,1.59764,6.48895
8417,0,0,0,3166.59,0,0
5428,30.0531,42.9633,4.64562,3416.89,1.42958,5.20863
453,0,0,0,3166.59,0,0
9759,0,0,0,3166.59,0,0
2192,0,0,0,3166.59,0,0
3671,0,0,0,3166.59,0,0
2628,0,0,0,3166.59,0,0
8763,35.795,65.1757,5.87826,3459.74,1.8208,6.54907
8929,0,0,0,3166.59,0,0
2589,31.7757,61.6895,4.67347,3467.54,1.94141,5.87297
728,0,0,0,3166.59,0,0
3097,33.5912,47.7278,4.86101,3415.85,1.42084,5.58431
1798,33.3979,77.498,6.33991,3483.41,2.32045,7.14203
7324,0,0,0,3166.59,0,0
1676,0,0,0,3166.59,0,0
977,0,0,0,3166.59,0,0
1245,24.6408,66.5473,6.82625,3498.75,2.7007,7.91263
5748,0,0,0,3166.59,0,0
9813,0,0,0,3166.59,0,0
4047,35.2439,85.649,6.26729,3488.46,2.43018,7.12656
5198,30.67,46.373,4.11389,3427.19,1.512,4.45547
8864,0,0,0,3166.59,0,0
4131,0,0,0,3166.59,0,0
7327,0,0,0,3166.59,0,0
9336,0,0,0,3166.59,0,0
9494,0,0,0,3166.59,0,0
748,25.4591,78.8256,6.93317,3513.39,3.09616,8.54975
1726,24.1971,92.8539,7.56135,3537.05,3.83739,8.88907
8466,28.1676,68.0032,6.96724,3487.73,2.41424,7.7043
7801,29.065,72.6572,6.38574,3491.34,2.49982,7.41743
9719,0,0,0,3166.59,0,0
6027,23.2126,77.87,7.40778,3522.59,3.35465,8.9094
5673,0,0,0,3166.59,0,0
2881,0,0,0,3166.59,0,0
2361,0,0,0,3166.59,0,0
4060,40.4961,67.5108,5.15381,3446.21,1.66709,5.85261
1267,0,0,0,3166.59,0,0
4793,0,0,0,3166.59,0,0
9420,0,0,0,3166.59,0,0
9588,0,0,0,3166.59,0,0
1804,0,0,0,3166.59,0,0
2021,23.4713,71.5831,7.78715,3511.67,3.04981,8.76466
4398,0,0,0,3166.59,0,0
3126,30.9052,79.0918,7.21893,3493.53,2.55918,7.87942
7949,0,0,0,3166.59,0,0
3590,0,0,0,3166.59,0,0
3354,0,0,0,3166.59,0,0
8408,0,0,0,3166.59,0,0
8785,33.6553,82.5518,6.96273,3489.51,2.45286,7.79994
6604,0,0,0,3166.59,0,0
7432,30.5868,61.8448,5.56461,3471.58,2.02194,6.48496
1173,0,0,0,3166.59,0,0
1811,0,0,0,3166.59,0,0
4061,0,0,0,3166.59,0,0
5495,37.6911,46.1487,4.80118,3388.23,1.22439,5.15554
909,0,0,0,3166.59,0,0
4328,28.3953,62.8157,6.28083,3478.71,2.21219,7.28955
8602,0,0,0,3166.59,0,0
4052,24.618,71.6095,7.5604,3506.45,2.90883,8.66742
1843,30.2264,72.2872,5.62866,3486.68,2.39153,6.23492
7863,0,0,0,3166.59,0,0
6249,0,0,0,3166.59,0,0
9956,31.1734,37.3445,3.82167,3384.05,1.19796,4.46611
9750,0,0,0,3166.59,0,0
3349,0,0,0,3166.59,0,0
8752,31.7739,54.6613,6.02093,3451.52,1.72032,7.03369
7642,0,0,0,3166.59,0,0
4642,0,0,0,3166.59,0,0
8989,27.408,61.6758,5.37174,3480.17,2.25028,6.31498
7255,26.558,58.2879,5.5075,3478.06,2.19474,6.5597
9445,0,0,0,3166.59,0,0
5409,0,0,0,3166.59,0,0
1478,27.782,73.1446,6.7281,3496.25,2.6328,8.29532
8639,0,0,0,3166.59,0,0
8302,0,0,0,3166.59,0,0
8948,0,0,0,3166.59,0,0
2727,28.2695,49.1546,5.51771,3453.03,1.73879,6.24431
4441,32.1583,71.4521,6.67529,3479.08,2.22189,7.55986
1688,0,0,0,3166.59,0,0
8877,30.3652,45.4343,5.11331,3425.17,1.49627,5.4681
4677,0,0,0,3166.59,0,0
3056,25.2421,70.2871,7.55681,3501.85,2.78452,8.61669
6977,0,0,0,3166.59,0,0
2911,0,0,0,3166.59,0,0
4993,0,0,0,3166.59,0,0
9725,0,0,0,3166.59,0,0
569,0,0,0,3166.59,0,0
181,0,0,0,3166.59,0,0
8125,35.6294,42.2668,4.48418,3382.2,1.18629,5.16328
2278,24.7579,71.9021,7.13079,3506.28,2.9042,8.19741
7312,0,0,0,3166.59,0,0
2321,0,0,0,3166.59,0,0
4363,0,0,0,3166.59,0,0
8150,0,0,0,3166.59,0,0
8222,0,0,0,3166.59,0,0
429,0,0,0,3166.59,0,0
7890,29.358,62.9455,4.75662,3476.16,2.14407,5.55267
1834,35.6546,48.2128,4.78348,3407.41,1.35222,5.47776
5565,0,0,0,3166.59,0,0
6956,34.472,50.8172,4.19547,3422.34,1.47416,4.65244
6641,38.4741,61.5183,5.61297,3438.51,1.59895,6.78273
349,36.0448,46.8213,4.83413,3400.19,1.29898,5.31389
6955,24.6235,56.8751,5.92439,3482.91,2.30979,7.36967
9083,0,0,0,3166.59,0,0
4194,32.6466,61.4673,5.0289,3463.78,1.88281,5.89869
3158,0,0,0,3166.59,0,0
6467,27.1664,61.2349,6.64618,3480.35,2.25407,8.28245
8290,25.7468,62.6605,5.72832,3488.62,2.43372,6.73
5713,0,0,0,3166.59,0,0
1101,0,0,0,3166.59,0,0
9106,0,0,0,3166.59,0,0
2458,0,0,0,3166.59,0,0
118,0,0,0,3166.59,0,0
153,0,0,0,3166.59,0,0
5503,0,0,0,3166.59,0,0
493,33.1351,67.288,6.35447,3471.91,2.03072,7.40582
786,23.5034,58.5925,6.02671,3491.08,2.49294,7.06467
5744,0,0,0,3166.59,0,0
7210,33.7785,70.9712,6.62582,3474.55,2.10108,7.65647
5586,0,0,0,3166.59,0,0
80,0,0,0,3166.59,0,0
2802,0,0,0,3166.59,0,0
4142,0,0,0,3166.59,0,0
9535,32.269,75.9808,7.17501,3484.98,2.35461,7.83977
6239,0,0,0,3166.59,0,0
9518,35.206,51.0931,4.13947,3419.45,1.45126,4.76684
6372,33.2991,54.7755,4.93064,3443.78,1.64495,5.89137
404,29.7854,60.1876,5.86728,3471.53,2.02071,6.44916
9953,0,0,0,3166.59,0,0
3240,0,0,0,3166.59,0,0
3285,31.3772,56.872,5.63143,3459.07,1.81253,6.42142
6191,0,0,0,3166.59,0,0
1060,32.3159,51.3135,4.26687,3437.06,1.58787,5.04123
3650,32.1832,95.7636,7.5592,3508.92,2.97557,8.54261
4796,25.3039,82.6804,7.49515,3519.74,3.26749,8.50419
2131,40.4111,79.985,6.60806,3469.97,1.97928,7.59626
2095,36.9845,55.0348,4.99145,3424.12,1.48805,5.75244
5784,0,0,0,3166.59,0,0
9532,32.4811,66.7964,6.5919,3472.87,2.05647,7.91669
2504,22.9664,60.9587,6.50047,3497.04,2.65426,8.19195
5404,32.6283,61.0254,6.73934,3462.98,1.87032,8.2109
3055,0,0,0,3166.59,0,0
1826,31.0499,49.4519,4.62104,3437.68,1.59266,4.95622
1481,36.6478,89.3349,6.33889,3488.81,2.43766,7.93735
8737,0,0,0,3166.59,0,0
7444,0,0,0,3166.59,0,0
7762,28.0057,54.4131,5.28158,3467.63,1.94293,6.13317
8032,0,0,0,3166.59,0,0
7384,0,0,0,3166.59,0,0
9213,24.4637,77.7248,7.4547,3516.39,3.17715,9.05497
7988,0,0,0,3166.59,0,0
9037,0,0,0,3166.59,0,0
5898,34.654,71.1107,7.30541,3472.71,2.05202,7.55129
1744,0,0,0,3166.59,0,0
1057,0,0,0,3166.59,0,0
5035,0,0,0,3166.59,0,0
6286,0,0,0,3166.59,0,0
9491,0,0,0,3166.59,0,0
5151,0,0,0,3166.59,0,0
9022,29.649,70.1848,6.3354,3485.56,2.36719,6.99059
6587,0,0,0,3166.59,0,0
5439,0,0,0,3166.59,0,0
8999,0,0,0,3166.59,0,0
4471,0,0,0,3166.59,0,0
7735,37.4264,81.7865,6.90419,3477.7,2.18526,7.7056
6608,0,0,0,3166.59,0,0
5417,25.4401,76.0795,7.09245,3509.47,2.99053,8.59286
5131,34.3261,62.8271,4.86969,3460.41,1.8303,5.44924
9525,0,0,0,3166.59,0,0
2166,0,0,0,3166.59,0,0
8266,0,0,0,3166.59,0,0
6052,0,0,0,3166.59,0,0
1332,32.4395,68.2315,6.73211,3474.63,2.10335,8.13671
3920,0,0,0,3166.59,0,0
37,41.8356,59.3781,6.00194,3415.67,1.41932,6.48731
570,0,0,0,3166.59,0,0
1063,0,0,0,3166.59,0,0
4841,0,0,0,3166.59,0,0
8300,0,0,0,3166.59,0,0
5115,0,0,0,3166.59,0,0
5693,0,0,0,3166.59,0,0
6728,25.8019,77.6803,7.71051,3510.22,3.01064,8.41754
5064,0,0,0,3166.59,0,0
8342,0,0,0,3166.59,0,0
7426,32.7772,67.1975,6.95922,3472.64,2.05013,7.96208
9430,0,0,0,3166.59,0,0
9286,0,0,0,3166.59,0,0
4938,29.4544,79.0232,7.26673,3498.1,2.6829,8.26457
7347,0,0,0,3166.59,0,0
3685,0,0,0,3166.59,0,0
1681,0,0,0,3166.59,0,0
2013,0,0,0,3166.59,0,0
3004,31.0638,45.3013,4.78891,3420.31,1.45833,6.12719
4707,0,0,0,3166.59,0,0
610,29.3334,45.5139,4.10107,3432.32,1.55161,4.62619
5411,0,0,0,3166.59,0,0
4418,37.1221,57.0767,5.06719,3430.48,1.53754,5.86433
3471,28.2589,78.6935,7.13291,3501.86,2.78474,8.29232
7362,0,0,0,3166.59,0,0
9341,0,0,0,3166.59,0,0
531,0,0,0,3166.59,0,0
2702,0,0,0,3166.59,0,0
5990,0,0,0,3166.59,0,0
1538,22.689,71.0766,7.77475,3514.74,3.13264,8.32826
2570,0,0,0,3166.59,0,0
5868,0,0,0,3166.59,0,0
4196,0,0,0,3166.59,0,0
6544,0,0,0,3166.59,0,0
201,0,0,0,3166.59,0,0
3381,0,0,0,3166.59,0,0
5469,0,0,0,3166.59,0,0
2913,0,0,0,3166.59,0,0
1360,0,0,0,3166.59,0,0
7916,0,0,0,3166.59,0,0
471,0,0,0,3166.59,0,0
4460,29.7695,60.4431,5.88247,3471.9,2.03037,7.07703
8270,28.1051,34.4686,3.74344,3388.55,1.22642,4.3666
6307,33.9159,86.1275,6.2558,3492.8,2.53945,7.69607
6943,33.3819,44.0843,3.88487,3403.12,1.3206,4.79643
9115,0,0,0,3166.59,0,0
9557,25.4153,91.1147,7.277,3530.04,3.58504,8.51708
166,29.1269,63.2596,6.19331,3477.2,2.17186,7.07812
2247,31.7855,61.2146,6.75533,3466.54,1.92586,7.25223
3844,0,0,0,3166.59,0,0
1959,0,0,0,3166.59,0,0
1989,0,0,0,3166.59,0,0
5810,29.9764,64.7444,5.45627,3476.75,2.15985,6.1278
820,0,0,0,3166.59,0,0
5424,0,0,0,3166.59,0,0
7005,0,0,0,3166.59,0,0
6336,0,0,0,3166.59,0,0
5664,0,0,0,3166.59,0,0
6595,32.1796,36.2983,3.48477,3373.9,1.12799,4.05898
4278,0,0,0,3166.59,0,0
5124,0,0,0,3166.59,0,0
656,31.4189,72.5802,7.16938,3482.93,2.31008,8.07022
8567,0,0,0,3166.59,0,0
5905,0,0,0,3166.59,0,0
3462,0,0,0,3166.59,0,0
6555,40.0727,69.2179,5.77264,3452.09,1.72731,6.78123
9582,0,0,0,3166.59,0,0
4404,31.89,59.5961,5.77696,3462.88,1.8688,6.82012
4247,0,0,0,3166.59,0,0
565,33.9797,33.6282,2.8334,3360.13,0.989655,3.36587
5593,25.7047,70.0508,5.97879,3499.66,2.72522,7.09544
5646,38.9425,41.4182,4.13748,3366.76,1.06357,4.90332
3742,0,0,0,3166.59,0,0
7001,35.56,58.0605,4.48878,3442.45,1.63275,4.89272
2052,34.4794,51.7499,4.85573,3425.77,1.50089,5.58409
5645,34.6766,78.6233,7.08771,3480.96,2.26733,7.56658
5792,28.931,56.3276,6.19207,3467.89,1.94696,6.63368
818,0,0,0,3166.59,0,0
8460,0,0,0,3166.59,0,0
7552,0,0,0,3166.59,0,0
6395,0,0,0,3166.59,0,0
3940,0,0,0,3166.59,0,0
3436,0,0,0,3166.59,0,0
4743,32.1191,83.9285,6.57899,3495.52,2.61304,7.53191
9692,32.0762,75.2601,6.91666,3484.6,2.34629,7.86005
7961,40.2232,80.7141,6.91182,3471.01,2.00666,7.87834
9928,27.7616,91.2712,7.59733,3520.42,3.28768,8.35504
4225,0,0,0,3166.59,0,0
2237,0,0,0,3166.59,0,0
8865,35.5651,77.9323,7.14841,3477.93,2.19126,8.04071
1656,0,0,0,3166.59,0,0
2762,40.2801,57.3309,4.48452,3416.14,1.42331,5.06502
3255,43.3724,81.9243,6.7943,3464.16,1.88886,7.77944
3377,0,0,0,3166.59,0,0
3740,38.0797,57.3097,5.17617,3426.29,1.50499,5.55886
5170,0,0,0,3166.59,0,0
5549,25.1536,66.3411,6.50942,3496.42,2.63744,7.39612
5180,34.0254,70.4552,6.76026,3473.41,2.07066,7.8203
6353,27.9479,73.2026,6.84163,3495.75,2.61925,7.86847
6221,0,0,0,3166.59,0,0
917,0,0,0,3166.59,0,0
2553,0,0,0,3166.59,0,0
1420,0,0,0,3166.59,0,0
803,0,0,0,3166.59,0,0
7982,0,0,0,3166.59,0,0
4659,32.8144,87.8819,6.96378,3497.92,2.67815,7.76743
3919,0,0,0,3166.59,0,0
8745,0,0,0,3166.59,0,0
503,0,0,0,3166.59,0,0
4073,0,0,0,3166.59,0,0
9507,33.9922,56.8244,6.5495,3446.71,1.67169,7.64422
3287,0,0,0,3166.59,0,0
5104,32.1174,55.8936,5.05898,3453.15,1.74029,6.38383
6175,0,0,0,3166.59,0,0
3586,0,0,0,3166.59,0,0
5644,33.824,43.4303,3.68087,3397.81,1.28401,4.65917
8164,32.7958,91.3794,6.40822,3501.92,2.78631,8.18306
5136,0,0,0,3166.59,0,0
7568,0,0,0,3166.59,0,0
8622,32.7316,53.9418,4.89799,3444.12,1.648,5.60615
337,0,0,0,3166.59,0,0
714,0,0,0,3166.59,0,0
9488,31.6954,74.634,6.58609,3484.99,2.35473,7.36803
5554,0,0,0,3166.59,0,0
9758,0,0,0,3166.59,0,0
6306,44.2187,59.1933,5.70363,3405.57,1.33865,6.23959
4041,0,0,0,3166.59,0,0
7088,37.0282,70.3216,5.62695,3464.82,1.89914,6.5748
2409,26.7974,65.9011,7.49438,3489.8,2.45924,8.62437
8,28.0212,80.5144,7.35215,3505.14,2.87334,8.62965
3395,43.5629,80.8748,7.02771,3462.09,1.85651,7.41031
3095,0,0,0,3166.59,0,0
7952,28.9377,69.0753,7.0378,3486.47,2.38704,7.74729
6479,0,0,0,3166.59,0,0
3327,29.6053,70.6446,7.62023,3486.44,2.38622,8.10226
7215,31.4254,76.9407,6.95078,3489.3,2.44836,7.6918
6464,0,0,0,3166.59,0,0
2834,0,0,0,3166.59,0,0
3745,0,0,0,3166.59,0,0
6412,33.9513,58.5929,6.03842,3451.97,1.72579,7.13387
2918,0,0,0,3166.59,0,0
2404,0,0,0,3166.59,0,0
5174,0,0,0,3166.59,0,0
4832,0,0,0,3166.59,0,0
4237,29.1942,61.709,6.84325,3475.02,2.11374,8.07182
8481,0,0,0,3166.59,0,0
2481,0,0,0,3166.59,0,0
1934,0,0,0,3166.59,0,0
3137,0,0,0,3166.59,0,0
279,40.5319,67.2314,6.35443,3445.29,1.65873,7.13145
9599,28.3521,45.1887,4.95778,3437.84,1.59384,5.98908
2633,23.2588,50.7378,5.52439,3477.56,2.18145,6.75937
8250,37.4784,45.7678,4.62385,3387.72,1.22118,5.46749
4662,0,0,0,3166.59,0,0
3120,0,0,0,3166.59,0,0
4507,0,0,0,3166.59,0,0
6690,0,0,0,3166.59,0,0
4834,0,0,0,3166.59,0,0
1580,0,0,0,3166.59,0,0
6726,0,0,0,3166.59,0,0
7221,0,0,0,3166.59,0,0
9868,0,0,0,3166.59,0,0
4698,28.3537,67.1881,6.90785,3485.67,2.36964,7.88518
4857,0,0,0,3166.59,0,0
6277,36.6998,36.9108,3.74738,3361.57,1.00575,4.39776
8029,0,0,0,3166.59,0,0
8623,36.7345,63.9447,5.67339,3453.19,1.74073,6.54044
9307,25.1871,76.4879,7.86156,3511.19,3.03678,8.86072
376,0,0,0,3166.59,0,0
1859,42.7868,72.2626,6.43047,3448.59,1.6889,7.67171
4397,0,0,0,3166.59,0,0
8988,0,0,0,3166.59,0,0
8271,27.665,71.9158,7.35046,3495.02,2.59952,8.19693
9601,0,0,0,3166.59,0,0
658,0,0,0,3166.59,0,0
6461,0,0,0,3166.59,0,0
830,29.1674,42.7322,4.87822,3421.18,1.46507,5.40405
2652,0,0,0,3166.59,0,0
5435,0,0,0,3166.59,0,0
163,0,0,0,3166.59,0,0
8569,47.9612,59.7718,4.64366,3391.72,1.24625,5.27312
5541,29.0263,86.6105,7.64282,3509.23,2.98386,8.30414
475,0,0,0,3166.59,0,0
518,0,0,0,3166.59,0,0
6668,24.517,68.2787,8.02295,3501.87,2.78495,9.4215
4716,0,0,0,3166.59,0,0
6698,0,0,0,3166.59,0,0
9126,0,0,0,3166.59,0,0
3698,35.2614,51.455,5.21187,3420.43,1.45924,5.57993
3424,32.5384,50.4869,5.66531,3432.32,1.55161,6.66143
3102,0,0,0,3166.59,0,0
7470,0,0,0,3166.59,0,0
7220,30.0066,83.3732,7.50332,3501.63,2.77849,8.32084
418,30.8246,72.9573,7.06,3485.54,2.36685,7.69574
8314,0,0,0,3166.59,0,0
5358,0,0,0,3166.59,0,0
4870,27.2331,64.0808,7.06986,3484.91,2.35305,8.3727
6538,36.3705,76.5355,7.33967,3474.67,2.10433,8.29344
7943,0,0,0,3166.59,0,0
7060,27.7297,33.3649,3.37291,3384.88,1.20322,4.07517
2587,0,0,0,3166.59,0,0
4309,0,0,0,3166.59,0,0
2591,0,0,0,3166.59,0,0
5361,29.6634,87.7117,7.75419,3508.23,2.9569,8.12827
5240,31.969,82.0265,7.377,3493.77,2.56581,8.45809
2974,0,0,0,3166.59,0,0
7549,34.0306,66.1588,7.89357,3467.71,1.9441,8.1388
5080,26.6131,77.3647,7.00974,3506.38,2.90701,7.79184
3577,0,0,0,3166.59,0,0
4964,0,0,0,3166.59,0,0
6614,34.7643,69.1927,7.17061,3470.39,1.99034,7.92227
941,0,0,0,3166.59,0,0
5455,0,0,0,3166.59,0,0
4777,31.357,55.4774,5.00781,3455.52,1.76922,5.79374
1805,25.6763,90.9052,7.82223,3528.6,3.54044,8.89153
8779,0,0,0,3166.59,0,0
1630,0,0,0,3166.59,0,0
6853,0,0,0,3166.59,0,0
9434,0,0,0,3166.59,0,0
7723,0,0,0,3166.59,0,0
5870,39.4322,96.1121,7.18494,3488.79,2.4374,8.06532
2962,0,0,0,3166.59,0,0
8662,29.5065,68.3218,7.45259,3483.18,2.31549,8.52684
7162,34.331,91.9045,6.61268,3497.88,2.67701,7.87391
1592,33.3061,67.1208,6.25537,3471.33,2.01527,6.41125
8134,29.4533,84.6997,7.43232,3505.22,2.87572,8.40829
1383,22.4565,62.6906,7.51338,3502.11,2.79164,9.51792
5085,33.3724,55.5609,5.17041,3445.96,1.66487,5.66569
7452,0,0,0,3166.59,0,0
7529,28.6787,53.1387,5.35104,3461.86,1.85289,6.0305
973,0,0,0,3166.59,0,0
7532,42.0756,67.5838,6.01427,3439.46,1.60625,6.65496
9702,35.641,64.2677,6.95696,3458.3,1.80319,7.58339
7084,0,0,0,3166.59,0,0
9898,0,0,0,3166.59,0,0
1849,0,0,0,3166.59,0,0
5598,32.3168,42.6873,4.52925,3403.16,1.3209,4.86256
3928,0,0,0,3166.59,0,0
6010,27.531,80.7104,7.64094,3507.29,2.93161,8.77471
6765,0,0,0,3166.59,0,0
4400,0,0,0,3166.59,0,0
676,0,0,0,3166.59,0,0
9310,0,0,0,3166.59,0,0
92,36.0908,68.1903,6.91339,3464.2,1.88941,8.32502
1628,34.2255,61.9846,5.25145,3458.95,1.81107,6.23558
3090,30.3372,86.267,7.17955,3504.04,2.8436,8.15596
3094,0,0,0,3166.59,0,0
5989,0,0,0,3166.59,0,0
44,0,0,0,3166.59,0,0
1264,0,0,0,3166.59,0,0
8848,0,0,0,3166.59,0,0
629,0,0,0,3166.59,0,0
7146,0,0,0,3166.59,0,0
556,27.1085,71.3328,7.60861,3496.19,2.63138,8.8091
2710,35.8551,55.1539,5.2073,3430.57,1.53825,5.86957
921,31.5714,95.0649,7.75726,3510.23,3.0111,8.48568
3473,26.9871,70.842,6.42789,3495.96,2.62503,6.85244
9749,42.7839,75.18,5.34005,3454.54,1.7572,5.97799
3407,0,0,0,3166.59,0,0
9026,0,0,0,3166.59,0,0
9449,0,0,0,3166.59,0,0
6078,0,0,0,3166.59,0,0
2450,0,0,0,3166.59,0,0
9314,0,0,0,3166.59,0,0
7080,0,0,0,3166.59,0,0
4552,0,0,0,3166.59,0,0
5214,0,0,0,3166.59,0,0
4,0,0,0,3166.59,0,0
9092,32.3537,85.5635,8.21727,3496.68,2.64463,8.5978
6446,0,0,0,3166.59,0,0
1985,35.0074,81.976,7.23654,3484.38,2.34168,7.90732
7468,0,0,0,3166.59,0,0
2695,42.3951,52.0148,5.30541,3388.63,1.22691,6.01881
2890,0,0,0,3166.59,0,0
8241,29.5638,58.5068,5.02221,3469.95,1.979,5.53425
8905,33.7739,65.8259,5.42905,3468.02,1.94901,6.64624
2204,0,0,0,3166.59,0,0
8282,34.112,40.7756,4.146,3383.63,1.19535,4.76187
1835,28.8096,56.4515,5.6755,3468.69,1.95947,6.27191
8531,0,0,0,3166.59,0,0
7227,0,0,0,3166.59,0,0
6076,0,0,0,3166.59,0,0
7364,0,0,0,3166.59,0,0
9709,50.041,73.6533,6.33332,3422.05,1.47186,7.39617
8404,31.9567,106.984,8.38444,3522.37,3.34779,9.24506
7225,0,0,0,3166.59,0,0
9009,0,0,0,3166.59,0,0
8064,31.1756,60.7041,5.50924,3467.91,1.94717,6.54565
1339,0,0,0,3166.59,0,0
8139,0,0,0,3166.59,0,0
8060,0,0,0,3166.59,0,0
3319,0,0,0,3166.59,0,0
9035,26.7467,63.5321,6.01088,3485.93,2.37532,7.35642
5182,0,0,0,3166.59,0,0
1926,0,0,0,3166.59,0,0
7610,0,0,0,3166.59,0,0
5325,30.0364,94.2813,7.88093,3514.97,3.13891,8.7693
3709,39.6355,51.6256,4.81688,3400.66,1.30251,5.70906
2559,23.7421,71.9527,7.73616,3510.96,3.03059,9.20341
120,26.6576,54.1945,6.19439,3471.99,2.03299,6.8687
6466,0,0,0,3166.59,0,0
8630,40.1655,64.7519,5.64908,3440.19,1.61213,6.72679
9814,0,0,0,3166.59,0,0
6417,41.4035,77.9909,7.05015,3463.83,1.88368,7.68899
9720,0,0,0,3166.59,0,0
3413,33.8948,49.8776,5.57245,3422.01,1.47154,6.08963
8319,32.2776,79.9174,7.35625,3490.46,2.47594,8.49297
55,0,0,0,3166.59,0,0
1641,0,0,0,3166.59,0,0
2871,29.8688,86.589,6.73536,3506.09,2.89898,8.26994
9330,30.769,80.5289,7.69897,3495.67,2.61721,8.26499
62,0,0,0,3166.59,0,0
7759,0,0,0,3166.59,0,0
3330,0,0,0,3166.59,0,0
2514,0,0,0,3166.59,0,0
5179,0,0,0,3166.59,0,0
6348,0,0,0,3166.59,0,0
9792,29.819,74.9953,7.57959,3491.9,2.51502,8.70519
3679,24.566,78.5096,7.95301,3517.08,3.19587,9.05092
2286,0,0,0,3166.59,0,0
7867,0,0,0,3166.59,0,0
8928,0,0,0,3166.59,0,0
6613,0,0,0,3166.59,0,0
176,0,0,0,3166.59,0,0
4103,30.4134,46.7931,4.09431,3430.61,1.53857,4.70358
5226,0,0,0,3166.59,0,0
6074,30.1531,54.9059,5.26581,3459.75,1.82091,5.92145
1191,0,0,0,3166.59,0,0
2372,0,0,0,3166.59,0,0
3022,32.1379,42.3421,4.18364,3402.7,1.31751,4.73429
7804,0,0,0,3166.59,0,0
2747,27.2342,32.0566,3.68809,3380.74,1.17707,4.61165
5883,32.5308,64.759,7.20154,3470.41,1.9907,8.30606
154,0,0,0,3166.59,0,0
3253,0,0,0,3166.59,0,0
2353,0,0,0,3166.59,0,0
6575,0,0,0,3166.59,0,0
7892,0,0,0,3166.59,0,0
9005,0,0,0,3166.59,0,0
8577,29.1943,66.0541,7.90939,3480.74,2.26257,9.05577
6775,0,0,0,3166.59,0,0
7213,0,0,0,3166.59,0,0
9315,37.3921,74.8896,6.92197,3470.86,2.00282,8.02052
8660,43.7242,66.4251,5.28743,3428.11,1.51918,6.33076
8464,0,0,0,3166.59,0,0
6147,0,0,0,3166.59,0,0
9253,0,0,0,3166.59,0,0
483,23.8044,64.2262,7.38168,3498.66,2.69808,8.32854
3141,0,0,0,3166.59,0,0
3279,0,0,0,3166.59,0,0
9153,0,0,0,3166.59,0,0
6517,32.8397,59.269,5.43092,3458.43,1.8048,5.95743
2782,33.7213,48.7824,5.59332,3418.9,1.44663,6.58371
5544,0,0,0,3166.59,0,0
9226,36.9747,42.3901,4.19866,3376.44,1.14646,4.82683
6623,39.4101,59.5232,6.23175,3426.98,1.51035,7.14763
6251,0,0,0,3166.59,0,0
1637,26.7209,77.2538,6.88543,3505.79,2.89113,8.55093
8108,32.1542,85.391,7.41466,3497.09,2.65567,8.40426
2964,0,0,0,3166.59,0,0
9192,0,0,0,3166.59,0,0
2218,33.1641,103.699,7.36626,3514.52,3.12684,8.2053
7563,41.2341,71.9889,4.81985,3453.61,1.74586,5.92532
597,35.4406,42.3631,4.53238,3383.63,1.19533,5.11582
2039,0,0,0,3166.59,0,0
348,0,0,0,3166.59,0,0
96,39.6256,58.8794,6.30469,3423.84,1.48589,7.61916
785,30.7714,57.4453,5.52156,3462.75,1.86684,6.87098
5218,40.047,84.6837,7.29739,3475.05,2.11461,8.25738
2473,0,0,0,3166.59,0,0
1105,33.6966,76.1407,7.10087,3480.6,2.2596,8.21956
6527,0,0,0,3166.59,0,0
1507,0,0,0,3166.59,0,0
8129,0,0,0,3166.59,0,0
345,0,0,0,3166.59,0,0
3140,0,0,0,3166.59,0,0
8939,0,0,0,3166.59,0,0
452,0,0,0,3166.59,0,0
8511,0,0,0,3166.59,0,0
1719,0,0,0,3166.59,0,0
7502,0,0,0,3166.59,0,0
3150,27.0909,83.7025,7.00244,3513.15,3.08969,8.78124
8817,0,0,0,3166.59,0,0
1453,29.495,76.9662,7.14026,3495.38,2.60947,8.66373
4776,34.2743,80.3155,7.08749,3484.46,2.34332,7.95095
5375,31.5303,60.4005,5.4902,3465.88,1.91564,6.48504
4869,33.8254,82.3577,7.1235,3488.67,2.43479,8.06486
5778,27.2549,76.6647,8.20116,3502.9,2.81287,8.96767
7165,33.1949,62.8511,6.00302,3464.46,1.8934,6.75464
5583,29.9421,49.7532,5.09889,3445.61,1.66165,6.46349
3840,30.0026,71.9187,6.89887,3486.94,2.39708,8.6426
9119,0,0,0,3166.59,0,0
4741,0,0,0,3166.59,0,0
9479,27.7293,61.932,6.33134,3479.51,2.23346,7.29346
6516,26.7845,65.5866,8.01917,3489.31,2.44868,9.16996
9949,0,0,0,3166.59,0,0
1735,0,0,0,3166.59,0,0
3777,0,0,0,3166.59,0,0
5095,0,0,0,3166.59,0,0
6105,31.9456,66.6011,6.1563,3473.94,2.08483,6.9576
8187,32.8038,53.7284,4.94074,3443.01,1.63787,5.72789
8421,37.5498,50.6832,5.4472,3407.07,1.34976,5.77971
5956,28.2979,93.5714,7.97776,3521.04,3.30666,8.92485
995,0,0,0,3166.59,0,0
9975,0,0,0,3166.59,0,0
3824,0,0,0,3166.59,0,0
8483,31.2696,71.1294,7.85226,3481.3,2.27472,8.77686
8146,34.5895,65.0616,6.83567,3463.66,1.88096,7.44433
7588,37.3012,59.8078,5.46672,3439.09,1.60337,6.39858
7192,0,0,0,3166.59,0,0
9880,0,0,0,3166.59,0,0
6942,0,0,0,3166.59,0,0
9274,0,0,0,3166.59,0,0
5052,0,0,0,3166.59,0,0
542,32.8504,78.9538,6.68716,3487.23,2.40344,8.23687
5853,0,0,0,3166.59,0,0
5019,37.1397,59.1765,5.11931,3437.78,1.59335,6.44789
436,0,0,0,3166.59,0,0
5049,0,0,0,3166.59,0,0
4811,32.9996,83.4205,7.72247,3492.37,2.52792,8.37425
103,0,0,0,3166.59,0,0
7730,0,0,0,3166.59,0,0
3259,29.4557,108.363,8.53955,3532.64,3.67883,9.33439
4144,0,0,0,3166.59,0,0
9064,33.3024,56.5371,4.72353,3449.56,1.69769,5.3214
2235,29.6568,76.2518,7.46476,3493.97,2.57114,8.77124
155,26.5148,70.3445,7.65335,3496.99,2.65303,8.79058
5271,0,0,0,3166.59,0,0
1246,29.9862,73.1057,6.54397,3488.82,2.43798,7.27013
6556,0,0,0,3166.59,0,0
6166,0,0,0,3166.59,0,0
9118,0,0,0,3166.59,0,0
3715,0,0,0,3166.59,0,0
8047,0,0,0,3166.59,0,0
7834,22.5163,59.5159,6.66235,3496.63,2.64323,7.5442
8866,0,0,0,3166.59,0,0
5270,31.3064,46.7461,4.01593,3424.78,1.49318,4.94946
3495,0,0,0,3166.59,0,0
1808,42.6211,71.2191,5.58434,3446.63,1.67098,6.78321
6646,0,0,0,3166.59,0,0
4280,0,0,0,3166.59,0,0
9073,25.9298,59.0237,6.90052,3481.37,2.27629,7.84876
5847,39.0892,66.3277,6.53203,3449.46,1.69683,7.69914
3973,0,0,0,3166.59,0,0
5048,0,0,0,3166.59,0,0
2200,0,0,0,3166.59,0,0
2516,34.6694,58.0938,5.36637,3447.14,1.67565,5.83562
3547,0,0,0,3166.59,0,0
844,0,0,0,3166.59,0,0
7141,27.0391,66.9226,5.73666,3490.42,2.47503,7.1141
7819,0,0,0,3166.59,0,0
7858,0,0,0,3166.59,0,0
1107,0,0,0,3166.59,0,0
8344,0,0,0,3166.59,0,0
7903,28.0458,74.1435,8.14337,3496.65,2.64366,8.87094
612,35.2394,76.3761,7.43924,3477.03,2.16735,8.50693
6903,29.5145,73.6014,7.7289,3491.11,2.49374,8.90617
4626,0,0,0,3166.59,0,0
2376,0,0,0,3166.59,0,0
5405,0,0,0,3166.59,0,0
9798,29.5464,72.4312,7.69922,3489.44,2.45144,8.80911
3339,39.6277,56.6242,5.89441,3416.81,1.4289,6.57098
9461,0,0,0,3166.59,0,0
3813,0,0,0,3166.59,0,0
1288,31.0115,67.1043,5.90698,3476.9,2.16385,6.50648
1424,24.7571,70.476,7.86996,3504.15,2.8467,9.35859
1067,0,0,0,3166.59,0,0
1062,0,0,0,3166.59,0,0
2081,0,0,0,3166.59,0,0
4044,40.664,88.919,6.58507,3477.76,2.18667,7.34682
490,0,0,0,3166.59,0,0
9298,0,0,0,3166.59,0,0
9653,33.6449,66.4676,5.74698,3469.73,1.97556,6.06108
8231,0,0,0,3166.59,0,0
5790,0,0,0,3166.59,0,0
6378,0,0,0,3166.59,0,0
9769,0,0,0,3166.59,0,0
9275,34.7738,78.0721,7.27582,3479.95,2.24514,7.98465
2855,40.1598,58.6746,5.12918,3420.66,1.46103,6.00884
4201,0,0,0,3166.59,0,0
4670,0,0,0,3166.59,0,0
4824,41.7393,50.7749,4.83117,3386.98,1.21648,5.49192
5650,28.626,101.105,8.1338,3528.32,3.53194,9.05856
9308,0,0,0,3166.59,0,0
1175,30.7046,57.9386,5.69345,3464.04,1.88697,6.20653
1122,0,0,0,3166.59,0,0
8591,27.0452,42.9868,4.68428,3437.26,1.58944,5.62211
8244,0,0,0,3166.59,0,0
9112,26.427,78.6152,8.39155,3508.89,2.97481,9.70264
9086,32.8977,71.1912,7.63916,3476.91,2.16402,8.67445
1625,30.6413,83.0363,7.32785,3499.09,2.70995,8.46818
107,35.0849,67.6356,7.08586,3466.66,1.92777,8.25813
6281,38.4622,59.3774,5.51416,3431.29,1.54379,6.30312
3257,33.7215,65.5118,6.3522,3467.62,1.94273,7.63298
9372,31.4518,74.2917,6.8498,3485.32,2.36208,7.74384
9454,0,0,0,3166.59,0,0
2142,36.9525,78.4791,7.19486,3475.4,2.12379,8.22038
4517,30.2666,68.1719,6.91121,3480.27,2.25238,8.19206
9416,0,0,0,3166.59,0,0
808,24.0619,77.5663,8.81782,3518.11,3.22362,9.9249
4334,38.7997,89.8313,6.30405,3483.17,2.31526,7.21326
2670,27.4277,84.0706,8.07706,3512.24,3.06517,9.03885
9555,32.2696,32.4753,2.97802,3361.63,1.00637,3.59007
3388,0,0,0,3166.59,0,0
5370,0,0,0,3166.59,0,0
4327,23.1475,85.75,7.74085,3533.35,3.70451,9.60887
3244,0,0,0,3166.59,0,0
8299,0,0,0,3166.59,0,0
5812,0,0,0,3166.59,0,0
4900,26.6358,69.9076,7.46242,3495.94,2.62457,9.01461
4602,29.153,89.6567,8.3781,3512.62,3.07538,8.82982
1280,34.9271,70.5039,7.22818,3471.45,2.0186,8.4696
6031,0,0,0,3166.59,0,0
3774,0,0,0,3166.59,0,0
6917,0,0,0,3166.59,0,0
4674,0,0,0,3166.59,0,0
889,29.0254,88.7039,7.23879,3511.9,3.05607,8.40006
2277,0,0,0,3166.59,0,0
2966,30.5204,75.3631,7.70363,3490.21,2.46927,8.82021
2271,35.9912,89.7453,7.1185,3491.11,2.49354,8.10736
5595,0,0,0,3166.59,0,0
1606,24.8238,79.1902,8.60963,3516.87,3.1901,9.38477
7999,33.1289,78.8264,7.82983,3486.12,2.37939,8.78455
6804,0,0,0,3166.59,0,0
4480,37.0082,60.9999,6.51144,3444.15,1.64828,7.76828
8698,33.4625,78.8478,7.3933,3485.06,2.3563,8.17503
4488,32.572,57.4337,6.32352,3455.04,1.76329,7.05492
2580,27.3688,96.1446,8.33368,3527.71,3.51293,9.03245
1198,38.3677,69.351,6.41321,3458.66,1.80753,7.39586
8416,42.3587,47.3446,4.87834,3372.48,1.11771,5.26912
2994,0,0,0,3166.59,0,0
5520,30.6904,46.2813,4.89314,3426.68,1.50801,5.08519
7698,0,0,0,3166.59,0,0
5577,0,0,0,3166.59,0,0
1713,0,0,0,3166.59,0,0
9894,0,0,0,3166.59,0,0
9256,0,0,0,3166.59,0,0
9923,29.1371,80.971,7.44394,3501.64,2.77897,8.62946
7989,36.8488,80.6841,7.54608,3477.87,2.1896,8.84238
1570,33.7898,51.1129,5.76156,3427.28,1.51267,6.66604
4355,0,0,0,3166.59,0,0
3178,24.1095,81.7883,8.40858,3523.81,3.39236,10.0567
2208,0,0,0,3166.59,0,0
4835,28.3429,54.6777,5.9095,3466.75,1.92915,6.99828
7481,30.0858,69.7053,7.40805,3483.24,2.31688,8.98517
3130,29.0621,80.015,7.64247,3500.69,2.75325,9.08201
8177,0,0,0,3166.59,0,0
2857,43.6875,57.6545,5.77908,3403,1.3197,6.29191
9418,0,0,0,3166.59,0,0
8935,0,0,0,3166.59,0,0
4484,0,0,0,3166.59,0,0
5446,26.304,60.6945,5.90171,3482.81,2.30743,6.97734
4814,0,0,0,3166.59,0,0
9527,0,0,0,3166.59,0,0
7755,49.1173,88.4288,6.88178,3458.07,1.80036,7.19759
6944,0,0,0,3166.59,0,0
5300,33.9058,49.3671,5.20817,3420.01,1.45601,5.49648
5752,0,0,0,3166.59,0,0
1824,0,0,0,3166.59,0,0
9866,0,0,0,3166.59,0,0
1512,0,0,0,3166.59,0,0
1034,42.322,80.7121,7.61007,3465.33,1.9071,8.17169
4223,24.4664,82.6329,9.04568,3523.32,3.3774,9.73983
4952,0,0,0,3166.59,0,0
53,41.9015,85.0023,7.28426,3471.83,2.02862,8.23662
4927,0,0,0,3166.59,0,0
3859,36.1582,63.3584,6.40006,3454.13,1.75226,7.30062
2668,32.5453,90.7292,6.36099,3501.97,2.78778,7.436
9345,0,0,0,3166.59,0,0
2716,32.3193,88.7414,7.99667,3500.42,2.74577,8.66623
8915,0,0,0,3166.59,0,0
8339,28.9747,78.5453,7.00856,3499.13,2.71083,7.81957
3513,0,0,0,3166.59,0,0
146,0,0,0,3166.59,0,0
9576,32.4821,54.9041,4.68289,3448.75,1.69029,5.46033
2143,0,0,0,3166.59,0,0
6084,0,0,0,3166.59,0,0
9547,0,0,0,3166.59,0,0
8447,0,0,0,3166.59,0,0
9827,31.624,96.0372,7.50835,3511.19,3.03685,8.73129
314,25.1739,73.5661,8.06284,3506.95,2.92232,9.86808
6007,29.1652,53.83,5.98744,3461.4,1.8457,7.18627
7118,30.853,71.8421,6.9903,3483.78,2.32853,8.30947
2667,0,0,0,3166.59,0,0
4266,26.8898,79.7469,7.9507,3508.55,2.9657,9.13472
1146,0,0,0,3166.59,0,0
2211,30.9003,49.5424,5.11707,3439.08,1.6033,6.01386
425,32.6404,42.7642,4.37594,3401.7,1.31016,4.85034
944,0,0,0,3166.59,0,0
1883,33.9729,88.9632,7.64334,3495.72,2.61865,8.35047
5291,32.6921,51.5527,5.81706,3435.63,1.57692,6.59698
1889,0,0,0,3166.59,0,0
6435,0,0,0,3166.59,0,0
2844,26.0844,89.9512,8.74478,3525.62,3.44847,9.59751
4771,28.3027,67.8096,6.52126,3486.88,2.39587,7.60957
1619,34.0023,60.0888,4.89368,3455.36,1.7672,5.54828
178,34.7407,75.0769,7.74924,3476.8,2.16107,8.65799
2249,37.0893,100.572,7.56947,3499.16,2.71162,8.64067
5217,34.5441,58.4283,6.67291,3448.87,1.69141,7.78942
1241,0,0,0,3166.59,0,0
5502,0,0,0,3166.59,0,0
814,0,0,0,3166.59,0,0
9918,0,0,0,3166.59,0,0
7101,0,0,0,3166.59,0,0
8044,28.2287,67.1795,5.99028,3486.14,2.37983,6.4043
2708,0,0,0,3166.59,0,0
1709,45.3139,84.1913,7.37455,3462.18,1.85796,8.14321
673,0,0,0,3166.59,0,0
9010,0,0,0,3166.59,0,0
6321,26.6859,88.6321,8.97801,3521.51,3.32131,9.26148
9533,0,0,0,3166.59,0,0
7094,30.4413,92.3817,7.23905,3511.11,3.03475,9.42618
4207,0,0,0,3166.59,0,0
1714,31.5937,61.0524,5.20001,3466.96,1.93242,6.02328
564,0,0,0,3166.59,0,0
7199,0,0,0,3166.59,0,0
4860,46.4946,71.4519,5.35927,3430.38,1.53678,6.24526
6120,0,0,0,3166.59,0,0
5376,37.9064,67.6061,5.63014,3456.69,1.7835,6.33583
6363,0,0,0,3166.59,0,0
68,34.6629,82.695,7.26716,3486.41,2.38569,8.3862
2732,0,0,0,3166.59,0,0
3218,0,0,0,3166.59,0,0
8748,24.8899,60.5538,8.3099,3488.58,2.43286,9.84202
8278,0,0,0,3166.59,0,0
6454,0,0,0,3166.59,0,0
5618,0,0,0,3166.59,0,0
2965,0,0,0,3166.59,0,0
3622,0,0,0,3166.59,0,0
9313,34.1338,75.0207,7.51196,3478.18,2.19784,8.72139
6128,38.165,60.4548,5.57182,3436.56,1.58404,6.84916
6592,29.8807,33.0944,3.47753,3371.09,1.10755,3.96583
780,32.5845,75.1634,7.11636,3482.77,2.30672,7.47392
870,0,0,0,3166.59,0,0
2217,0,0,0,3166.59,0,0
4589,0,0,0,3166.59,0,0
419,0,0,0,3166.59,0,0
1178,30.7768,38.9331,4.15544,3394.75,1.26501,4.79116
5609,39.5282,58.8794,5.83823,3424.31,1.48955,6.66499
5610,36.5027,52.1078,4.64637,3416.64,1.42751,5.26872
2276,35.8427,40.503,3.489,3374.18,1.13002,4.10538
3228,37.8509,45.3196,5.13424,3383.95,1.19732,5.84672
5672,31.833,81.7803,8.19234,3493.89,2.56904,9.06476
3064,0,0,0,3166.59,0,0
1196,36.0768,58.9713,6.63501,3442.65,1.63461,7.6087
2709,33.6562,41.1487,3.99426,3387.95,1.22262,4.52615
8860,31.4652,39.3234,5.5207,3392.28,1.24975,6.43075
6735,0,0,0,3166.59,0,0
7882,0,0,0,3166.59,0,0
347,23.8387,88.0584,8.84472,3533.06,3.69393,10.0324
7942,28.6913,80.5243,8.33528,3502.67,2.80658,9.2184
4352,36.482,86.4944,7.63778,3485.73,2.37088,8.10209
6460,26.6754,66.2898,7.92281,3490.79,2.48505,8.51352
5126,36.5876,56.3235,5.23043,3430.72,1.53941,5.79445
4512,0,0,0,3166.59,0,0
2215,34.8927,78.3943,8.18255,3480.01,2.24673,8.99111
5915,31.352,65.4732,5.68386,3474.07,2.08833,6.8464
368,34.9322,44.4833,4.80504,3396.1,1.27342,5.46483
2623,0,0,0,3166.59,0,0
6397,27.0937,79.6339,6.63715,3507.57,2.9392,7.74348
6742,0,0,0,3166.59,0,0
8179,0,0,0,3166.59,0,0
7459,26.4719,70.8414,8.35578,3497.84,2.6761,9.67907
4249,34.6748,63.9933,5.80998,3461.39,1.84553,6.41483
2681,0,0,0,3166.59,0,0
8685,37.5523,50.6229,4.61622,3406.84,1.34806,5.37725
1758,27.6754,63.1393,6.21693,3481.61,2.28143,6.91853
2474,36.5486,55.358,6.24727,3427.53,1.51464,7.35661
4708,0,0,0,3166.59,0,0
3735,0,0,0,3166.59,0,0
3202,36.0264,44.2711,3.76443,3388.94,1.22885,4.72192
2238,0,0,0,3166.59,0,0
1765,0,0,0,3166.59,0,0
7117,29.5632,92.293,8.01034,3514.34,3.12189,9.07511
4353,37.276,72.952,6.45452,3468.54,1.95708,7.81888
7424,35.7517,74.1515,7.03354,3473.53,2.07407,8.58307
6696,33.5327,57.0585,5.42141,3449.98,1.70158,6.27879
465,0,0,0,3166.59,0,0
6006,25.6194,76.2258,8.67026,3508.91,2.97532,9.53699
951,38.8737,103.291,7.24297,3497.14,2.6571,8.4648
5818,0,0,0,3166.59,0,0
8086,0,0,0,3166.59,0,0
2158,38.4774,55.7172,4.89359,3419.07,1.44805,5.71904
5072,30.0514,93.3995,8.64415,3513.82,3.108,9.38911
1845,0,0,0,3166.59,0,0
1782,34.5526,78.7916,6.79417,3481.56,2.28034,7.93414
5312,35.2511,81.9327,7.3857,3483.58,2.32426,8.5563
3811,31.2042,80.2049,7.43311,3493.94,2.57033,8.59569
1751,0,0,0,3166.59,0,0
9476,0,0,0,3166.59,0,0
370,0,0,0,3166.59,0,0
2045,36.8809,80.6511,7.01225,3477.76,2.1868,7.95174
4637,35.017,51.3912,4.90385,3421.5,1.46761,5.55377
8746,44.7265,64.33,6.17975,3417.92,1.4383,7.21781
2490,31.9409,78.5116,7.52619,3489.74,2.45803,8.55932
558,0,0,0,3166.59,0,0
2785,38.1688,47.1039,4.10706,3389.77,1.2341,4.8333
6470,24.2138,81.8494,8.32894,3523.42,3.38028,9.83877
8410,34.7603,43.3648,4.02372,3391.93,1.24754,4.78733
7706,0,0,0,3166.59,0,0
3500,35.8302,49.8331,4.88546,3412.3,1.39082,6.03218
8868,28.6649,66.147,6.94243,3482.81,2.30759,8.01915
5949,32.9673,56.1075,5.08295,3450.01,1.70192,5.75599
8570,0,0,0,3166.59,0,0
3649,45.96,79.3992,5.62768,3452.11,1.72757,6.7896
4071,0,0,0,3166.59,0,0
3819,0,0,0,3166.59,0,0
8755,29.085,78.804,8.00115,3499.07,2.70944,9.3425
6114,28.4541,70.7932,6.70717,3490.9,2.48798,7.64633
7336,0,0,0,3166.59,0,0
3213,34.9908,78.1859,7.50603,3479.55,2.23447,8.74918
2496,28.8338,86.0107,7.63459,3509.19,2.98298,8.62549
6576,0,0,0,3166.59,0,0
7182,27.7028,78.1755,7.9505,3503.23,2.82193,9.26959
2043,38.497,46.6647,5.26652,3386.29,1.21216,5.71302
5414,30.6068,79.8848,7.79398,3495.41,2.61004,9.27969
6889,0,0,0,3166.59,0,0
1508,0,0,0,3166.59,0,0
1087,0,0,0,3166.59,0,0
2261,37.8902,66.857,7.39106,3455.14,1.76449,8.56161
1909,0,0,0,3166.59,0,0
7219,25.8532,82.4395,8.42755,3516.82,3.18876,9.48737
2265,33.1561,49.3115,4.74803,3424.02,1.48725,5.39336
7152,42.704,68.4975,5.61298,3439.17,1.60401,6.18575
4371,0,0,0,3166.59,0,0
7630,33.5042,33.7373,3.67028,3361.68,1.00696,3.80008
1783,33.6119,93.6488,7.96046,3501.91,2.78618,9.03807
3374,0,0,0,3166.59,0,0
9123,0,0,0,3166.59,0,0
3337,45.1146,66.69,6.11245,3422.86,1.47824,6.95619
4859,32.2484,82.6597,7.86759,3493.68,2.56322,8.87729
920,42.6024,52.178,4.81673,3388.29,1.22477,5.37647
7303,0,0,0,3166.59,0,0
4036,0,0,0,3166.59,0,0
21,38.9861,68.911,7.05782,3455.39,1.76758,7.84946
3716,0,0,0,3166.59,0,0
1994,36.5216,51.2763,4.54033,3413.86,1.404,5.32138
2657,0,0,0,3166.59,0,0
7157,0,0,0,3166.59,0,0
1716,0,0,0,3166.59,0,0
6995,30.912,100.538,7.90883,3519.18,3.25241,9.16113
7891,29.9693,70.6626,7.29519,3485.13,2.35783,9.35035
9403,0,0,0,3166.59,0,0
5380,27.7577,47.2819,5.60167,3450.13,1.70338,6.29705
6101,30.2752,102.97,10.3076,3524.09,3.40114,11.13
4536,36.4816,47.3713,5.25267,3400.12,1.2985,5.92192
7593,33.9668,72.1229,6.1105,3475.38,2.12334,6.81029
3882,42.9387,82.7708,7.33293,3466.65,1.92765,8.6996
3369,35.3536,59.2087,5.27399,3447.05,1.67476,6.03582
4105,45.7454,97.3041,7.51919,3475.52,2.12708,8.34928
1650,34.4079,83.0969,7.22765,3487.76,2.41505,8.96874
7353,23.9292,83.0003,9.1436,3526.27,3.46858,10.4316
7021,0,0,0,3166.59,0,0
9708,0,0,0,3166.59,0,0
6686,29.8832,111.565,9.65108,3534.16,3.73337,10.9558
2106,0,0,0,3166.59,0,0
186,32.1546,59.3777,6.17574,3461.46,1.84663,7.13886
9501,0,0,0,3166.59,0,0
2319,0,0,0,3166.59,0,0
3093,34.9814,46.4009,5.50052,3403.91,1.32645,6.51061
4563,0,0,0,3166.59,0,0
2084,31.536,86.8416,8.00675,3500.71,2.75373,8.61421
1233,24.5742,57.813,7.10459,3484.89,2.35259,7.8866
6489,0,0,0,3166.59,0,0
7821,0,0,0,3166.59,0,0
2280,38.1925,61.9486,6.06738,3441.27,1.62201,6.81392
36,26.4419,64.9501,7.45888,3489.67,2.45634,8.59902
8831,31.8953,77.1687,8.05542,3487.97,2.41944,8.98007
496,42.5274,65.5722,6.11919,3431.04,1.54188,6.77119
7545,33.7353,49.1507,4.61317,3420.13,1.45695,5.25578
2116,0,0,0,3166.59,0,0
6521,0,0,0,3166.59,0,0
4681,0,0,0,3166.59,0,0
5066,0,0,0,3166.59,0,0
4655,0,0,0,3166.59,0,0
8774,28.9391,70.4643,7.80645,3488.68,2.43492,9.22094
6041,32.1265,54.1624,5.86882,3448.27,1.68591,6.75202
353,36.9852,57.3422,5.01103,3432.16,1.55041,5.86784
9474,34.1191,59.0545,4.96838,3452.38,1.73083,5.5745
6392,0,0,0,3166.59,0,0
5058,26.7563,84.8564,8.66653,3516.18,3.17146,9.30254
3302,29.0988,75.8141,7.39679,3495.23,2.6054,8.21493
9109,30.9525,90.2811,7.94463,3506.74,2.91676,9.00898
8952,0,0,0,3166.59,0,0
6719,29.2085,63.8285,7.05566,3477.7,2.18527,8.66162
5150,28.7509,106.25,9.38547,3533.11,3.69553,11.0488
3013,0,0,0,3166.59,0,0
3544,0,0,0,3166.59,0,0
7538,33.3859,50.1954,5.0032,3426.1,1.50349,6.37911
6218,27.8543,69.4407,6.0491,3491.09,2.493,6.89593
2940,33.4641,88.7676,7.80528,3496.98,2.65263,8.91231
3466,0,0,0,3166.59,0,0
7286,36.1674,46.2471,4.52689,3396.95,1.27869,4.98642
5442,0,0,0,3166.59,0,0
7776,36.1743,50.6035,4.87386,3413.26,1.39888,5.17687
540,0,0,0,3166.59,0,0
592,0,0,0,3166.59,0,0
5829,25.8332,79.8712,8.45763,3513.22,3.09181,9.76798
4286,23.2174,93.1385,8.93225,3541.77,4.01158,10.2512
6383,0,0,0,3166.59,0,0
4377,0,0,0,3166.59,0,0
7466,41.571,50.4504,4.86193,3386.52,1.2136,5.66764
1131,0,0,0,3166.59,0,0
8292,0,0,0,3166.59,0,0
3164,34.0142,59.8231,5.45647,3454.67,1.75877,6.42119
3292,38.253,59.662,5.94751,3433.37,1.55967,6.88509
3583,37.7768,102.194,7.70819,3498.92,2.70521,8.80505
8440,0,0,0,3166.59,0,0
536,32.996,71.5368,8.02644,3477.06,2.16805,9.11774
7827,22.8422,68.5591,8.51932,3509.88,3.00142,10.5468
8620,27.4489,61.9149,6.28318,3480.42,2.25564,7.61477
5390,29.2351,50.087,5.26525,3450.94,1.71324,5.97998
6928,0,0,0,3166.59,0,0
7516,0,0,0,3166.59,0,0
6214,0,0,0,3166.59,0,0
5861,0,0,0,3166.59,0,0
8962,29.8662,84.6892,6.98869,3503.74,2.83562,7.99903
8427,0,0,0,3166.59,0,0
8026,31.2902,97.1873,7.80166,3513.75,3.10599,9.11727
9244,28.7213,45.0287,5.12699,3434.43,1.56778,5.9864
1066,31.1919,56.3184,5.75879,3458.5,1.80555,6.697
3939,0,0,0,3166.59,0,0
6083,27.6846,81.7946,7.25743,3508.14,2.95452,8.54826
7061,31.1615,73.9266,6.461,3485.8,2.37237,7.27596
4967,0,0,0,3166.59,0,0
5630,34.5692,84.8664,7.18015,3489.6,2.45497,8.52591
7608,0,0,0,3166.59,0,0
7243,38.5293,51.1086,4.47198,3403.92,1.32649,5.52612
7971,0,0,0,3166.59,0,0
3333,0,0,0,3166.59,0,0
8267,0,0,0,3166.59,0,0
2873,25.5925,75.92,6.98789,3508.58,2.96649,8.0797
6369,33.5538,88.8746,6.92145,3496.83,2.64872,7.82945
1938,0,0,0,3166.59,0,0
6713,34.3279,95.6753,7.68469,3501.95,2.7871,8.5021
7924,35.0963,48.3851,5.01426,3410.86,1.37864,5.56667
8743,0,0,0,3166.59,0,0
1588,31.9815,75.4888,7.63324,3485.25,2.36039,8.76616
7390,0,0,0,3166.59,0,0
3892,35.5218,79.4541,7.02518,3479.63,2.23677,8.14214
3562,26.5156,94.5444,8.9085,3529.41,3.56562,9.74566
6609,0,0,0,3166.59,0,0
8348,23.7206,94.9866,9.34563,3541.58,4.0044,10.8589
1966,0,0,0,3166.59,0,0
7026,33.1731,90.1335,8.4113,3499.36,2.71707,9.48938
8236,37.8548,45.9163,4.42549,3386.42,1.21296,5.19186
7978,0,0,0,3166.59,0,0
5950,39.4923,50.487,4.49071,3396.9,1.2784,5.25664
2733,31.0869,99.5855,7.8204,3517.36,3.20346,9.10207
2707,0,0,0,3166.59,0,0
5341,35.5708,65.373,6.57355,3460.89,1.83783,7.73553
2829,0,0,0,3166.59,0,0
4640,28.475,96.517,8.25379,3523.72,3.38953,9.13897
8694,0,0,0,3166.59,0,0
8856,30.617,57.3359,6.39672,3463.13,1.87268,7.03409
5488,29.6301,74.691,7.09546,3492.11,2.52078,8.04479
7750,0,0,0,3166.59,0,0
4840,41.3098,69.5108,6.89215,3447.91,1.68267,7.26711
2521,0,0,0,3166.59,0,0
5944,37.8866,77.9946,7.15659,3472.96,2.05863,8.09268
572,40.8158,75.2659,6.56555,3461.29,1.84404,7.61302
3370,35.3935,79.6518,7.50917,3480.18,2.25046,8.2314
1947,0,0,0,3166.59,0,0
8889,0,0,0,3166.59,0,0
6991,36.1234,67.6766,7.19234,3463.18,1.87348,7.96427
1715,34.6788,83.7503,8.09769,3487.76,2.41503,9.22739
6632,0,0,0,3166.59,0,0
6940,33.5719,79.6777,7.83006,3485.84,2.37335,9.29412
69,38.5378,83.5194,6.94269,3477.03,2.16721,7.96943
7055,38.3543,67.8113,5.83449,3455.42,1.76802,6.92489
5811,34.7854,91.1631,7.67405,3495.8,2.62073,9.15732
8043,30.8705,96.3024,8.5284,3514.25,3.11956,9.38225
6631,0,0,0,3166.59,0,0
2264,34.1622,70.1343,5.67192,3472.74,2.05298,6.3004
9731,30.5655,50.9547,6.70737,3446.2,1.66707,8.37184
7368,0,0,0,3166.59,0,0
7897,0,0,0,3166.59,0,0
1529,34.14,52.4988,4.79536,3430.5,1.53775,5.30684
1727,31.0423,64.9165,5.4722,3474.18,2.09122,6.30006
846,32.113,84.5221,7.6656,3496.22,2.63202,8.92868
2718,34.8093,52.9892,4.54156,3428.51,1.52227,5.15571
6072,45.8474,70.3158,5.88764,3429.97,1.53369,6.63953
9609,0,0,0,3166.59,0,0
14,38.0686,69.2028,6.80608,3459.5,1.81785,7.59134
2175,37.7629,96.325,7.54805,3493.22,2.55078,8.83811
6063,37.8911,55.983,5.54537,3422.77,1.47747,6.69124
2041,0,0,0,3166.59,0,0
5674,0,0,0,3166.59,0,0
7693,42.7166,64.6031,5.50257,3427.24,1.51237,6.03343
5983,0,0,0,3166.59,0,0
1177,35.4267,67.4974,7.97298,3465.22,1.90527,8.65998
2051,38.408,73.6305,7.16053,3465.97,1.91706,7.97285
987,33.476,40.1952,5.0325,3384.48,1.20072,5.91956
4110,0,0,0,3166.59,0,0
5856,45.5808,100.535,7.90727,3478.47,2.20565,8.67851
8852,0,0,0,3166.59,0,0
7662,42.0928,60.0843,3.97882,3416.63,1.42742,4.89237
4324,45.8277,67.0421,6.46055,3420.9,1.46292,7.19787
8388,26.4034,101.072,8.82197,3536.78,3.82797,9.94969
5074,0,0,0,3166.59,0,0
8120,22.8466,68.1397,8.31565,3509.17,2.98248,9.26393
3165,32.2114,83.499,7.70178,3494.75,2.59222,9.19881
5208,0,0,0,3166.59,0,0
8186,31.1586,77.8891,7.79541,3491.33,2.49976,8.46577
5880,30.7351,70.173,7.48982,3481.69,2.28315,9.26334
7764,0,0,0,3166.59,0,0
7145,0,0,0,3166.59,0,0
8792,0,0,0,3166.59,0,0
9961,28.4222,78.9654,7.52135,3501.62,2.77829,8.87604
9651,23.0515,107.295,9.97986,3558.75,4.65458,10.8476
6476,29.6511,70.5651,8.39259,3486.14,2.37984,8.80836
9497,0,0,0,3166.59,0,0
3748,36.7452,55.8601,5.22975,3428.24,1.5202,5.83199
3237,31.0644,77.9992,6.53898,3491.75,2.51089,8.12318
2938,37.6653,109.115,8.09097,3506.01,2.89697,8.98082
9713,34.6051,56.6457,5.15638,3442.91,1.63692,6.13405
3262,35.8216,66.7132,7.48104,3462.47,1.86237,9.52205
2438,32.5768,42.0738,4.45769,3399.02,1.29153,5.00638
1763,30.0602,78.3082,7.63345,3495.22,2.60504,9.39805
8975,42.3734,53.888,5.08605,3395.83,1.27174,6.03702
969,35.2,101.76,8.20708,3505.79,2.8909,8.61979
8106,32.1083,67.1118,6.43837,3474.14,2.09017,7.5381
6093,0,0,0,3166.59,0,0
3799,32.26,98.6487,8.26593,3511.97,3.05793,9.1982
3371,42.0799,48.3167,4.02611,3376.68,1.14821,4.28297
2435,29.8345,68.7842,6.45637,3482.72,2.30553,7.68993
1829,0,0,0,3166.59,0,0
2893,0,0,0,3166.59,0,0
3752,0,0,0,3166.59,0,0
5638,30.333,74.0184,8.10069,3488.92,2.4402,9.51009
9207,34.1796,49.3605,5.79859,3418.61,1.44415,6.57724
6760,38.2291,84.8735,6.85353,3479.01,2.22013,8.05431
6274,39.5554,59.9956,5.31597,3427.8,1.51675,5.90697
5190,26.4164,76.7968,8.14764,3506.39,2.90716,10.1421
6116,0,0,0,3166.59,0,0
9845,0,0,0,3166.59,0,0
3499,33.2836,81.7861,7.87416,3489.71,2.45725,9.05028
7332,0,0,0,3166.59,0,0
662,0,0,0,3166.59,0,0
9082,30.5658,51.1412,5.10811,3446.87,1.67315,6.058
7435,34.7616,66.3103,5.94625,3465.37,1.90757,6.73789
3198,33.7308,54.3725,5.5938,3440.17,1.61195,6.67683
8810,0,0,0,3166.59,0,0
1121,0,0,0,3166.59,0,0
1016,0,0,0,3166.59,0,0
8530,35.5141,41.889,4.31755,3381.13,1.1795,4.80343
3018,35.7923,79.2383,7.96773,3478.78,2.21384,9.22134
7908,0,0,0,3166.59,0,0
3389,0,0,0,3166.59,0,0
5465,0,0,0,3166.59,0,0
8874,31.2061,69.1776,6.59433,3478.89,2.2168,7.64151
2162,0,0,0,3166.59,0,0
6310,31.3847,97.7815,8.44029,3514.11,3.11558,9.265
3003,34.8121,95.5271,7.09129,3500.35,2.74407,7.88033
9280,31.1801,83.7116,7.26257,3498.16,2.68478,8.76156
6430,36.6399,56.8516,5.06737,3432.32,1.55163,5.75098
2750,0,0,0,3166.59,0,0
9390,30.8053,100.507,8.32565,3519.56,3.26265,9.14935
115,28.2752,75.4534,8.58233,3497.56,2.66854,9.64079
7325,27.0996,84.0424,8.50105,3513.57,3.10124,10.1036
3467,29.809,95.2314,8.256,3517.04,3.19472,8.99316
3166,40.8023,91.4662,6.60063,3479.82,2.24169,8.04537
7566,36.0416,57.5637,4.95257,3438.27,1.59715,5.94423
507,30.3881,94.9302,7.6582,3514.41,3.12392,9.05487
6337,0,0,0,3166.59,0,0
6959,0,0,0,3166.59,0,0
2298,0,0,0,3166.59,0,0
2972,35.7219,53.6627,6.28245,3425.94,1.50224,7.41776
6529,0,0,0,3166.59,0,0
3832,33.8824,76.7406,8.1642,3480.85,2.26491,8.86369
3041,31.1429,75.9961,6.83294,3488.92,2.44023,7.43535
9105,0,0,0,3166.59,0,0
4506,32.1272,60.5764,6.38531,3463.95,1.88552,7.91415
5105,0,0,0,3166.59,0,0
2713,0,0,0,3166.59,0,0
2464,32.914,80.3542,6.5772,3488.97,2.44134,7.65123
2465,36.8092,95.2133,7.75244,3494.54,2.58667,8.52221
8237,37.9428,104.969,8.22219,3501.18,2.76651,9.16496
7382,36.2683,44.2998,4.01838,3387.76,1.22145,4.6747
65,0,0,0,3166.59,0,0
9288,0,0,0,3166.59,0,0
3967,41.6392,70.0693,6.32616,3447.92,1.68277,7.47215
6689,0,0,0,3166.59,0,0
3655,26.1615,61.4202,5.4642,3484.66,2.34774,6.44139
5528,27.1781,73.2916,7.29278,3498.61,2.69672,8.18921
7494,0,0,0,3166.59,0,0
8546,35.5268,82.5882,7.40904,3483.6,2.32468,8.6118
4065,0,0,0,3166.59,0,0
6247,31.6961,55.6505,5.55152,3454.42,1.75575,5.9341
6189,40.8682,49.8613,4.06239,3387.54,1.22005,4.49795
4742,0,0,0,3166.59,0,0
8397,32.4696,77.3001,8.32979,3486.18,2.38069,9.38338
1830,32.7035,83.4951,8.09817,3493.3,2.55309,9.54947
7069,35.0684,73.202,7.20799,3474.03,2.08741,8.14116
7006,25.2443,103.831,9.58939,3544.41,4.11304,10.4219
8735,37.2531,42.5183,4.18958,3375.73,1.14134,4.64042
2676,0,0,0,3166.59,0,0
3877,34.5455,58.3567,5.52109,3448.63,1.68927,5.92887
8886,0,0,0,3166.59,0,0
4585,41.2326,59.3469,6.0935,3418.04,1.43932,6.90824
6880,0,0,0,3166.59,0,0
8901,0,0,0,3166.59,0,0
3181,35.6411,87.7232,7.43278,3489.89,2.46129,8.03412
4099,37.4887,94.4348,8.33197,3492.05,2.51902,9.27149
3980,0,0,0,3166.59,0,0
4268,37.7423,84.944,8.19337,3480.19,2.25063,8.83895
2167,24.7408,94.9647,9.0647,3537.07,3.83838,10.6429
5169,0,0,0,3166.59,0,0
9907,34.6332,90.6545,7.70904,3495.68,2.61756,9.00833
7453,0,0,0,3166.59,0,0
8965,35.5932,64.7748,6.61677,3459.67,1.81986,7.86141
1527,27.2056,91.7185,8.69324,3523.13,3.37131,10.2725
731,0,0,0,3166.59,0,0
7771,0,0,0,3166.59,0,0
5958,35.998,59.5381,4.83352,3444.77,1.65393,5.99413
3027,34.5937,68.4668,7.44454,3469.96,1.97917,8.64148
1487,38.3168,83.3911,6.98974,3477.37,2.17636,7.88178
2568,0,0,0,3166.59,0,0
1617,0,0,0,3166.59,0,0
5040,27.9963,64.3073,5.49087,3482.33,2.29699,6.74386
358,0,0,0,3166.59,0,0
1084,0,0,0,3166.59,0,0
8441,41.7403,99.6308,8.4663,3486.47,2.38692,9.04408
2344,0,0,0,3166.59,0,0
8085,0,0,0,3166.59,0,0
2076,37.7152,51.4908,4.35512,3409.17,1.36526,5.2978
8235,30.6032,75.9635,7.49802,3490.69,2.48221,8.5308
2105,0,0,0,3166.59,0,0
9263,31.5602,96.7671,8.45979,3512.27,3.06611,9.32059
1042,0,0,0,3166.59,0,0
2251,37.5767,106.476,8.29669,3503.67,2.83357,9.00965
2812,44.1155,67.2115,5.16086,3428.67,1.52353,5.86318
4701,28.9184,73.0344,9.19586,3492.29,2.52554,9.73113
4040,29.3999,99.7154,8.44056,3523.79,3.39169,9.87585
1930,27.5955,90.4723,8.99365,3520.13,3.27851,10.5085
3991,0,0,0,3166.59,0,0
7062,39.1426,75.0975,6.90858,3466.07,1.91856,8.5224
992,0,0,0,3166.59,0,0
5420,35.6344,87.9719,8.07517,3490.19,2.46874,9.23284
8309,34.0597,65.5787,5.67146,3466.51,1.92541,6.31717
8806,38.7548,91.5451,7.36638,3485.33,2.36216,8.64744
6900,0,0,0,3166.59,0,0
9833,26.3349,76.944,7.63781,3506.93,2.92176,9.02338
7416,29.5958,91.4313,8.30678,3513.13,3.08934,9.24361
3075,29.1662,91.6616,8.90946,3515.11,3.14273,10.3265
2910,35.0844,49.1553,4.99985,3413.51,1.40106,5.7118
2337,0,0,0,3166.59,0,0
2861,36.2473,53.1667,6.16518,3421.39,1.46678,7.03791
7177,35.9369,86.2888,7.51316,3487.12,2.40112,9.08496
7184,0,0,0,3166.59,0,0
1728,30.71,77.9891,7.02921,3492.8,2.53953,8.57672
508,42.7325,81.9516,7.05535,3466.02,1.91778,8.21915
3006,0,0,0,3166.59,0,0
342,28.3652,90.0853,8.53711,3516.34,3.17591,10.0064
6170,42.8859,94.2027,6.893,3478.13,2.19659,7.37142
720,28.1927,66.7611,6.50089,3485.6,2.36803,7.63754
7040,0,0,0,3166.59,0,0
3761,34.395,65.0819,7.56332,3464.38,1.89219,9.02269
2638,23.3693,99.2339,9.72868,3547.89,4.24634,11.3494
1389,0,0,0,3166.59,0,0
6272,31.3553,73.2305,6.89677,3484.1,2.3355,7.93415
3587,28.7657,53.7961,5.19664,3462.97,1.87015,5.93227
4439,0,0,0,3166.59,0,0
1297,0,0,0,3166.59,0,0
1112,0,0,0,3166.59,0,0
1307,28.5152,75.3623,6.91043,3496.62,2.64288,8.03669
5741,30.6429,79.6758,8.23179,3495.04,2.60014,9.36366
7410,0,0,0,3166.59,0,0
8978,40.0673,54.3003,5.82304,3407.81,1.35523,6.49621
6279,31.3073,75.0638,6.96024,3486.96,2.39764,7.74985
9377,0,0,0,3166.59,0,0
2856,38.8916,97.4925,7.59593,3491.59,2.50677,8.84774
125,32.9597,56.0148,6.20022,3449.75,1.6995,7.41927
2724,0,0,0,3166.59,0,0
9169,0,0,0,3166.59,0,0
5427,37.4603,67.0806,6.77712,3457.28,1.79071,7.38858
192,29.9959,105.914,8.52758,3528.29,3.53094,10.0216
3184,29.5849,99.3752,7.69984,3522.73,3.35898,9.10318
7772,27.0215,92.8384,8.60584,3525.21,3.43572,10.1726
1723,0,0,0,3166.59,0,0
9972,29.7737,72.2845,8.57909,3488.35,2.4278,9.83047
9811,29.6805,92.9497,8.63157,3514.7,3.13167,10.0452
5701,0,0,0,3166.59,0,0
3893,33.8221,72.966,6.83807,3476.66,2.15735,7.23103
7250,0,0,0,3166.59,0,0
6233,0,0,0,3166.59,0,0
9410,31.566,77.2587,7.11587,3489.26,2.44753,8.4095
1422,34.9766,71.0147,7.43864,3471.89,2.03035,8.57401
7688,32.9653,80.0789,7.10634,3488.41,2.42918,8.60716
7896,0,0,0,3166.59,0,0
1239,28.5818,74.456,7.46576,3495.22,2.60502,9.19988
1082,30.5597,86.655,8.49582,3503.74,2.8356,10.0241
8977,29.2202,87.4897,8.42067,3509.61,2.99415,9.9843
7107,0,0,0,3166.59,0,0
4847,0,0,0,3166.59,0,0
8980,35.9905,92.5049,8.65201,3493.94,2.57026,9.30929
6839,0,0,0,3166.59,0,0
8673,33.0946,72.754,7.31749,3478.19,2.19837,8.87724
4215,27.5849,81.3355,8.90722,3507.92,2.94855,10.366
3439,35.3697,59.2657,6.72903,3447.14,1.6756,7.62715
3981,26.803,93.7224,8.56156,3527.19,3.49672,9.88644
1745,37.8981,74.4728,6.16431,3469.05,1.96508,7.09617
4704,35.1742,40.4369,5.21323,3376.87,1.14962,5.77482
9299,0,0,0,3166.59,0,0
2196,0,0,0,3166.59,0,0
9965,32.1733,74.9622,6.28042,3483.84,2.32995,7.07855
7363,26.5684,83.4016,8.58947,3514.98,3.13912,9.9648
13,33.4716,50.5659,4.82567,3427.03,1.51071,5.57931
6367,0,0,0,3166.59,0,0
8425,34.6409,114.995,8.07496,3521.46,3.31964,9.4989
4683,37.4321,61.9474,5.09031,3444.88,1.65493,5.94781
168,0,0,0,3166.59,0,0
2296,0,0,0,3166.59,0,0
877,0,0,0,3166.59,0,0
4108,29.4077,66.9263,5.96869,3481.35,2.27581,6.96586
6887,32.9345,76.7757,6.89333,3483.9,2.33116,8.14404
5113,32.9213,85.5827,7.53435,3495.02,2.59961,8.57492
6830,31.3716,92.8367,7.7556,3508.32,2.95926,9.46888
5462,0,0,0,3166.59,0,0
9452,31.9227,59.6576,5.52977,3462.88,1.86881,6.14644
5337,43.253,63.4856,6.03268,3421.52,1.46777,7.48128
99,31.5305,98.5526,8.57322,3514.48,3.12563,9.21158
2113,0,0,0,3166.59,0,0
9300,0,0,0,3166.59,0,0
1243,0,0,0,3166.59,0,0
2316,44.8108,60.1459,4.62006,3406.05,1.34222,5.68157
31,0,0,0,3166.59,0,0
5079,0,0,0,3166.59,0,0
9815,36.9055,88.1011,7.97818,3486.48,2.38721,9.09948
3318,37.0436,58.0793,7.5412,3434.44,1.56786,8.13373
4916,42.9282,94.7675,7.59709,3478.54,2.20758,8.84801
7128,0,0,0,3166.59,0,0
7567,40.1171,72.6707,7.12676,3458.98,1.81146,8.36766
8958,0,0,0,3166.59,0,0
7247,33.4365,75.7443,6.23965,3480.87,2.26532,7.20143
8153,0,0,0,3166.59,0,0
5708,33.9573,54.4306,5.78625,3439.03,1.60291,6.96
1311,0,0,0,3166.59,0,0
4839,0,0,0,3166.59,0,0
6145,29.3411,86.4402,8.1173,3507.83,2.94605,9.66394
4241,0,0,0,3166.59,0,0
5820,0,0,0,3166.59,0,0
4451,33.4959,62.5847,6.15733,3462.85,1.86843,7.27305
6059,0,0,0,3166.59,0,0
1058,0,0,0,3166.59,0,0
6572,0,0,0,3166.59,0,0
3818,27.1147,68.4875,6.71458,3492.3,2.52584,7.81481
9146,25.0401,81.6933,9.28728,3519.55,3.2625,10.7814
5743,0,0,0,3166.59,0,0
4833,25.5875,86.0046,8.79011,3522.8,3.36119,10.4531
4386,45.2819,81.8766,6.73754,3458.71,1.80815,7.83536
7950,26.77,80.6154,8.3937,3510.25,3.01141,10.2983
1974,35.7979,110.938,8.12139,3513.49,3.099,9.38467
8144,32.6773,56.6212,5.90171,3452.54,1.73274,6.85824
7535,0,0,0,3166.59,0,0
1387,38.5817,83.485,8.16256,3476.9,2.16385,9.03294
4445,37.2865,60.9922,6.0323,3442.78,1.63577,7.48346
9429,0,0,0,3166.59,0,0
5801,0,0,0,3166.59,0,0
1254,42.9009,89.5683,8.07392,3474.05,2.08779,8.87731
521,37.6493,86.4543,7.56691,3482.29,2.29631,8.8249
3313,0,0,0,3166.59,0,0
6782,26.6093,67.9217,6.49618,3493.28,2.55256,7.64127
8083,0,0,0,3166.59,0,0
9530,33.4704,54.3904,6.01141,3441.61,1.62503,6.95662
1156,40.734,56.1392,6.22266,3410.81,1.37819,7.11842
5336,0,0,0,3166.59,0,0
5580,31.0555,92.1286,8.69417,3508.59,2.96658,9.90604
4231,33.9582,43.6301,4.73671,3397.94,1.28482,5.57053
1006,0,0,0,3166.59,0,0
7316,41.6347,90.2052,7.7774,3477,2.16659,9.28503
1680,0,0,0,3166.59,0,0
8550,0,0,0,3166.59,0,0
2598,26.538,66.3239,7.00785,3491.31,2.49921,8.40175
1135,32.3153,75.4493,7.80106,3484.07,2.33479,8.80389
4910,0,0,0,3166.59,0,0
4629,0,0,0,3166.59,0,0
7767,0,0,0,3166.59,0,0
6548,34.2031,93.1561,8.68719,3499.6,2.72362,9.54785
1972,0,0,0,3166.59,0,0
8552,0,0,0,3166.59,0,0
6950,36.33,60.4661,6.92463,3445.91,1.66436,7.73492
1777,32.5059,63.3669,6.58676,3468.05,1.9494,8.58207
4803,0,0,0,3166.59,0,0
3633,24.9769,88.0702,9.06007,3528.13,3.52606,11.2578
4595,35.1292,45.0776,4.59933,3397.68,1.28319,5.71451
8857,29.8234,95.8984,8.77917,3517.81,3.21554,9.47968
7387,33.6996,90.9522,8.21798,3498.69,2.69891,9.10225
6414,0,0,0,3166.59,0,0
2850,30.8062,80.3993,7.07602,3495.4,2.60985,8.41567
3433,0,0,0,3166.59,0,0
4290,0,0,0,3166.59,0,0
5774,0,0,0,3166.59,0,0
5926,41.8022,101.482,7.57136,3488.35,2.42768,8.71235
5391,0,0,0,3166.59,0,0
9504,28.0447,100.595,8.60856,3530.09,3.58695,10.1685
776,27.9052,75.5733,8.22797,3499.03,2.70822,9.79795
4767,27.0917,78.6746,8.6315,3506.27,2.90401,9.96083
6684,0,0,0,3166.59,0,0
6313,24.874,101.73,9.36834,3543.81,4.08981,10.5776
7389,27.5517,101.291,9.65788,3532.57,3.67639,10.0208
6896,29.9402,76.4668,8.84813,3493.34,2.55398,10.283
8056,38.6055,67.6389,6.16744,3454.12,1.75205,6.88582
3149,0,0,0,3166.59,0,0
4601,0,0,0,3166.59,0,0
9167,27.6639,88.0056,9.03205,3516.54,3.18124,10.3233
6359,42.0852,91.4471,8.21615,3477.24,2.1729,9.25003
2562,32.9245,106.399,8.635,3518.4,3.23159,9.58264
2518,32.8529,81.3263,8.77418,3490.44,2.47547,9.88704
6458,46.854,79.4032,7.46127,3449.23,1.6947,8.32264
4466,32.7411,35.039,3.75965,3367.36,1.07018,4.09083
1961,0,0,0,3166.59,0,0
3751,38.2732,101.931,8.11811,3497.37,2.66325,9.15641
7398,0,0,0,3166.59,0,0
8059,0,0,0,3166.59,0,0
7267,0,0,0,3166.59,0,0
6701,30.6602,79.0887,8.09868,3494.28,2.57953,9.76252
222,0,0,0,3166.59,0,0
6264,44.3164,68.5885,5.98408,3431.8,1.5477,6.6623
4748,29.8796,62.614,5.88668,3474.34,2.09554,6.90503
9952,42.4392,70.9091,6.36845,3446.62,1.67084,6.86278
117,0,0,0,3166.59,0,0
4766,29.1113,91.8084,9.42762,3515.52,3.1537,9.90555
4817,30.1159,84.6525,8.32176,3502.83,2.81089,9.86549
9964,32.2277,84.2953,7.1285,3495.61,2.61562,8.052
6389,0,0,0,3166.59,0,0
121,0,0,0,3166.59,0,0
5248,0,0,0,3166.59,0,0
20,36.0412,80.3496,7.9267,3479.36,2.22938,9.42392
2532,29.5393,60.7117,7.32132,3472.83,2.05529,8.23495
799,35.6301,44.5258,4.30831,3392.27,1.24967,4.85503
5304,32.2387,65.5897,7.59142,3472.05,2.0345,8.84218
8532,0,0,0,3166.59,0,0
8411,45.8669,61.0172,6.57642,3404.43,1.33031,7.38866
9209,27.3622,83.8282,8.96987,3512.18,3.06364,10.5257
2308,33.0591,81.4976,8.61992,3490.06,2.46521,10.1509
908,37.8168,93.6907,8.33517,3490.51,2.47749,9.10377
2566,29.1907,91.7764,8.51902,3515.16,3.14403,9.88231
435,26.1712,85.6444,8.82692,3519.92,3.27247,9.84156
1572,38.6426,47.455,4.5787,3388.81,1.22805,5.69584
3657,0,0,0,3166.59,0,0
3274,37.1934,96.2828,7.42844,3494.62,2.58871,8.93251
8678,36.8094,83.9181,7.159,3481.53,2.2798,8.75138
5939,0,0,0,3166.59,0,0
948,35.7087,58.6181,5.13092,3443.41,1.64156,5.83119
8049,35.3829,69.3489,5.38004,3468.73,1.95996,5.96009
3365,32.1962,52.976,5.75213,3443.83,1.64541,6.20766
3847,32.4338,89.5526,8.72805,3500.98,2.76109,9.70899
175,38.5163,69.3877,6.24599,3458.17,1.80151,6.99582
6571,31.2495,86.3049,7.64076,3501.01,2.7618,8.47814
9039,0,0,0,3166.59,0,0
8658,30.9992,85.4353,7.73655,3500.8,2.75605,9.16895
6971,0,0,0,3166.59,0,0
4183,33.7757,56.1677,6.45654,3445.76,1.66296,7.43063
2813,31.1212,75.9355,8.14361,3488.91,2.43999,9.42953
4126,0,0,0,3166.59,0,0
498,32.6246,60.4729,6.43784,3461.9,1.8536,7.39398
4068,0,0,0,3166.59,0,0
1206,0,0,0,3166.59,0,0
1767,0,0,0,3166.59,0,0
2624,34.3188,62.5152,6.23276,3459.81,1.8216,6.80028
4164,43.0503,75.8341,7.27264,3454.89,1.76152,8.31932
7302,0,0,0,3166.59,0,0
6590,34.0526,80.5789,7.35916,3485.52,2.36631,8.1388
3256,39.4574,79.6267,8.23025,3471.43,2.01804,9.03993
3803,33.3366,66.0737,7.39442,3470.08,1.98202,8.36762
7144,29.331,79.8263,8.50628,3499.52,2.72156,9.60836
4227,30.9966,90.5538,8.09452,3506.92,2.92141,9.71868
5606,31.8008,83.8922,8.27126,3496.44,2.63805,9.10126
6987,25.6667,82.4468,9.90811,3517.69,3.21221,10.6811
2569,0,0,0,3166.59,0,0
5512,0,0,0,3166.59,0,0
334,37.8861,91.1196,8.58098,3487.31,2.40509,9.28857
7214,0,0,0,3166.59,0,0
4143,30.8314,35.4838,3.42024,3377.05,1.1509,4.22164
5881,35.2451,78.429,7.49716,3479.2,2.22524,8.80543
2883,32.5403,123.903,8.6624,3536.22,3.80767,9.98342
6340,0,0,0,3166.59,0,0
9415,30.063,84.3208,8.89469,3502.6,2.8048,9.83823
7712,25.1529,101.299,9.39114,3542.18,4.02731,10.0116
504,27.634,102.324,8.38568,3533.31,3.70281,10.2106
6599,26.8798,87.3201,9.3501,3519.03,3.24854,10.3863
9200,40.3714,76.4422,5.84771,3464.46,1.89347,7.02493
5007,0,0,0,3166.59,0,0
6725,0,0,0,3166.59,0,0
3805,34.1149,66.5648,6.01034,3468.16,1.9512,7.16289
3080,0,0,0,3166.59,0,0
4059,0,0,0,3166.59,0,0
5516,39.2475,60.7389,5.65624,3431.79,1.54759,6.38801
7911,27.7299,78.2886,8.81355,3503.28,2.82326,10.2607
3998,0,0,0,3166.59,0,0
9084,0,0,0,3166.59,0,0
7704,34.3028,85.9512,9.19151,3491.55,2.50566,10.0541
4101,0,0,0,3166.59,0,0
7244,0,0,0,3166.59,0,0
2283,0,0,0,3166.59,0,0
1613,34.7785,86.179,8.06541,3490.53,2.47794,9.88437
1764,37.3333,66.317,5.91757,3456.11,1.77635,6.68107
4351,0,0,0,3166.59,0,0
9059,0,0,0,3166.59,0,0
9442,0,0,0,3166.59,0,0
5266,34.3736,76.6324,8.01885,3479.36,2.2294,9.51213
5677,45.4993,71.7147,6.05602,3435.53,1.57617,6.51915
2330,0,0,0,3166.59,0,0
2336,0,0,0,3166.59,0,0
4217,39.6898,70.1807,7.48262,3455.44,1.76823,8.60183
5292,0,0,0,3166.59,0,0
2112,36.8049,84.7442,7.06377,3482.58,2.30253,8.19492
2099,32.4479,75.5803,8.24456,3483.81,2.32928,9.62886
9114,34.2344,98.4989,8.34743,3505.28,2.87719,9.68891
7413,0,0,0,3166.59,0,0
6636,27.6796,93.0556,8.94854,3522.82,3.36188,10.0827
9254,35.7146,70.1061,6.91386,3468.92,1.96296,7.75791
1523,0,0,0,3166.59,0,0
1190,32.7123,84.3422,7.88758,3494.23,2.5783,9.16491
4963,44.9622,71.69,5.92128,3437.92,1.59445,6.35174
6758,32.5162,40.331,4.59272,3390.77,1.24033,4.87557
4632,38.4741,47.6288,4.5153,3390.38,1.23794,5.05363
271,31.906,103.706,8.48841,3519.1,3.25034,9.85875
4379,0,0,0,3166.59,0,0
81,0,0,0,3166.59,0,0
5294,29.7082,100.152,7.9913,3523.12,3.37121,9.92015
3174,40.156,57.0368,5.52985,3415.8,1.42038,6.00389
2771,32.6129,94.869,8.62726,3506.45,2.90894,10.0025
9735,34.0387,87.8589,8.78889,3494.34,2.58115,10.4172
9861,36.7044,83.1088,7.9752,3480.82,2.26428,9.04434
2059,0,0,0,3166.59,0,0
5401,43.4163,102.49,8.31062,3485.26,2.36064,9.32389
4596,29.5193,99.0295,9.23491,3522.59,3.35474,10.3132
9046,26.7698,99.7053,9.6113,3533.91,3.72454,10.4099
162,0,0,0,3166.59,0,0
7203,0,0,0,3166.59,0,0
777,23.6909,123.524,11.4784,3574.87,5.21397,13.2648
5560,29.7927,57.9884,4.93148,3467.86,1.94639,5.94865
3021,22.4158,84.8498,9.73683,3535.6,3.78527,11.6581
606,27.7981,86.4251,9.21888,3513.86,3.10903,10.3724
3221,0,0,0,3166.59,0,0
1371,36.328,81.6481,7.96256,3480.05,2.24752,9.82508
9931,0,0,0,3166.59,0,0
3280,41.3963,74.4915,7.40605,3458,1.79947,8.24707
7508,0,0,0,3166.59,0,0
9348,0,0,0,3166.59,0,0
6487,31.0481,96.5549,8.64582,3513.89,3.10985,9.92544
5186,30.3577,101.81,8.84625,3522.56,3.35368,10.2949
9225,38.8336,61.5937,7.39907,3436.83,1.58609,8.32998
2914,32.2146,92.7477,8.5723,3505.35,2.87906,9.7015
4581,36.8742,69.4136,6.74725,3463.75,1.88244,8.44147
2946,0,0,0,3166.59,0,0
1848,24.2301,100.587,9.76161,3545.41,4.15131,11.3539
6138,32.7925,75.9846,8.25045,3483.25,2.31713,9.48194
6539,0,0,0,3166.59,0,0
4550,0,0,0,3166.59,0,0
409,0,0,0,3166.59,0,0
1398,0,0,0,3166.59,0,0
4566,0,0,0,3166.59,0,0
8364,33.9852,100.822,9.3659,3508.59,2.96665,10.0715
66,0,0,0,3166.59,0,0
4016,26.2887,63.093,6.83095,3487.07,2.40001,7.76755
7758,0,0,0,3166.59,0,0
1040,39.4423,57.4377,5.0603,3420.04,1.45625,5.78931
3646,28.3839,87.0143,8.40657,3512.25,3.06562,10.5746
3123,0,0,0,3166.59,0,0
9499,40.7237,89.3877,8.09113,3478.07,2.19498,9.84427
2520,34.6308,71.7856,7.70582,3473.49,2.07288,8.39985
2188,29.3889,61.931,6.05858,3474.78,2.10729,7.0488
3593,30.7915,79.376,6.05281,3494.22,2.57785,7.22935
2948,26.639,60.4356,7.56933,3481.02,2.26869,8.25492
7016,32.0931,76.3714,6.54058,3486.13,2.37969,7.3922
1465,31.7228,39.9099,4.41706,3393.63,1.25808,4.94226
9902,36.2208,96.0048,8.57411,3496.9,2.65054,9.56405
9575,37.1403,89.051,8.02642,3486.96,2.39769,8.41133
6585,29.7386,73.2204,7.22772,3489.93,2.46214,9.01246
5830,27.2257,67.5031,7.88878,3490.58,2.47939,9.24193
2133,35.559,80.3785,8.61766,3480.64,2.26043,9.97726
4714,36.4544,76.9973,7.11573,3474.96,2.11216,7.8178
75,32.5662,97.8532,8.33705,3510,3.00475,10.0528
7829,37.8011,91.4431,8.08353,3487.95,2.41906,9.43324
625,35.7292,71.3829,6.98102,3470.68,1.99789,7.74665
8909,0,0,0,3166.59,0,0
4427,0,0,0,3166.59,0,0
826,28.0042,90.1197,8.93886,3517.9,3.21807,10.7103
2582,27.7895,73.6338,7.56789,3496.87,2.6497,8.36724
549,38.1933,90.0759,6.91281,3485.16,2.35842,7.79627
4132,28.301,107.218,9.17506,3535.69,3.78849,10.4711
9081,28.7096,84.8247,8.44048,3508.14,2.95458,10.5738
3437,30.3435,69.9795,6.40195,3482.75,2.30624,7.34695
5728,31.2621,88.96,8.71401,3504.11,2.84561,10.8866
5001,0,0,0,3166.59,0,0
1454,30.5402,110.246,8.53396,3530.73,3.60988,9.72715
1950,34.9404,102.467,8.12933,3507.33,2.93262,9.30181
9189,35.1297,98.605,8.64014,3502.68,2.80689,10.1596
9369,0,0,0,3166.59,0,0
5996,40.0563,84.3278,8.20675,3474.7,2.10523,9.74438
3976,31.7393,89.7628,8.264,3503.46,2.82813,9.84613
8170,40.2343,58.6573,5.41776,3420.26,1.45789,6.28556
5738,0,0,0,3166.59,0,0
6181,0,0,0,3166.59,0,0
1933,0,0,0,3166.59,0,0
7881,45.3499,61.8057,6.54655,3408.85,1.36286,7.19932
1356,0,0,0,3166.59,0,0
2527,37.5218,93.9738,7.57805,3491.51,2.50451,9.02605
7746,31.0682,87.8192,8.69509,3503.41,2.82666,10.0942
7279,31.9009,95.1735,8.48433,3509.21,2.98341,9.79902
4656,51.8524,70.3015,6.51055,3407.89,1.3558,7.10234
7737,28.5888,80.9916,8.23144,3503.64,2.83298,9.24723
7809,29.0252,82.8661,7.85233,3504.46,2.85497,9.54205
3189,34.2559,66.6159,6.75152,3467.74,1.94466,7.92722
9424,0,0,0,3166.59,0,0
893,40.9091,55.3148,5.88678,3407.39,1.35214,7.15678
306,36.6201,73.4811,8.41052,3471,2.00658,9.09574
4446,36.8147,69.5722,6.78688,3464.23,1.8898,7.60737
3739,0,0,0,3166.59,0,0
1946,0,0,0,3166.59,0,0
7768,31.4812,98.9053,9.00919,3515.07,3.14173,9.95982
554,31.4904,90.8472,8.97692,3505.57,2.88492,9.89156
4257,30.1242,69.5284,8.57942,3482.84,2.30806,10.2744
5232,31.676,55.2882,6.7919,3453.58,1.74543,7.49424
7226,44.4917,71.8693,7.50481,3440.54,1.61534,8.00766
7725,0,0,0,3166.59,0,0
5269,37.9173,93.0371,8.94553,3489.54,2.45368,9.39129
9970,33.3571,76.5307,7.94471,3482.2,2.29428,8.94837
2416,0,0,0,3166.59,0,0
3108,32.5122,81.9756,7.04277,3492.13,2.52138,8.27061
1564,31.9183,96.6998,8.51184,3510.92,3.0296,9.93052
1604,0,0,0,3166.59,0,0
7096,0,0,0,3166.59,0,0
1901,0,0,0,3166.59,0,0
351,35.0408,107.84,9.25289,3512.7,3.07756,9.96706
905,28.6961,94.9424,8.96092,3521.1,3.30854,10.4636
8582,30.6107,77.6706,8.08275,3492.72,2.53736,9.39565
4151,0,0,0,3166.59,0,0
2619,42.9589,98.1035,6.81777,3481.71,2.28366,7.73173
8360,35.3252,83.6049,9.1497,3485.54,2.36672,10.2585
375,28.6261,87.2429,8.99258,3511.59,3.04767,10.154
7475,42.0775,67.3628,5.5583,3438.77,1.60092,6.55598
3082,34.2379,63.425,6.08182,3461.83,1.85248,7.61374
7557,0,0,0,3166.59,0,0
2332,0,0,0,3166.59,0,0
4447,35.5515,93.5353,8.92682,3496.18,2.63098,9.67819
4314,29.7028,69.9647,7.00665,3485.02,2.3555,8.59621
6569,40.3391,73.2395,7.73528,3459.32,1.8156,9.09578
5775,26.1555,70.4235,7.27138,3498.45,2.69249,8.13381
5566,0,0,0,3166.59,0,0
2350,0,0,0,3166.59,0,0
9232,30.954,80.3314,7.65576,3494.86,2.59519,8.54799
5787,31.4497,92.9929,8.18394,3508.23,2.95687,9.05549
4430,39.887,50.0437,4.09522,3393.07,1.25464,4.77548
291,0,0,0,3166.59,0,0
8269,30.8072,64.1337,6.59963,3473.82,2.08178,7.19096
7202,0,0,0,3166.59,0,0
4478,42.0319,82.4168,8.35524,3468.78,1.96082,9.56693
8175,33.5175,93.8462,8.33128,3502.42,2.79991,9.82241
5041,0,0,0,3166.59,0,0
1942,29.9999,90.3009,9.20189,3510.19,3.01004,10.6746
7679,47.0932,88.8488,8.18535,3464.02,1.88666,9.50111
9243,0,0,0,3166.59,0,0
8112,28.894,59.904,5.41327,3473.5,2.07324,6.47397
797,28.8742,113.067,10.3455,3539.22,3.91583,10.3853
1301,40.1471,65.7695,5.22811,3443.05,1.63822,6.16374
3903,0,0,0,3166.59,0,0
700,24.4505,99.3614,9.12914,3543.13,4.06378,10.9459
8354,35.0733,80.3716,8.60113,3482.07,2.29153,9.32383
1773,37.7726,55.9418,5.09271,3423.22,1.48102,5.99956
1691,28.4722,96.204,10.7867,3523.37,3.37887,12.2145
2945,38.1855,80.5155,8.277,3474.83,2.10854,9.75188
7980,37.8175,53.1572,5.83683,3414.05,1.40563,6.57392
4928,27.4464,93.8532,9.23439,3524.69,3.41951,10.2212
3876,38.2607,58.9381,5.52068,3430.85,1.54044,6.29812
5633,36.5017,79.9241,7.05398,3477.87,2.1896,7.82919
9292,0,0,0,3166.59,0,0
4318,40.2794,66.53,5.12272,3444.52,1.65171,5.52474
2663,35.4201,60.7298,5.80611,3451.05,1.71456,6.82417
1569,39.6146,76.2696,8.61583,3466.5,1.92529,10.0024
8991,25.3281,86.5451,9.83871,3524.6,3.41696,10.3298
639,35.5429,60.9495,5.7834,3451.07,1.71481,6.61968
8076,0,0,0,3166.59,0,0
157,32.1106,87.6116,8.05449,3499.78,2.72843,9.57316
7420,40.0171,73.9558,6.80259,3461.55,1.8481,8.04261
3599,35.2417,91.4872,9.33103,3494.89,2.59599,10.1715
2672,33.2554,75.8855,7.7437,3481.63,2.2819,9.32555
9282,37.7363,90.4403,7.91296,3486.92,2.39664,9.00346
4413,33.4643,60.1679,5.87697,3457.88,1.79797,7.34591
2387,35.885,56.1815,6.12955,3434.15,1.5656,6.95529
5246,30.2162,93.7356,10.2979,3513.61,3.10216,10.9307
5453,0,0,0,3166.59,0,0
6258,28.6635,83.6858,7.81965,3506.85,2.9196,8.79818
2534,31.4707,89.0511,8.81034,3503.52,2.82965,9.72664
2862,0,0,0,3166.59,0,0
7716,44.8384,71.612,6.89065,3438.27,1.59711,8.29911
4010,39.3681,88.8397,8.36123,3480.47,2.25664,9.46593
9534,0,0,0,3166.59,0,0
1697,39.5327,71.0746,6.01195,3457.87,1.79787,7.06592
8169,28.8756,74.7874,7.98697,3494.67,2.58998,8.81313
2937,34.6217,101.932,8.81468,3507.76,2.94416,9.64359
5730,36.6211,57.27,5.78023,3433.92,1.56385,6.46027
7888,30.3219,94.6001,9.49029,3514.26,3.11986,10.4307
273,37.7,75.4491,7.9897,3470.81,2.0013,8.91939
4298,0,0,0,3166.59,0,0
8155,48.3965,63.4083,6.486,3401.71,1.31018,7.39451
9514,37.0045,70.383,7.62965,3465.01,1.90201,8.41864
9001,36.2693,105.119,9.19723,3506.06,2.89829,9.73398
9875,0,0,0,3166.59,0,0
9172,0,0,0,3166.59,0,0
8773,37.4232,62.8626,6.51572,3447.6,1.67978,7.98892
7968,37.9521,97.4284,8.28085,3493.82,2.56714,9.78967
2806,0,0,0,3166.59,0,0
8542,43.6086,67.0494,6.27788,3430.47,1.53753,7.81474
9142,32.2779,64.287,6.43051,3470.44,1.99167,7.39944
962,43.5055,76.5702,6.58628,3454.77,1.76001,7.35183
982,32.1091,82.6277,8.80101,3494.05,2.57334,10.236
2257,35.5223,82.8541,8.097,3483.96,2.33246,9.21719
1314,43.2066,75.8388,7.1401,3454.38,1.75526,7.87828
4017,36.9568,86.5297,8.46365,3484.37,2.34138,9.32655
2318,41.6729,81.1344,7.79456,3467.89,1.94693,9.54188
5686,0,0,0,3166.59,0,0
8586,31.2631,105.118,9.4381,3522.84,3.36235,10.283
6963,40.3539,95.576,8.60333,3485.62,2.36844,10.0839
5000,31.469,102.441,9.414,3519.28,3.25531,10.3782
4569,29.2437,94.3561,7.14088,3518.22,3.22654,8.09229
6751,32.1169,75.6792,8.11754,3485.06,2.35637,9.37504
2239,31.4566,92.0281,8.0398,3507.07,2.92556,9.14891
9901,27.751,103.035,9.20393,3533.59,3.71283,10.0717
1737,36.2308,102.609,9.1197,3503.61,2.83209,10.2846
2421,31.0465,95.5666,8.91802,3512.72,3.07818,10.1444
7607,28.8346,125.553,9.78234,3550.72,4.35424,10.6807
4136,31.9541,61.6464,7.14689,3466.75,1.92922,8.50554
2363,31.3874,90.3666,9.42577,3505.35,2.87908,10.4443
7385,38.5044,110.062,9.40439,3504.58,2.85842,10.0861
6161,33.6038,78.5371,8.54842,3484.18,2.33715,9.95829
3983,36.7746,70.0394,6.25821,3465.17,1.90456,6.97803
722,0,0,0,3166.59,0,0
9198,28.5541,88.3007,8.78999,3513.25,3.0924,9.59134
9722,40.3047,58.3897,5.35346,3419.15,1.44871,6.1172
6361,23.7852,102.775,10.027,3549.84,4.32097,11.6257
6095,32.8536,78.9778,8.45041,3487.25,2.40393,10.1533
1441,0,0,0,3166.59,0,0
4797,37.6197,88.3487,9.04893,3484.7,2.34847,10.2707
8368,33.3114,87.7681,8.38083,3496.32,2.63477,9.9768
8279,0,0,0,3166.59,0,0
7074,38.1162,55.5224,5.75708,3420.1,1.45666,6.70676
3554,29.9211,87.8062,8.97016,3507.4,2.9346,10.415
5451,32.5712,51.9897,5.86812,3438.15,1.59619,6.89176
2920,0,0,0,3166.59,0,0
3602,33.681,98.8398,9.24969,3507.4,2.93458,10.5983
1855,40.6198,54.6768,5.97388,3406.57,1.34606,6.83576
2519,38.7222,92.2786,8.06809,3486.29,2.38309,9.51085
7064,31.6635,66.176,6.7888,3474.13,2.08997,7.99644
6888,27.6393,65.2726,7.56124,3485.3,2.36159,8.81726
9255,32.5723,64.2791,6.37482,3469.59,1.97343,7.19172
8796,0,0,0,3166.59,0,0
6386,28.2535,99.4371,10.115,3527.92,3.51946,10.9379
3219,36.7962,90.634,8.2097,3489.98,2.46313,9.71336
8051,35.4223,91.0874,9.43723,3493.98,2.57147,9.79655
1282,31.6289,91.2421,8.48466,3505.56,2.88477,9.93573
7053,36.5075,81.6636,8.01461,3479.64,2.2369,8.37502
7866,28.3402,93.5842,9.32413,3520.89,3.30218,10.6119
7773,27.8384,72.3293,7.55242,3494.97,2.59819,9.17314
4289,37.5573,60.3916,7.23273,3439.69,1.60798,8.276
359,29.1176,81.55,8.01538,3502.45,2.80071,10.0102
3718,31.7245,88.6483,8.45874,3502.21,2.79432,10.0857
6415,37.3308,97.6138,8.71721,3495.58,2.61483,9.36425
6377,0,0,0,3166.59,0,0
5584,0,0,0,3166.59,0,0
8490,30.122,51.8435,4.8131,3451.58,1.72112,5.37366
6969,0,0,0,3166.59,0,0
3417,31.8673,97.3257,9.10289,3511.83,3.0541,10.4942
5508,30.0921,101.526,7.77184,3523.21,3.37385,8.95023
8992,37.6152,89.3776,8.32388,3485.97,2.3761,9.7756
3579,0,0,0,3166.59,0,0
6039,31.7748,100.906,8.82313,3516.33,3.17566,10.0928
9147,0,0,0,3166.59,0,0
4652,28.5163,64.0306,6.37453,3479.96,2.2454,7.41987
2509,28.5862,96.088,8.87928,3522.81,3.36134,10.2924
6914,41.8334,68.9285,6.55776,3444.08,1.64769,7.71929
7947,0,0,0,3166.59,0,0
562,28.8346,62.8824,7.4852,3477.54,2.1808,8.65369
2469,45.5609,68.6674,6.44524,3426.57,1.50716,7.36914
152,29.3008,80.0565,8.95574,3499.92,2.73222,10.5528
4723,0,0,0,3166.59,0,0
9741,40.3925,76.8462,8.14082,3465.04,1.90249,9.53384
881,0,0,0,3166.59,0,0
6355,0,0,0,3166.59,0,0
2495,0,0,0,3166.59,0,0
7176,37.6853,110.631,8.45073,3507.44,2.93565,9.39078
793,0,0,0,3166.59,0,0
8666,35.5811,42.6042,4.74748,3383.95,1.19738,5.44555
3836,31.0981,80.7381,8.83719,3494.9,2.59623,10.7714
6859,35.3683,89.2311,8.75182,3492.19,2.52291,9.70486
5141,35.1741,83.0505,8.03517,3485.28,2.36113,8.70027
6491,29.5891,73.764,7.65205,3491.08,2.49294,8.87077
3380,37.6885,52.2349,5.5926,3411.73,1.38596,6.61385
3871,32.0947,99.8217,9.7276,3513.91,3.11023,10.2489
6826,28.7197,95.6273,8.30985,3521.78,3.32968,9.33173
5616,0,0,0,3166.59,0,0
8009,35.1095,93.3237,8.51834,3497.18,2.65808,9.88065
5298,0,0,0,3166.59,0,0
1844,29.6015,89.333,9.38642,3510.48,3.01785,10.1366
5777,40.1613,72.9163,6.76688,3459.32,1.81559,7.39415
197,33.6824,90.4891,8.6753,3498.23,2.68654,10.2046
1725,0,0,0,3166.59,0,0
474,28.0504,83.5128,9.66552,3508.98,2.97724,10.8637
1085,35.187,94.3318,8.8928,3498.02,2.68087,10.1138
2963,32.5813,93.5191,8.5372,3505.03,2.87033,10.5161
2574,0,0,0,3166.59,0,0
5496,28.3473,90.4932,10.5821,3516.95,3.1923,10.9096
4058,37.918,81.375,7.24758,3476.23,2.14608,8.34952
9045,0,0,0,3166.59,0,0
8486,34.4856,50.7181,5.27864,3421.9,1.4707,5.9136
6980,32.0794,67.3405,6.42355,3474.48,2.09918,7.72034
3001,39.1209,73.7849,6.76322,3463.99,1.88607,7.31125
6691,28.2262,97.0777,8.35578,3525.33,3.43928,10.197
1666,46.9249,66.3649,6.29764,3415.08,1.41428,6.93625
1159,34.7895,58.3351,5.78131,3447.27,1.6768,7.44626
4100,37.3205,82.4898,8.26908,3478.64,2.21031,9.5553
7493,0,0,0,3166.59,0,0
5422,40.781,81.1327,6.39636,3470.36,1.98947,7.60255
6927,44.0731,54.6309,5.52267,3390.64,1.23955,6.82104
4315,37.7101,67.5798,5.92189,3457.39,1.79209,6.84999
235,35.0439,72.0828,5.90331,3472.89,2.05693,6.68069
6630,0,0,0,3166.59,0,0
3017,29.7992,100.615,8.94986,3523.29,3.37643,10.635
9398,36.6613,100.396,9.0417,3500.15,2.73848,10.0817
8024,27.806,74.6802,8.61867,3498.2,2.68575,10.2648
1935,39.2183,53.6292,5.65875,3409.47,1.36745,5.97795
330,37.8256,80.9233,8.17276,3475.98,2.13938,9.33077
1324,35.9491,65.4531,6.82075,3459.74,1.82071,8.0859
2815,0,0,0,3166.59,0,0
6656,35.3229,87.2114,8.84596,3490.2,2.46897,9.87974
2164,0,0,0,3166.59,0,0
6702,0,0,0,3166.59,0,0
8178,35.4229,100.316,8.48206,3503.61,2.83196,9.6831
7254,41.9056,61.7751,5.86229,3422.34,1.47415,6.88368
4264,32.6309,57.7375,6.12308,3455.54,1.76941,7.15558
3352,36.6542,96.2178,9.09279,3495.96,2.62501,9.82413
4461,0,0,0,3166.59,0,0
5215,26.7782,90.4624,8.95451,3523.35,3.37821,10.686
410,0,0,0,3166.59,0,0
3207,33.3928,89.439,9.64198,3497.93,2.67839,10.2366
2998,0,0,0,3166.59,0,0
9183,26.2806,79.1091,8.00173,3510.2,3.01017,9.16067
5036,34.4856,96.0026,8.94661,3501.83,2.78384,10.0102
5876,0,0,0,3166.59,0,0
1133,29.2893,86.9485,9.77528,3508.66,2.96861,10.6981
8607,39.2211,91.0347,7.83623,3483.43,2.32107,9.53613
1417,0,0,0,3166.59,0,0
32,40.2732,53.9766,5.39022,3405.78,1.34026,6.02424
6506,38.2451,52.9973,4.73918,3411.7,1.38573,5.61851
7052,42.8545,75.2284,7.77771,3454.39,1.75544,8.34769
4074,33.8585,93.113,7.94126,3500.58,2.75007,9.62887
7188,26.6891,73.0293,7.23129,3500.07,2.73629,8.11774
24,0,0,0,3166.59,0,0
3665,28.8679,74.9181,8.37816,3494.86,2.59521,9.34205
2898,40.9066,89.301,7.54399,3477.62,2.18305,8.11402
7339,29.428,76.568,8.54327,3495.1,2.60188,9.63186
7936,36.1951,70.9055,6.64644,3468.66,1.95898,7.11636
7748,32.0051,90.0737,8.23074,3502.95,2.81435,9.83566
9691,34.2371,73.9061,6.94662,3476.71,2.15866,8.12896
4838,29.8833,68.7882,7.71406,3482.55,2.3019,8.72051
9503,28.6541,65.6797,7.83029,3482.1,2.29215,8.89638
5408,0,0,0,3166.59,0,0
3326,42.5187,54.1969,5.38983,3396.3,1.27466,5.84877
5166,32.1982,83.4733,8.86588,3494.76,2.59248,9.17463
9634,32.1221,87.7606,8.87946,3499.91,2.73209,9.78658
8444,0,0,0,3166.59,0,0
3542,30.4262,92.4825,8.69204,3511.29,3.03957,9.5176
357,0,0,0,3166.59,0,0
3391,0,0,0,3166.59,0,0
3954,25.1308,106.209,9.66719,3547.37,4.22626,11.1704
2030,33.5693,93.4455,8.70231,3501.82,2.78366,9.9266
2635,0,0,0,3166.59,0,0
7503,0,0,0,3166.59,0,0
7673,35.8524,51.7131,5.77624,3418.4,1.44239,6.87194
1936,32.8824,75.2371,6.37285,3481.91,2.28807,7.24929
6518,0,0,0,3166.59,0,0
6629,0,0,0,3166.59,0,0
8183,0,0,0,3166.59,0,0
3442,36.6646,70.587,6.0864,3466.5,1.92521,6.74953
6634,26.1444,89.212,9.21193,3524.45,3.41228,10.9697
6284,36.5546,52.3695,5.37221,3417.25,1.43264,6.23924
7423,36.1977,87.506,7.84528,3487.87,2.41745,8.70561
6718,34.4809,98.7492,8.64974,3504.79,2.86388,10.0032
848,0,0,0,3166.59,0,0
8079,31.8337,90.9128,8.37648,3504.49,2.85587,9.59075
839,43.4144,90.3482,7.38372,3473.8,2.08107,8.55023
7358,28.0587,43.869,5.49918,3433.87,1.56348,7.00895
2571,31.1168,71.5359,7.69,3482.42,2.29895,8.74311
9241,30.5925,103.431,9.21767,3523.44,3.38092,9.73047
9511,32.7779,84.0203,8.96488,3493.68,2.56332,9.96367
26,35.8812,64.1645,5.85274,3457.08,1.78825,7.17869
2354,38.3797,54.6421,4.89218,3416.19,1.42372,5.77987
7104,0,0,0,3166.59,0,0
6393,0,0,0,3166.59,0,0
984,36.0238,100.149,8.80456,3501.69,2.78008,10.1989
1139,26.4622,76.9318,9.0162,3506.39,2.90724,10.7217
8192,34.1458,81.4956,9.0613,3486.46,2.38669,10.4315
8295,28.7211,61.2442,7.17495,3475.72,2.13237,8.12042
3780,0,0,0,3166.59,0,0
4925,39.1834,76.4681,7.66424,3468.19,1.95154,9.03883
2455,27.5197,119.373,9.94331,3550.28,4.33771,11.8557
6384,33.3871,78.5702,6.66223,3484.92,2.35331,8.33256
5480,47.2723,63.5788,5.20913,3406.42,1.34495,6.05137
4573,44.8039,108.218,8.34078,3487.78,2.41537,9.99357
304,0,0,0,3166.59,0,0
8807,39.0858,55.4753,5.52794,3415.67,1.41932,6.64505
6245,36.5027,82.1809,8.35768,3480.22,2.25136,9.76272
774,31.1902,95.5787,9.07058,3512.21,3.06438,10.5096
6134,33.0395,89.1034,8.93702,3498.61,2.69687,10.2463
5803,30.7917,93.831,10.7005,3511.57,3.04728,11.8276
9075,0,0,0,3166.59,0,0
2056,39.0371,65.3523,7.47775,3446.98,1.67411,7.97802
5832,35.2284,72.7613,7.00676,3473.21,2.06542,8.426
4759,34.7798,72.9018,6.58636,3474.36,2.0961,7.74771
4184,39.4489,98.6365,8.74253,3491.36,2.50036,10.2441
6407,30.267,95.9804,8.98351,3516.16,3.17112,10.4944
1857,45.0942,91.4095,7.59275,3471.77,2.02708,8.82556
1877,38.7451,61.7344,7.56239,3437.77,1.59335,8.38562
8185,24.1587,88.5624,9.87989,3532.28,3.66587,11.8747
6086,34.5578,53.4877,5.47327,3431.81,1.54777,6.44326
1471,33.8654,67.9616,6.31369,3471.01,2.00682,7.39335
2339,31.8258,75.8284,7.74497,3486.27,2.38261,8.78425
3445,34.0371,52.261,6.16885,3430.2,1.53541,7.30628
5092,33.1919,96.9667,8.32668,3506.91,2.9214,9.34531
231,31.1604,108.039,9.65865,3526.23,3.46719,10.6379
5482,0,0,0,3166.59,0,0
4483,24.958,97.7526,9.15598,3539.25,3.91668,11.0335
2323,27.8612,78.309,8.98555,3502.82,2.81069,9.80503
5347,33.0361,115.436,9.66713,3527.11,3.49424,10.5456
6211,32.1365,77.6075,7.60715,3487.76,2.41493,8.40684
7488,41.4976,93.7358,9.12679,3480.57,2.25883,10.262
3168,0,0,0,3166.59,0,0
5623,39.7988,59.9485,5.45505,3426.46,1.50629,6.36124
7265,0,0,0,3166.59,0,0
1998,28.8775,89.5646,9.7083,3513.59,3.10154,10.7873
2068,0,0,0,3166.59,0,0
7670,41.7485,74.5749,7.0974,3456.92,1.78629,8.86517
432,0,0,0,3166.59,0,0
3749,37.9647,55.4727,6.01002,3420.67,1.46117,6.7633
4193,39.1811,76.2778,9.0253,3467.88,1.9468,9.86338
6716,35.0759,66.333,7.08315,3464.31,1.89113,7.4737
1289,28.483,84.7985,10.9512,3508.98,2.97716,12.8079
7352,28.7283,79.7958,8.72859,3501.59,2.7776,10.7762
901,0,0,0,3166.59,0,0
3734,31.7294,68.8631,6.65788,3477.14,2.17033,7.3651
228,38.2139,98.2846,7.88262,3494,2.57196,9.6331
7403,39.9321,70.1644,6.88261,3454.53,1.75709,7.98316
4830,47.5035,72.2747,6.61744,3428.4,1.52146,7.40869
2814,27.9412,53.005,5.33944,3464.69,1.89702,6.36145
1513,31.8633,89.0901,7.91353,3502.28,2.79601,9.45684
8529,29.2577,84.5254,9.45622,3505.72,2.88899,11.2309
7589,0,0,0,3166.59,0,0
6960,0,0,0,3166.59,0,0
5695,30.5041,89.1426,9.01542,3506.95,2.92231,10.4921
9423,0,0,0,3166.59,0,0
6082,35.3943,84.9914,8.81625,3487.13,2.40127,10.3235
2379,35.175,81.0326,8.32717,3482.63,2.3037,10.1107
7774,32.3019,52.1359,5.73007,3440.4,1.61402,6.74913
8765,35.8852,63.759,5.63082,3456.14,1.77675,6.59825
7000,43.9744,76.461,6.72748,3453.03,1.73876,7.79796
1451,28.3944,98.4818,9.05483,3526.27,3.46836,11.2156
7599,30.6564,72.3659,6.89533,3485.25,2.36055,8.23113
7505,0,0,0,3166.59,0,0
4229,28.6433,81.2841,8.18671,3503.82,2.83781,9.50632
1919,0,0,0,3166.59,0,0
3160,37.4022,62.8648,6.24494,3447.7,1.68078,7.48732
3190,35.5003,84.772,7.68429,3486.51,2.38792,9.7584
1134,35.2017,64.8453,7.78913,3461.17,1.84211,8.94177
7836,41.0717,73.2317,6.68022,3456.65,1.78302,7.69055
8740,29.4156,97.8835,9.25513,3521.71,3.3276,11.0408
1098,0,0,0,3166.59,0,0
1472,0,0,0,3166.59,0,0
2617,35.7413,38.473,4.00552,3367.92,1.07643,4.60188
2262,0,0,0,3166.59,0,0
6844,33.9342,109.562,8.83664,3518.3,3.22866,10.5601
5473,41.2148,68.0489,5.83801,3444.46,1.65108,6.87758
9724,34.6239,96.6371,8.36266,3502.09,2.79105,9.71693
8218,31.2288,80.8706,7.73508,3494.65,2.58962,8.57346
8954,38.8137,101.029,8.90898,3495.14,2.60291,9.81626
5839,37.5233,109.971,10.1104,3507.26,2.93075,10.9584
3089,35.9893,100.211,8.73031,3501.85,2.78448,10.0584
6607,31.8031,62.6464,7.90802,3469.36,1.96982,9.01844
7361,38.9938,58.3251,5.31848,3425.11,1.49575,6.05078
9101,42.4593,91.068,8.79954,3476.19,2.14483,10.1274
4492,0,0,0,3166.59,0,0
3817,24.6727,71.5845,8.20759,3506.17,2.90137,9.6653
3216,33.6471,92.0137,9.77912,3500.01,2.73467,10.4348
2791,35.9907,66.0413,5.69405,3460.71,1.83495,6.92223
7418,0,0,0,3166.59,0,0
3311,40.3598,72.3256,6.93427,3457.39,1.79202,8.093
6111,0,0,0,3166.59,0,0
1127,0,0,0,3166.59,0,0
7522,33.0623,91.943,8.93749,3501.72,2.7809,10.012
1552,0,0,0,3166.59,0,0
1916,41.7648,96.1915,8.14324,3482.61,2.30317,10.0579
9267,32.6237,56.5579,5.73858,3452.61,1.73364,6.97881
3480,40.2813,92.2703,9.29943,3482.03,2.29065,10.2198
4134,34.4673,112.261,10.1343,3519.35,3.25702,12.1686
5195,38.0545,85.8987,7.45101,3480.5,2.25725,8.55612
4202,30.9521,71.6769,6.5398,3483.19,2.31573,7.68328
1075,33.5842,57.5867,6.21504,3451.06,1.71469,6.98368
3552,32.2834,88.6651,8.68596,3500.44,2.74646,10.4258
8318,30.6572,107.237,8.90967,3527.22,3.49793,10.8075
4565,29.5081,67.1317,8.0052,3481.31,2.27503,9.93931
5924,28.4666,99.1131,9.85318,3526.7,3.48173,11.3852
6068,0,0,0,3166.59,0,0
9706,46.0781,71.8661,6.4123,3433.37,1.55966,6.97728
9326,30.0104,103.35,9.5908,3525.47,3.4438,10.4409
2001,30.3987,81.8069,7.97142,3498.4,2.69113,9.44484
6825,0,0,0,3166.59,0,0
2604,32.2722,77.8418,7.12171,3487.62,2.41204,8.60415
2492,30.7997,77.6082,7.6844,3492.07,2.51977,8.42515
594,34.4112,78.743,7.41154,3481.92,2.2883,8.61665
735,0,0,0,3166.59,0,0
6699,41.6424,68.908,5.74771,3444.86,1.65476,6.64836
2581,36.7482,48.8006,6.0264,3404.12,1.32797,6.85936
5981,39.0923,92.6452,7.80129,3485.68,2.36991,8.53405
3460,0,0,0,3166.59,0,0
4875,40.023,79.8708,6.81966,3470.59,1.99562,7.34002
8516,31.1201,75.2647,7.42221,3487.92,2.41852,8.69239
5276,45.0304,86.3706,9.14333,3466.04,1.91805,9.6894
5157,29.8985,96.8541,8.88097,3518.7,3.23943,10.7503
2401,42.5925,82.269,7.05572,3466.9,1.93154,7.90744
4114,38.8892,85.2403,8.02801,3477.95,2.19188,8.46751
964,33.7034,103.599,9.02632,3512.56,3.07384,10.4189
180,35.1609,99.3632,8.95427,3503.38,2.82596,10.0506
574,34.1291,84.7863,8.74282,3490.76,2.48429,10.5358
5087,0,0,0,3166.59,0,0
886,0,0,0,3166.59,0,0
3598,29.2961,67.1778,7.19853,3482.14,2.29306,8.08414
7464,0,0,0,3166.59,0,0
762,31.5447,92.2607,9.47265,3507.04,2.92476,10.8511
1130,45.1117,76.1371,7.53448,3448.47,1.68775,8.69418
9221,41.3931,72.1331,5.76143,3453.35,1.74263,7.09472
3506,31.9973,88.8867,8.82065,3501.61,2.77795,10.3098
8843,37.578,63.0761,6.99422,3447.46,1.67854,8.47784
5419,26.4433,100.873,9.75604,3536.41,3.81469,11.2197
7151,38.9428,71.4569,7.03847,3460.7,1.83492,8.16754
7851,0,0,0,3166.59,0,0
1699,26.8656,118.377,10.0924,3552.11,4.40628,11.207
2853,0,0,0,3166.59,0,0
4943,29.6845,77.0799,7.57951,3494.91,2.59664,8.44529
9144,32.9101,119.684,10.5387,3531.47,3.63668,11.1451
4238,32.7201,59.3935,7.64111,3459.29,1.8152,9.13523
203,34.5316,64.7849,6.3728,3463.35,1.87611,7.84085
1524,32.8707,79.4633,8.14964,3487.87,2.41745,9.62559
8671,39.7229,63.637,6.74034,3438.91,1.60202,7.82473
7910,33.7898,59.1671,5.55174,3454.03,1.75103,6.00426
2118,34.1092,45.9299,4.44313,3406.64,1.34656,5.4323
9644,28.8715,117.057,10.2916,3542.89,4.05443,11.3644
9357,27.7297,92.0327,9.99871,3521.43,3.31892,10.9966
8352,35.9099,67.2767,7.12095,3463.18,1.87348,7.96904
7619,42.6285,100.003,9.85592,3484.58,2.34592,10.4905
6024,37.1987,47.6057,4.94989,3397.12,1.27977,5.69217
7421,37.1871,104.02,9.38981,3502.32,2.79721,10.4836
1273,30.2901,97.6036,9.55236,3518.06,3.2223,11.4971
213,41.7978,63.966,6.3968,3429.55,1.53037,7.34437
3387,33.644,102.669,7.57096,3511.74,3.05161,9.03064
7149,32.6118,91.4325,9.27043,3502.56,2.80366,10.5282
6564,0,0,0,3166.59,0,0
4479,30.601,56.4178,6.07405,3461.27,1.84366,7.29378
421,0,0,0,3166.59,0,0
52,32.2361,99.0886,8.9329,3512.56,3.07384,10.4446
3537,0,0,0,3166.59,0,0
5280,0,0,0,3166.59,0,0
5994,33.3616,71.33,8.56866,3475.93,2.13809,10.0176
2642,36.2924,95.013,8.71659,3495.7,2.61799,10.0067
697,0,0,0,3166.59,0,0
4599,32.0436,80.9729,8.64817,3492.34,2.52696,9.72851
6574,31.7337,107.66,8.75255,3523.82,3.39259,10.5846
1566,40.9963,68.0665,5.88433,3445.47,1.66031,7.19476
8990,32.682,78.0314,8.5892,3486.5,2.38759,9.64166
1810,0,0,0,3166.59,0,0
9359,31.053,106.792,9.72879,3525.32,3.43902,11.4355
3563,0,0,0,3166.59,0,0
93,0,0,0,3166.59,0,0
4638,34.1588,117.999,9.92253,3525.82,3.45443,10.7417
2912,32.49,83.9551,7.44449,3494.45,2.58403,8.52288
4428,35.1055,90.2685,8.86707,3493.98,2.57135,10.2728
2644,29.5727,79.2466,8.33437,3497.98,2.67972,9.95323
1125,31.2622,110.194,10.1319,3528.09,3.52482,10.9386
2798,45.4984,75.5581,6.79474,3445.51,1.66068,7.35304
689,29.8426,104.337,8.8756,3527.17,3.49626,10.6727
5012,36.4207,66.1046,6.15521,3459.27,1.81503,7.35468
7957,30.4194,96.7782,9.43635,3516.55,3.18146,10.9306
7115,0,0,0,3166.59,0,0
7057,33.3927,56.0303,5.52522,3447.39,1.67792,6.35661
4250,46.0068,66.2472,5.33294,3418.11,1.43995,5.97889
3348,0,0,0,3166.59,0,0
1155,40.0164,79.9151,7.90642,3470.65,1.99706,9.06072
6562,38.4333,122.68,9.51612,3516.94,3.19201,10.2398
4658,36.6066,44.212,5.22824,3385.6,1.20776,6.25168
5372,29.5355,89.8357,7.518,3511.36,3.04162,8.88345
381,37.9846,86.6394,8.67342,3481.58,2.28091,9.87427
4401,34.4253,82.4611,7.06197,3486.86,2.39536,8.29196
1860,33.4316,60.874,5.95578,3459.75,1.82085,7.42609
3385,45.2909,66.4626,6.58997,3421.48,1.46746,7.27986
8311,28.3514,106.62,9.75748,3534.91,3.76065,11.6347
6931,30.4095,103.735,10.8661,3524.42,3.41127,12.7115
2889,38.285,93.1504,8.86954,3488.59,2.43308,10.1266
8676,0,0,0,3166.59,0,0
4450,0,0,0,3166.59,0,0
8775,27.8823,90.1463,8.85317,3518.46,3.2331,10.7733
5755,0,0,0,3166.59,0,0
8371,39.056,92.5386,9.22492,3485.66,2.36938,9.9871
7282,40.1644,56.67,6.25403,3414.68,1.41095,7.27796
4739,28.2227,82.4641,8.66689,3506.93,2.92191,10.8527
8325,38.7665,76.9136,6.993,3470.16,1.98402,8.18006
2763,35.5922,78.5625,8.65412,3478.53,2.20729,10.415
1643,39.9573,56.4936,5.64907,3415.03,1.41385,6.77099
4709,0,0,0,3166.59,0,0
8522,26.875,96.4338,10.3055,3530.13,3.58824,12.4138
8927,32.13,90.6138,9.1166,3503.17,2.82022,10.711
8705,0,0,0,3166.59,0,0
852,36.7536,87.7555,8.44043,3486.5,2.38767,10.3019
4147,0,0,0,3166.59,0,0
1186,0,0,0,3166.59,0,0
5807,31.2573,75.6198,8.89833,3487.96,2.41927,10.3613
874,32.6417,111.551,8.56029,3524.62,3.41743,10.3958
6448,36.0067,95.6209,7.71454,3497.09,2.65564,8.65489
7674,35.5221,93.0776,7.72473,3495.78,2.62027,8.68201
6070,34.6605,58.7084,5.04717,3449.13,1.69381,5.8819
7960,34.5294,98.6396,9.2609,3504.52,2.85668,10.627
5504,34.2879,51.6768,4.78235,3426.57,1.50715,5.99174
4336,31.2707,92.5049,8.99599,3508.28,2.95819,10.5923
9796,35.3279,104.648,10.3618,3508.42,2.96219,11.1265
2641,29.4598,111.614,10.4191,3535.69,3.78869,11.3624
1227,0,0,0,3166.59,0,0
1168,32.3622,57.3189,6.30938,3455.68,1.77116,7.22202
8736,30.1085,92.9603,9.90533,3513.07,3.08751,10.4437
522,32.4837,61.4342,6.83487,3464.32,1.89123,7.68373
3839,0,0,0,3166.59,0,0
2661,28.5445,82.2206,9.23821,3505.4,2.88044,10.8178
438,0,0,0,3166.59,0,0
4752,0,0,0,3166.59,0,0
7715,27.4898,82.7809,10.3725,3510.24,3.01133,11.5877
8173,0,0,0,3166.59,0,0
7326,36.6123,61.4286,5.23991,3447.38,1.67781,5.81899
4102,0,0,0,3166.59,0,0
2637,31.7731,95.1759,9.00129,3509.66,2.99549,10.1894
9878,32.3885,85.6595,9.48327,3496.69,2.64475,10.8826
8248,35.7179,39.7927,3.82209,3371.99,1.11408,4.49932
6612,35.2136,64.2152,6.40077,3459.97,1.82359,7.98375
7056,36.5943,59.1598,5.02726,3440.69,1.61664,6.11578
9577,34.4109,114.421,10.4401,3521.63,3.32515,11.4623
7397,37.987,68.3509,6.35917,3457.99,1.79932,7.04599
7018,41.3518,79.9749,7.00529,3467.06,1.93401,7.62759
7328,48.2666,84.2524,8.64915,3453.59,1.74556,8.99299
930,28.0972,109.004,10.5056,3538.22,3.87954,11.5869
6697,26.6183,62.736,7.39545,3485.08,2.35687,8.91644
1582,0,0,0,3166.59,0,0
8881,29.6892,100.485,8.84177,3523.56,3.38457,11.005
6949,35.5267,62.6381,7.61235,3455.02,1.76313,8.09024
2368,0,0,0,3166.59,0,0
9915,34.5607,97.3052,8.70459,3503,2.81548,10.2917
6244,42.4358,75.8764,5.70346,3457.06,1.78803,6.50416
749,38.4721,49.9073,5.76508,3399.94,1.29724,6.75722
3763,38.2234,59.5482,6.25176,3433.14,1.5579,6.7355
4323,32.5015,66.2461,6.53306,3472.19,2.03825,7.42693
7239,25.8577,92.5261,10.3277,3529.82,3.57828,11.4246
2219,0,0,0,3166.59,0,0
3463,31.2299,101.132,9.19941,3518.65,3.2383,10.9066
3510,37.8958,98.554,9.73687,3495.06,2.60066,10.7704
4890,35.6868,95.9599,8.3707,3498.32,2.68895,10.1329
8353,31.2842,105.896,8.89915,3523.57,3.38495,10.7158
5891,40.2857,62.4666,5.62591,3432.18,1.55059,6.27763
9055,26.1974,71.5931,8.64453,3499.94,2.73283,9.87321
2776,40.7826,107.734,8.19933,3496.57,2.64166,9.50098
4158,27.5319,62.8875,6.51821,3481.74,2.28417,7.62753
4526,36.5546,60.8307,5.79424,3445.88,1.66411,7.11234
6379,36.2396,95.5924,8.71493,3496.43,2.63779,9.92381
3729,0,0,0,3166.59,0,0
8245,33.0579,86.4311,9.10703,3495.57,2.61454,10.579
1226,39.066,62.2586,6.47175,3437.82,1.59368,7.60467
5931,0,0,0,3166.59,0,0
2560,37.2231,81.3626,8.5648,3477.72,2.18581,10.4869
4959,43.0749,55.3017,5.8062,3397.78,1.28385,7.01337
9252,42.0575,75.2253,6.46333,3457.11,1.78863,6.84095
242,32.9388,42.6722,3.96305,3399.66,1.2955,4.6384
6122,39.4909,83.448,9.08136,3475,2.11309,9.97159
1852,32.3815,92.885,9.22414,3504.96,2.86846,10.4999
6820,38.2887,89.8875,7.90058,3484.66,2.34763,9.06431
3807,0,0,0,3166.59,0,0
5828,35.0184,92.6071,8.41738,3496.68,2.64452,10.5285
713,29.9948,87.2087,9.41982,3506.4,2.90746,10.7641
7509,38.1814,101.46,8.8477,3497.15,2.65731,9.64194
4453,37.6663,84.6206,6.61031,3480,2.24658,7.71275
1242,32.4453,79.5121,7.78309,3489.4,2.45065,9.07432
3533,39.7567,61.7438,6.39046,3432.5,1.55304,6.91774
4086,41.2985,86.6982,7.28674,3474.48,2.0993,8.61118
851,0,0,0,3166.59,0,0
6459,40.5709,102.517,8.57607,3492.34,2.52687,9.89475
6270,35.4056,42.1252,4.84034,3382.75,1.18979,5.6242
5438,32.1392,103.229,8.22481,3517.68,3.21194,9.43208
4467,38.4824,92.9013,8.53716,3487.72,2.41413,9.44507
4575,0,0,0,3166.59,0,0
2740,38.2753,49.2184,5.19373,3398.11,1.28591,6.17886
9755,30.296,109.957,9.19884,3531.27,3.62942,10.1106
5838,28.4502,74.1713,8.68467,3495.3,2.60705,10.3343
4955,28.5032,106.112,9.30083,3533.86,3.72283,10.6174
5323,40.4073,81.3583,7.64632,3471.26,2.01346,8.3408
1854,47.9953,115.537,9.39874,3487.4,2.40726,10.2868
8712,38.5519,68.4229,7.98903,3455.98,1.77482,9.3743
5697,37.9411,67.0562,6.56077,3455.37,1.76738,7.06018
3880,36.5213,62.6063,7.46445,3451.02,1.71424,8.83838
3118,43.4732,52.3575,4.5609,3385.06,1.20436,5.80745
2875,33.9621,90.5871,8.16569,3497.52,2.6673,9.9084
3373,36.9924,53.5705,5.84831,3419.08,1.44815,6.70077
4210,38.0374,70.5596,7.08075,3461.99,1.85501,8.70581
6051,29.0465,54.8722,5.85528,3464.18,1.88912,7.14266
4997,0,0,0,3166.59,0,0
7476,37.4997,84.976,9.07555,3480.9,2.26605,10.0179
4772,0,0,0,3166.59,0,0
1148,26.1216,82.3528,10.3287,3515.48,3.15268,11.6075
3508,0,0,0,3166.59,0,0
8549,39.632,97.8042,6.90363,3490.16,2.46781,7.82934
5387,39.2285,114.022,8.91848,3506.37,2.90661,10.3217
2942,0,0,0,3166.59,0,0
3965,32.9632,105.251,9.92509,3516.97,3.19298,11.2916
1775,33.6339,87.7148,9.15685,3495.33,2.60793,10.5486
1202,39.5341,81.8294,9.45035,3473.38,2.06984,10.4211
2415,30.6456,81.3915,8.33318,3497.1,2.65589,9.70553
9676,0,0,0,3166.59,0,0
5897,37.7394,63.3324,6.56815,3447.42,1.67815,7.70963
4975,34.1055,68.754,6.80136,3471.35,2.01592,8.82647
9061,48.2721,91.3764,8.68876,3464.43,1.89294,10.1633
3760,0,0,0,3166.59,0,0
8224,32.7972,107.021,8.78649,3519.57,3.26312,10.7823
2117,33.9764,80.8342,8.36188,3486.11,2.37913,10.1979
8797,28.857,80.8815,7.828,3502.53,2.80284,9.17881
4876,33.9869,82.8594,8.80106,3488.82,2.43798,10.4332
7042,0,0,0,3166.59,0,0
8969,24.8587,94.9663,10.1812,3536.57,3.82025,11.9472
8461,33.7223,99.8221,9.34445,3508.35,2.96012,10.0286
5433,28.4859,103.642,10.245,3531.52,3.63835,11.489
6537,43.4741,66.3908,5.96357,3429.13,1.52714,6.16116
8492,39.5279,51.2852,5.6723,3399.97,1.29744,6.77161
8158,0,0,0,3166.59,0,0
2980,28.6641,45.8687,5.2059,3438.67,1.60021,5.93718
4863,44.7077,92.0289,7.55209,3472.95,2.05846,8.82241
4668,30.6728,88.3893,9.85922,3505.45,2.88168,10.7285
3323,39.9626,64.7025,6.23516,3440.95,1.61908,7.10936
338,34.8183,104.532,9.28413,3509.9,3.00221,10.609
8426,33.2316,94.5979,8.97728,3504.15,2.84662,10.4585
8343,34.3095,54.6749,5.28943,3437.8,1.59358,6.38631
6427,36.8312,65.1007,6.31375,3455.38,1.76754,7.32159
5530,41.0096,57.1361,6.81674,3412.59,1.39324,8.01327
2739,30.4028,54.1343,6.98897,3456.45,1.78057,8.04157
8093,0,0,0,3166.59,0,0
5432,33.1448,87.7091,9.01013,3496.74,2.64624,10.2488
887,0,0,0,3166.59,0,0
510,31.8818,92.1282,9.66418,3505.74,2.88968,10.7194
3652,32.0646,99.7485,8.818,3513.93,3.11086,9.79463
9440,34.8308,84.475,8.87931,3488.24,2.42529,10.4377
5015,40.4746,64.2281,5.95648,3436.93,1.58688,7.21844
1900,0,0,0,3166.59,0,0
1556,0,0,0,3166.59,0,0
3914,40.6862,72.3334,6.3696,3456.23,1.77784,7.58562
1771,34.5199,51.7384,4.57957,3425.5,1.4988,5.55221
8499,37.872,62.5983,5.89809,3444.65,1.65289,7.07524
8887,43.6345,72.1566,6.1439,3444.74,1.65366,6.98293
1684,37.4675,101.493,9.23761,3499.05,2.70882,10.6183
1621,30.4769,107.042,9.63292,3527.69,3.51225,11.3533
5301,35.0397,85.6968,9.75037,3489.18,2.44571,10.7157
1045,32.6323,96.5808,8.84089,3508.33,2.95967,10.0545
9367,34.0402,77.2839,7.68024,3481.1,2.27038,8.56972
6,36.0287,55.6729,5.22152,3431.48,1.54524,5.6038
3475,0,0,0,3166.59,0,0
499,35.3926,73.09,6.55497,3473.2,2.06512,7.81545
5034,0,0,0,3166.59,0,0
5031,35.3139,58.7008,5.9209,3445.68,1.66226,6.79084
513,31.1795,65.4458,7.98242,3474.47,2.099,8.8984
581,29.6181,98.2982,9.16069,3521.43,3.31886,10.1005
9631,38.4643,98.7128,9.72962,3493.79,2.56635,10.6155
754,36.7939,61.7611,6.30314,3447.46,1.67857,7.28608
1982,45.7232,102.285,9.32487,3479.65,2.23704,9.9639
773,32.7326,91.2304,7.71089,3501.95,2.78714,8.13412
996,28.9891,77.2534,8.49163,3497.43,2.66491,9.9296
1853,0,0,0,3166.59,0,0
5357,33.1692,88.1463,7.62459,3497.16,2.65747,8.31609
9322,37.2264,83.6732,9.08178,3480.05,2.24769,10.5052
1532,0,0,0,3166.59,0,0
5028,0,0,0,3166.59,0,0
9201,36.6217,65.6641,5.82514,3457.47,1.79304,6.72758
3428,35.3302,84.4586,8.86237,3486.64,2.39055,10.2709
2947,37.7602,71.6903,7.20367,3464.79,1.89857,8.59325
1575,0,0,0,3166.59,0,0
7861,35.0907,89.3863,9.10362,3493.09,2.54729,10.2514
2797,0,0,0,3166.59,0,0
127,39.9535,96.2721,9.08632,3487.51,2.40961,10.1292
9154,31.1663,93.1188,9.51346,3509.37,2.9878,11.0404
8566,30.4657,93.5493,9.07728,3512.44,3.07064,10.5386
3548,46.77,60.7149,5.50693,3400.07,1.29816,6.44616
8699,0,0,0,3166.59,0,0
7680,33.3153,115.412,9.64133,3526.13,3.46424,10.9425
110,32.2226,93.0158,9.1004,3505.63,2.88666,10.7168
2071,32.4031,91.5268,9.10514,3503.33,2.82463,10.7366
9379,0,0,0,3166.59,0,0
9942,35.5498,73.7367,6.56945,3473.54,2.07418,8.23786
7578,41.333,101.542,8.52619,3489.68,2.45667,9.80681
5617,39.6887,87.765,9.07271,3478.68,2.21134,10.0734
2478,30.8088,90.8439,9.37459,3507.92,2.94864,11.0999
6902,33.789,80.7014,8.4325,3486.54,2.38839,10.5119
2876,32.4414,54.4925,6.25999,3447.59,1.67972,7.85029
8759,35.2952,62.3486,6.43626,3455.3,1.76649,6.86481
5326,31.6394,125.639,10.2557,3540.71,3.97095,11.2146
8491,35.986,95.0929,8.73478,3496.6,2.6425,10.0808
1707,29.5041,82.0479,8.51337,3501.72,2.7809,9.98401
3088,46.8111,86.8815,9.06955,3462.06,1.856,10.4371
7003,35.3464,76.0481,7.03871,3476.44,2.15151,8.50176
3115,33.0676,97.7561,7.86406,3508.2,2.95625,8.8866
3572,0,0,0,3166.59,0,0
5986,38.0305,98.327,10.1058,3494.5,2.58547,11.078
8102,32.7758,89.9775,7.92058,3500.4,2.74524,9.64597
7274,42.6271,69.7939,6.21365,3442.95,1.63731,7.59658
3010,28.4915,84.5546,9.78722,3508.63,2.96772,11.4371
8659,30.2458,94.6717,10.0157,3514.64,3.13008,10.3217
7218,36.333,56.0661,5.70369,3431.2,1.54312,6.43026
3162,29.6903,58.3843,6.58193,3469.14,1.96645,7.53202
9687,0,0,0,3166.59,0,0
3502,36.3201,108.26,8.88317,3509.11,2.9807,10.7268
4553,31.8049,102.635,9.41841,3518.24,3.22701,10.9512
6025,46.5674,107.116,9.1969,3482.48,2.30024,10.6318
1902,0,0,0,3166.59,0,0
6118,34.1531,99.8399,9.02678,3506.99,2.92331,10.8092
3585,0,0,0,3166.59,0,0
1748,39.0748,116.237,9.30942,3508.89,2.97473,10.2064
6387,46.2803,77.6174,6.70978,3447.3,1.67712,7.95466
2999,29.3491,88.217,9.52018,3510.04,3.00578,11.1337
6761,0,0,0,3166.59,0,0
7158,36.8384,61.4494,6.17127,3446.32,1.66808,7.13239
8265,37.0088,47.2532,4.98985,3396.65,1.27681,5.51005
2576,31.7219,95.1582,9.26626,3509.81,2.99977,10.7857
7245,33.0911,71.749,6.26793,3477.06,2.16822,7.43499
525,32.3816,60.353,6.46531,3462.56,1.86381,7.2783
5385,28.9438,62.8795,6.39243,3477.22,2.17247,7.63837
3201,36.2,53.1867,5.7592,3421.71,1.46925,6.5079
2486,36.4623,61.8998,6.55646,3449.55,1.69764,7.84066
9774,45.5072,92.3508,7.17789,3471.86,2.02937,7.79854
9408,30.9225,91.7466,9.37488,3508.6,2.96698,10.702
6000,33.293,71.981,7.40977,3476.83,2.16204,8.74873
2975,31.258,73.1851,6.96573,3484.37,2.34132,8.51312
109,30.6852,79.3111,6.91503,3494.47,2.58467,8.6647
5919,31.5307,107.938,9.07999,3524.81,3.42328,11.1238
1603,30.4683,109.273,9.87035,3530.08,3.58645,11.016
5212,41.6698,96.8299,9.27462,3483.56,2.32374,10.4681
9840,30.7377,84.3684,7.97182,3500.38,2.74479,9.20558
6866,41.5578,109.569,8.94647,3496.38,2.63655,9.96633
8859,32.1221,115.02,9.64267,3529.9,3.5807,11.1008
7234,36.9993,86.5741,9.31674,3484.3,2.33989,10.6964
3416,39.3198,57.775,7.01452,3421.73,1.46936,8.02041
7692,31.1983,82.5344,8.78774,3496.71,2.64548,9.49001
8594,28.6322,120.118,9.69999,3546.56,4.1952,11.2271
7422,38.829,97.6547,9.6008,3491.9,2.51499,10.9971
683,32.4921,86.2181,8.59014,3497.01,2.65351,10.784
4421,32.2423,86.9329,8.86342,3498.59,2.69624,11.2896
1043,35.4867,57.2095,5.82472,3440.19,1.61214,6.91645
7805,44.707,55.0524,4.98347,3389.34,1.23141,5.58384
3029,37.0532,100.737,7.71407,3499.42,2.71872,8.76925
7462,41.1774,93.5161,8.41572,3481.13,2.27105,9.50365
8637,38.6294,63.0676,6.88008,3442.44,1.63263,8.02867
8226,36.7297,89.8108,8.86788,3489.15,2.44518,10.4091
1143,27.3324,77.683,8.08227,3503.98,2.84216,9.43401
598,27.6964,116.449,10.0255,3546.8,4.20446,11.3057
7473,28.7004,95.204,9.91169,3521.38,3.31717,11.3583
9019,35.0305,73.0951,7.95392,3474,2.08662,10.0272
8801,0,0,0,3166.59,0,0
2443,0,0,0,3166.59,0,0
4340,46.083,74.9625,7.32061,3441.79,1.62668,8.35703
8467,31.7451,92.8745,8.28816,3507.07,2.92563,9.40088
1485,0,0,0,3166.59,0,0
7953,28.9275,68.3172,7.48331,3485.3,2.36167,9.32161
9472,38.9533,78.3568,6.34516,3471.19,2.01156,7.49397
264,0,0,0,3166.59,0,0
1274,45.7446,80.2791,7.65402,3454.35,1.75494,8.56346
1696,37.7527,110.025,8.92686,3506.65,2.91435,10.3469
7379,33.563,91.0493,7.84828,3499.2,2.71279,8.83192
3641,52.1608,81.7147,7.83411,3434.28,1.56659,8.50746
3857,37.4499,104.627,9.14682,3502.19,2.79378,10.5211
7098,0,0,0,3166.59,0,0
5680,0,0,0,3166.59,0,0
9622,37.6565,100.44,9.58201,3497.52,2.66726,10.5618
3199,42.4932,82.6788,7.95759,3467.81,1.9457,8.80999
8596,37.848,64.5762,6.59431,3450.36,1.7062,7.5545
6637,33.1824,83.4044,9.78893,3491.84,2.51351,11.1186
9347,33.929,110.764,9.52901,3519.63,3.26457,10.4509
8419,33.2338,60.7506,5.32638,3460.26,1.82798,6.80475
6210,35.5866,112.769,9.78202,3516.08,3.16887,10.687
4562,0,0,0,3166.59,0,0
160,0,0,0,3166.59,0,0
4527,32.9578,102.983,8.91223,3514.44,3.12471,10.3801
2036,30.9421,96.7092,8.83936,3514.47,3.12549,11.3207
9335,31.7688,93.6003,9.94769,3507.84,2.9463,11.05
9810,0,0,0,3166.59,0,0
1019,43.2376,68.2695,5.99589,3435.89,1.57894,7.17089
4191,41.4655,61.1606,4.94639,3422.44,1.47497,5.49411
6591,37.2069,116.924,10.0749,3515.1,3.14254,11.002
2579,33.3964,73.7353,7.72077,3478.55,2.20788,8.40543
4271,38.5931,101.524,9.33053,3496.16,2.63061,10.8047
484,31.8276,84.9751,8.47682,3497.61,2.66985,9.97638
3382,0,0,0,3166.59,0,0
6399,34.4765,67.4876,6.92392,3468.57,1.95749,7.49959
8035,39.8063,73.9069,9.03121,3462.1,1.85667,10.6374
4564,29.064,93.2821,10.0185,3517.59,3.20954,11.356
8376,0,0,0,3166.59,0,0
8783,30.4003,80.4553,8.78976,3496.75,2.64653,9.82015
4957,39.1275,101.961,9.30595,3495.25,2.60587,10.9493
1776,0,0,0,3166.59,0,0
9562,33.6494,58.7821,5.74335,3453.69,1.7469,6.76613
1494,33.1826,94.9652,9.66083,3504.71,2.8619,11.0633
4852,35.0201,97.6119,9.91357,3501.95,2.78731,10.8529
7498,36.9917,100.193,9.65381,3499.04,2.70853,11.1994
4705,44.8733,67.6251,6.16291,3426.55,1.50703,7.27305
6300,0,0,0,3166.59,0,0
5959,0,0,0,3166.59,0,0
5339,33.1586,91.8461,9.86188,3501.31,2.7699,11.1326
6475,0,0,0,3166.59,0,0
6862,37.2448,95.5458,9.25219,3493.76,2.56535,10.5529
9321,0,0,0,3166.59,0,0
2932,0,0,0,3166.59,0,0
3231,34.1112,60.1723,8.0102,3455.1,1.764,8.73764
7103,36.9408,59.8903,6.67867,3441.19,1.62125,7.73217
864,36.0813,84.6649,8.69727,3484.61,2.3465,10.6143
472,34.528,93.6535,8.60626,3499.18,2.7124,9.3999
8535,31.1247,94.4488,9.69032,3511.1,3.03453,11.3955
3215,0,0,0,3166.59,0,0
6406,0,0,0,3166.59,0,0
7236,0,0,0,3166.59,0,0
7893,0,0,0,3166.59,0,0
9404,0,0,0,3166.59,0,0
832,38.6762,89.398,8.65401,3482.99,2.31145,10.2243
1320,45.2731,97.9009,7.99419,3476.85,2.16245,9.57728
6816,36.6585,94.2345,10.3966,3493.95,2.5706,11.7184
6511,31.2748,99.3275,8.87759,3516.34,3.17596,11.3793
3425,32.0582,96.673,10.0849,3510.4,3.01555,11.2326
6695,31.5619,49.2162,6.81977,3433.33,1.55935,8.05389
5483,0,0,0,3166.59,0,0
1840,36.2645,105.175,8.94484,3506.13,2.90022,9.63703
2213,42.9889,96.6747,7.71449,3480.11,2.24883,9.19567
9862,32.4438,47.7708,4.80507,3422.12,1.47242,6.01988
3524,36.0005,94.5152,8.81768,3495.97,2.62539,10.3227
7973,38.5432,101.682,9.12684,3496.44,2.63813,10.8868
9113,38.0814,59.4881,6.50526,3433.69,1.56213,7.35284
8096,0,0,0,3166.59,0,0
1948,32.3346,76.3345,8.45095,3485.26,2.36076,9.32128
8819,34.8904,90.1163,9.70433,3494.4,2.58284,11.5896
6526,40.9144,94.0572,7.86083,3482.41,2.29888,8.92202
8100,29.9544,103.028,10.2068,3525.33,3.43948,12.0231
743,37.1225,50.2776,5.78843,3407.7,1.35437,6.38325
8707,32.8211,96.8103,9.13454,3507.96,2.94964,10.4769
1442,44.3229,76.5807,7.11016,3452.13,1.72779,8.74497
1403,30.8537,96.4157,9.56061,3514.45,3.12493,10.9349
7190,26.0261,93.0601,9.319,3529.74,3.57564,11.5167
7541,36.9485,88.0341,9.72482,3486.27,2.38262,11.0459
6662,37.4438,88.9646,7.0214,3485.96,2.37595,7.93951
3074,0,0,0,3166.59,0,0
1973,26.4913,107.886,9.67022,3543.36,4.07249,11.502
2969,46.772,76.6766,6.64744,3443.17,1.63937,8.40172
4914,33.9005,75.0068,6.78165,3478.73,2.21256,8.05225
5275,36.2221,106.526,9.09146,3507.64,2.94091,10.5183
1255,34.8451,94.932,8.24988,3499.63,2.7244,9.39336
5135,47.6861,75.3846,7.01286,3436.14,1.58085,7.89052
5431,32.3589,73.3894,7.15449,3480.99,2.26798,8.18374
3884,38.9307,99.5334,8.7612,3493.44,2.55668,10.7196
7941,0,0,0,3166.59,0,0
1414,31.334,117.316,9.37184,3534.45,3.74405,11.1641
2225,26.8625,138.521,12.5069,3572.99,5.15668,13.2802
8613,39.525,64.6014,5.77685,3442.63,1.63444,6.71159
6003,30.928,90.4065,9.59036,3506.98,2.92313,11.0363
6947,38.6507,68.3224,6.80499,3455.4,1.76769,7.94094
7175,0,0,0,3166.59,0,0
5267,34.6115,102.918,8.40188,3508.84,2.97352,10.1098
7898,34.7604,93.1131,9.07012,3497.94,2.67871,10.6061
5263,37.6015,55.2669,5.55974,3421.78,1.46981,6.30151
2764,35.9615,78.0651,6.91616,3477.16,2.17079,7.72432
9716,45.4833,83.8681,8.13929,3461.28,1.84393,9.64027
3121,34.0194,81.4638,7.96222,3486.82,2.39463,9.20176
6871,38.5464,100.692,9.01641,3495.49,2.61222,10.698
1997,32.1131,104.571,9.99432,3519.32,3.25633,11.4485
8626,34.3025,94.996,8.88505,3501.29,2.76936,9.98937
6150,38.5024,102.914,8.63007,3497.73,2.67292,10.1341
3988,0,0,0,3166.59,0,0
1257,42.2715,75.0888,6.46144,3456.11,1.77635,7.80106
7075,28.447,88.9821,9.70429,3514.57,3.128,11.5735
4856,39.1614,49.4757,4.89129,3394.48,1.26338,5.88568
3987,31.6968,86.78,8.16234,3500.12,2.73781,8.93296
1928,34.0392,45.2292,5.59839,3404.22,1.32874,6.70967
4706,34.0623,84.0402,8.14963,3490.13,2.46725,9.81289
2419,35.1347,89.5986,8.66365,3493.19,2.55015,9.96194
8443,32.3391,74.5282,7.21606,3482.68,2.30458,8.09872
9540,34.6032,70.3727,6.43865,3472.02,2.03371,7.39484
5109,27.547,117.374,11.5355,3548.27,4.26087,12.4913
6972,37.0301,60.108,6.32602,3441.41,1.62322,7.33687
4678,31.5609,63.4545,7.52759,3471.15,2.01054,9.35268
7783,32.1939,106.795,10.2228,3521.38,3.31724,11.3298
1721,29.6147,83.5844,9.09098,3503.25,2.82239,10.9106
7126,35.0213,85.7786,8.48539,3489.34,2.44932,9.29184
9175,34.5667,84.9238,8.85886,3489.69,2.45681,10.6812
6536,32.7137,79.9319,7.29388,3489.07,2.44338,9.20854
6542,42.3303,121.792,9.72328,3505.28,2.87718,10.5307
6388,38.0821,78.8889,8.09932,3473.44,2.07155,8.88165
4679,33.4484,88.6036,8.85776,3496.84,2.64896,11.1036
1897,42.1067,80.1384,8.08911,3465.09,1.90322,8.83833
963,27.2188,91.9872,10.2233,3523.39,3.37954,12.141
1850,26.1272,95.0165,10.1815,3531.47,3.63668,11.8293
4179,37.0563,123.123,10.1118,3521.55,3.32258,10.9105
5941,0,0,0,3166.59,0,0
9242,31.4608,111.42,8.3487,3528.64,3.54155,9.3128
8908,39.3852,54.0072,6.65376,3409.99,1.37126,7.40516
6061,33.3435,77.2512,8.05179,3483.24,2.31683,8.95059
8863,0,0,0,3166.59,0,0
5315,34.7284,75.5136,7.87787,3477.3,2.17441,8.8908
9176,34.9312,55.4954,5.83857,3437.17,1.5887,7.094
2365,34.8799,100.025,9.05954,3504.93,2.8677,10.8812
6090,33.0815,99.4409,9.71738,3510.04,3.00594,11.0594
6528,30.5025,100.982,9.26317,3521.16,3.31063,10.8373
1361,39.3667,79.8864,7.69711,3471.85,2.02929,8.35117
1294,0,0,0,3166.59,0,0
5043,34.4083,81.5366,9.29043,3485.67,2.36968,10.4261
2102,28.1458,109.86,11.0902,3538.87,3.90326,11.9319
8284,28.4066,83.4726,8.39324,3507.55,2.9385,10.0749
8189,40.2202,79.9225,7.41758,3470.27,1.98712,9.08361
8664,36.9197,118.216,10.4165,3517.31,3.20199,11.3237
7918,27.1998,114.566,10.9464,3547,4.21203,11.9038
4462,32.4376,103.3,10.4021,3516.66,3.18458,11.9063
335,0,0,0,3166.59,0,0
2451,40.5976,54.793,4.50519,3407.06,1.34966,5.34715
9495,41.629,90.8047,7.20467,3477.55,2.18128,8.60407
520,35.0835,95.5354,9.60113,3499.58,2.72308,10.7592
4616,31.3111,105.175,9.77618,3522.73,3.35903,11.0306
9786,41.6783,68.4273,5.75989,3443.44,1.6418,6.54653
9343,36.0768,72.0339,8.41282,3470.63,1.99668,9.82043
9023,33.4245,64.7893,7.53478,3467.34,1.93838,8.55776
7527,0,0,0,3166.59,0,0
509,34.0075,86.2079,8.21522,3492.63,2.53497,9.81808
10000,34.472,76.6071,8.20261,3479.09,2.2223,9.95975
7212,41.1285,125.616,9.59326,3511.83,3.05424,10.7719
1368,31.4199,58.1192,6.9293,3461.66,1.84976,8.15758
2675,37.6835,139.538,9.65992,3533.31,3.70288,10.684
302,41.0741,79.0884,9.07901,3466.52,1.9255,10.6726
7603,35.4232,85.9818,9.58893,3488.33,2.42728,10.9027
2202,31.701,59.014,5.69817,3462.42,1.86158,7.3195
3142,38.4161,86.4809,8.71206,3480.21,2.25116,10.6438
7036,33.4087,64.2582,6.6064,3466.38,1.9234,8.0275
7078,32.5825,87.9383,8.157,3498.69,2.69894,8.98016
687,29.6787,111.765,10.5858,3535.06,3.76583,12.0103
1028,39.2928,91.9315,9.18197,3484.29,2.33965,10.6552
3481,39.5158,106.098,9.22908,3498.17,2.68494,10.8715
6744,46.8975,85.0158,8.24205,3459.09,1.8128,9.11595
5047,38.5666,59.8338,6.17567,3432.29,1.55144,6.92688
7180,0,0,0,3166.59,0,0
1189,28.9342,85.1035,8.37984,3507.65,2.94128,9.92067
310,40.1774,111.091,9.47046,3501.13,2.76501,11.3656
2823,33.924,90.126,10.0174,3497.13,2.65671,11.7718
5103,27.7915,98.0744,9.88973,3528.23,3.52893,11.3993
6993,34.3876,110.035,10.7096,3517.23,3.19984,11.2037
1636,0,0,0,3166.59,0,0
9924,30.8105,84.2618,7.52091,3500.01,2.73484,8.76743
6203,37.1322,58.8798,6.27334,3436.77,1.58568,7.29632
3293,40.8023,59.621,6.64168,3420.68,1.46122,7.72847
3730,44.7434,70.0587,6.06439,3434.17,1.56579,6.92542
1323,35.4552,105.685,10.1009,3509.11,2.98081,11.5669
4750,33.9926,108.158,10.0936,3516.56,3.1818,11.1982
2065,0,0,0,3166.59,0,0
8128,38.321,59.3071,6.90305,3431.8,1.54764,7.99585
9227,41.7768,87.2192,8.70694,3474.05,2.08774,10.5136
8772,33.3143,98.4864,9.56778,3508.21,2.95628,11.0839
298,42.9445,81.599,9.41393,3464.89,1.9001,10.3357
6133,0,0,0,3166.59,0,0
6440,44.2362,69.0011,6.25729,3433.39,1.55983,6.704
3490,33.4806,99.0108,7.06683,3508.24,2.95726,8.35901
3625,36.5901,84.1611,8.24218,3482.47,2.3001,9.38321
6694,36.384,43.6877,4.45332,3384.49,1.20074,4.73058
6457,0,0,0,3166.59,0,0
7280,0,0,0,3166.59,0,0
632,33.9763,55.2409,5.72931,3441.7,1.62587,6.64373
447,26.0513,94.9282,10.1627,3531.67,3.64389,11.9766
7079,36.3145,115.717,9.36551,3516.73,3.18653,10.3436
8749,33.9391,48.1172,5.518,3415.49,1.41775,6.33377
4788,34.1923,79.1691,7.79142,3483.17,2.31541,9.66827
6375,33.0694,89.8732,9.68714,3499.38,2.71771,11.0123
5222,32.7656,97.8766,9.88811,3509.35,2.98717,11.178
3895,31.4254,95.2405,10.4143,3510.96,3.03069,12.0216
5317,36.5288,85.8725,8.94008,3484.8,2.35082,11.205
7583,0,0,0,3166.59,0,0
6153,34.149,91.9599,9.05462,3498.46,2.6929,10.1459
3724,0,0,0,3166.59,0,0
6967,34.8081,91.7386,9.15607,3496.35,2.63555,10.9334
5582,43.5939,64.9835,6.65741,3424.46,1.49066,7.88826
4027,35.6377,91.1908,7.48407,3493.52,2.55883,8.8429
4862,44.7981,119.752,9.59448,3497.74,2.67315,11.0679
2783,34.7043,76.7898,8.2575,3478.73,2.21269,9.52004
8680,0,0,0,3166.59,0,0
5597,35.8714,94.6803,9.76796,3496.49,2.63944,11.0095
5461,29.114,99.2387,10.8415,3524.34,3.40863,12.0531
579,37.5658,98.5431,8.97741,3495.89,2.62321,11.0252
3334,42.0934,99.0753,9.62055,3484.94,2.3537,10.7852
8845,0,0,0,3166.59,0,0
7237,34.8219,111.779,10.1021,3517.61,3.21001,11.5113
6835,35.7771,89.6368,8.02124,3491.54,2.50542,8.86867
3497,23.1065,109.949,11.7723,3561.56,4.75833,14.002
2263,0,0,0,3166.59,0,0
7189,41.6996,95.578,7.62993,3482.1,2.29206,8.84662
2345,33.7175,107.608,9.66267,3516.92,3.19147,11.1196
265,0,0,0,3166.59,0,0
468,44.1461,77.836,6.90663,3455.02,1.76314,8.21974
2556,28.8215,54.2158,6.46101,3463.67,1.88109,7.49239
9572,0,0,0,3166.59,0,0
7275,33.805,97.0346,10.3566,3505.03,2.87042,10.7142
3148,37.3288,70.5799,7.60163,3464.29,1.89076,9.32016
7400,34.2693,82.1338,8.53615,3486.92,2.39672,9.95965
6709,0,0,0,3166.59,0,0
9117,35.3407,91.0444,7.55807,3494.16,2.57619,9.25242
2147,36.3975,120.973,9.48554,3521.59,3.32367,11.3531
5678,0,0,0,3166.59,0,0
6704,42.1696,58.0804,4.98625,3410.7,1.37731,5.57883
7581,29.132,114.807,9.88565,3539.92,3.94092,11.5575
5368,32.7964,78.9747,7.25991,3487.44,2.40803,8.2247
3344,29.8166,114.701,10.5243,3537.31,3.8469,10.9282
9409,33.672,68.3678,7.76986,3471.9,2.03041,8.32166
2422,37.403,83.5548,9.1635,3479.53,2.2339,10.4826
2989,44.5943,102.255,9.48258,3482.14,2.29301,10.9417
9103,39.0925,60.8008,6.43024,3432.8,1.55531,7.57214
6600,29.361,110.723,9.87168,3535.2,3.77108,12.0738
5769,31.5161,90.3148,9.28482,3504.85,2.86567,10.4327
8899,34.8322,87.4175,7.88812,3491.7,2.50968,9.95139
5383,37.1645,90.9453,9.56637,3489.24,2.4471,10.75
2511,34.0214,104.834,9.22332,3512.84,3.08142,11.0616
1818,35.2988,97.5207,9.6963,3501.04,2.76272,11.2438
3167,41.2038,90.8883,8.79303,3478.47,2.20582,9.34609
3653,28.7619,92.1562,9.29047,3517.39,3.20411,10.8333
6779,36.341,39.6378,4.35807,3369.2,1.09072,4.96057
8584,37.2377,104.543,9.4362,3502.7,2.80746,10.7848
3520,31.648,120.984,10.1291,3536.64,3.82281,11.8667
1331,30.4358,100.081,9.30576,3520.44,3.28828,10.8063
2842,32.6533,89.8008,8.153,3500.58,2.75013,8.98242
1431,34.5564,43.5611,4.78931,3394.03,1.26058,5.55721
4956,38.5764,62.636,7.23522,3441.46,1.62369,8.07756
9465,0,0,0,3166.59,0,0
8089,33.9142,80.0623,9.90402,3485.26,2.36073,11.106
5296,30.8033,106.671,10.0559,3526.09,3.46297,11.5544
9718,39.0216,75.8269,6.94302,3467.65,1.9432,8.15079
5013,40.1266,48.7881,4.62831,3386.88,1.21585,5.23905
6953,37.904,56.8043,6.722,3425.48,1.49864,7.73439
5992,32.5136,99.5396,9.64201,3512.1,3.06147,11.2529
6657,29.2828,104.989,10.9936,3530.05,3.58534,11.5248
1373,35.8526,90.8495,9.18952,3492.6,2.53398,10.9028
8892,34.7634,93.4055,9.00984,3498.24,2.68689,10.8301
6492,33.3085,78.0442,7.95127,3484.45,2.34307,9.20001
8667,0,0,0,3166.59,0,0
9773,37.465,59.2328,6.30935,3436.16,1.58102,8.01188
7440,34.0632,85.6037,8.61372,3491.83,2.51309,10.6805
5486,35.2081,69.5594,7.13156,3469.73,1.97567,8.50347
1224,28.1135,70.3956,6.61147,3491.49,2.50397,8.12195
9895,41.8819,102.393,10.0038,3489.13,2.4448,10.5654
7297,35.2751,74.6889,9.95999,3475.16,2.11733,11.4762
1988,34.7465,61.5646,6.14835,3455.74,1.77182,6.95321
5746,38.0002,91.8954,9.06252,3487.91,2.41829,10.4188
9268,44.3581,98.2499,7.96593,3478.82,2.21492,9.56699
1285,34.8103,96.8179,9.61712,3501.73,2.7813,10.8819
6018,37.6822,73.4784,7.87694,3468.08,1.94995,9.05334
538,30.6509,75.2822,8.06648,3489.66,2.45612,9.23361
6852,44.805,99.778,8.1607,3479.27,2.22694,8.90013
4820,0,0,0,3166.59,0,0
1228,29.6086,123.72,9.54603,3546.12,4.17852,10.9581
9858,31.5315,59.8631,5.69051,3464.78,1.89852,6.86388
7131,29.8229,108.863,10.4866,3531.85,3.65032,12.3612
7621,45.6847,83.1383,8.05631,3459.66,1.81983,9.06256
665,44.7602,76.481,7.67161,3450.57,1.70868,8.51695
7797,40.8085,53.8634,5.46987,3403.02,1.31991,5.96325
7665,0,0,0,3166.59,0,0
4884,34.8004,95.6044,9.55186,3500.47,2.74722,11.0488
1333,0,0,0,3166.59,0,0
9120,38.707,70.0807,6.71618,3458.9,1.81054,7.81838
7399,35.6575,77.5294,6.43413,3477.29,2.17428,7.92067
8420,30.4969,83.5453,9.83233,3500.18,2.73947,11.6883
869,35.308,37.5109,4.01186,3366.66,1.06239,4.9188
927,32.2169,87.2656,10.4429,3499.05,2.70869,10.9092
3124,41.1824,73.9531,6.90541,3457.69,1.79575,8.2183
8159,41.6547,110.111,10.0305,3496.64,2.64343,10.3835
4617,30.2063,103.503,9.26341,3524.91,3.42652,11.319
1831,41.5124,67.4138,6.94203,3441.49,1.62394,7.97769
8203,31.6579,92.9555,9.11386,3507.46,2.93625,11.1036
875,32.564,100.403,10.2929,3512.91,3.08325,11.3595
6525,31.7556,93.187,10.2196,3507.4,2.9345,12.0571
6770,37.1672,101.99,8.29332,3500.35,2.74409,9.92844
5859,27.4525,116.174,11.0512,3547.51,4.23182,12.918
9967,35.9413,97.5522,9.58158,3499.25,2.71421,11.0236
6807,34.6437,78.9756,7.5872,3481.53,2.27965,9.7644
6774,0,0,0,3166.59,0,0
2124,0,0,0,3166.59,0,0
1638,36.5481,57.3215,6.66103,3434.51,1.56839,7.30443
8601,35.397,86.6332,9.41167,3489.26,2.44747,10.4838
2132,30.5201,94.976,9.77149,3513.97,3.11192,11.2927
8296,49.1624,64.4523,7.16026,3401.82,1.31101,8.13424
6957,33.6788,99.003,10.03,3507.59,2.93962,11.6657
8826,27.2725,84.2515,9.58073,3513.13,3.08925,11.1603
6747,27.9595,80.5639,10.9994,3505.44,2.88145,12.2738
1157,0,0,0,3166.59,0,0
5443,34.3797,84.3099,7.99015,3489.48,2.45231,9.84145
3386,33.8782,84.9417,7.60541,3491.61,2.50727,9.20044
2651,41.0398,82.2868,9.00503,3470.95,2.00505,11.0443
7929,31.1839,111.544,9.91556,3529.78,3.57697,10.843
97,35.7363,81.1145,8.25539,3481.07,2.26981,9.91637
3143,37.7243,69.0093,7.79504,3460.34,1.8293,9.25088
8140,35.907,84.8459,9.06617,3485.36,2.36294,10.1734
4685,36.8188,61.8301,6.13953,3447.54,1.67931,7.52505
6085,0,0,0,3166.59,0,0
5687,37.1517,92.7965,8.95755,3491.26,2.49777,10.8162
8576,0,0,0,3166.59,0,0
378,34.3527,93.5183,9.59204,3499.55,2.7223,10.1821
4153,35.2013,94.6444,9.90752,3498.31,2.68866,11.2979
2735,34.7756,61.9697,6.95795,3456.57,1.78199,7.97654
1560,41.1667,101.908,9.7045,3490.44,2.47549,10.2227
6868,33.854,86.2897,7.74526,3493.15,2.54888,8.80396
1791,39.6782,81.5171,8.1333,3472.8,2.05446,9.48779
9823,31.1273,80.6442,10.0922,3494.69,2.59079,11.6693
73,0,0,0,3166.59,0,0
3794,47.3768,81.0766,7.87885,3450.78,1.71131,9.10643
1667,42.1954,113.987,9.27799,3498.78,2.70141,10.5527
8523,34.4992,59.2724,5.5739,3451.34,1.71808,6.34283
4801,35.9449,112.427,9.53278,3514.56,3.12775,11.1327
9621,34.5837,106.416,10.1564,3512.68,3.07707,11.2215
1041,30.6651,82.1013,8.29425,3497.89,2.67735,10.3936
6398,28.8702,100.115,9.99136,3526.25,3.46775,10.4869
950,30.3473,79.013,7.788,3495.17,2.60363,8.49562
5084,39.6766,60.5563,6.46503,3429.02,1.52625,7.20175
4373,33.5192,86.3392,7.45494,3494.14,2.57581,8.83693
4048,33.7976,71.2042,8.46933,3474.76,2.10678,10.4631
1940,0,0,0,3166.59,0,0
8851,41.2002,110.934,9.84651,3498.45,2.69255,10.5173
156,32.7807,102.549,9.47973,3514.58,3.12834,11.4879
9063,31.6527,91.8029,8.70266,3506.13,2.90032,10.1319
1086,40.6945,97.6061,8.68171,3487,2.39851,10.2283
5168,36.821,111.112,9.94673,3510.48,3.01762,11.3014
7753,35.0041,41.8303,4.20231,3383.58,1.19501,5.25097
6970,33.7581,96.8972,9.37828,3505.03,2.87034,10.9685
1718,32.8943,83.0327,8.76785,3492.24,2.52423,9.88236
9138,30.9358,82.8383,7.84153,3497.9,2.67775,9.24433
1720,30.077,128.109,10.4756,3548.23,4.25937,11.9532
5603,27.3724,100.103,10.5453,3532.04,3.65706,12.4057
3040,36.1724,104.992,9.46462,3506.22,2.90253,10.7578
5786,40.7597,79.9295,8.81219,3468.79,1.96099,9.29487
4713,34.1479,114.576,9.7578,3522.61,3.35528,10.9938
1557,36.6321,117.979,9.66572,3518,3.22065,10.9371
7260,32.2525,70.3725,8.16135,3477.58,2.18192,9.40213
7270,34.175,71.0269,8.35665,3473.69,2.07833,9.21936
4960,0,0,0,3166.59,0,0
2507,35.4791,63.3776,7.19545,3456.92,1.78634,8.3192
2302,31.7361,82.8907,10.3878,3495.47,2.61188,11.552
7135,36.631,68.7873,6.84762,3463.46,1.87784,7.69966
3493,38.4937,70.0865,7.59085,3459.74,1.82073,8.92053
7769,28.0771,101.095,9.76325,3530.47,3.60063,11.7771
860,40.5526,57.4382,5.57776,3415.33,1.41639,7.10244
9339,0,0,0,3166.59,0,0
5703,0,0,0,3166.59,0,0
5574,32.1389,89.6649,8.35451,3502.05,2.78992,9.05354
6022,28.2606,91.2164,9.96094,3518.26,3.22769,11.7285
7499,39.6183,93.7304,9.56181,3485.5,2.36584,11.1105
8069,33.1978,77.487,8.01085,3484.03,2.3341,8.9513
9963,0,0,0,3166.59,0,0
3186,0,0,0,3166.59,0,0
5088,0,0,0,3166.59,0,0
2210,32.6302,81.3861,7.73605,3491.13,2.49419,9.20381
2719,36.1227,114.763,9.83602,3516.38,3.17704,10.9864
145,42.6149,74.262,7.28927,3453.35,1.74263,8.81547
6923,33.9839,65.3927,6.61574,3466.43,1.92423,7.32135
2096,45.4068,101.643,8.44606,3479.7,2.2385,9.62805
8025,32.839,93.6996,9.37922,3504.4,2.8533,11.5937
1317,31.3878,87.5795,8.4473,3502.06,2.79025,9.32563
1210,37.5624,93.9022,9.43449,3491.34,2.4999,11.3307
9517,0,0,0,3166.59,0,0
1484,28.7104,111.318,9.64,3538.15,3.87728,11.7863
8585,40.2946,71.3608,7.48938,3455.67,1.77098,7.88351
7092,32.9015,63.6076,7.53705,3467.01,1.93328,8.25452
6442,43.7888,119.261,9.73716,3499.6,2.72355,11.0023
9337,32.0902,78.337,8.17462,3488.97,2.44115,9.31647
2585,0,0,0,3166.59,0,0
8286,34.793,106.658,10.2069,3512.25,3.0655,11.5797
159,0,0,0,3166.59,0,0
9306,27.3866,99.8421,10.261,3531.72,3.64566,12.0524
2026,40.1586,98.724,9.29287,3489.76,2.45836,10.9009
5377,42.8716,82.1358,9.31305,3465.9,1.91585,11.4075
974,38.4566,93.3872,9.50402,3488.38,2.42838,10.7879
4932,29.0822,96.3204,10.6308,3521.21,3.31201,12.1169
1378,40.3324,65.1197,6.22822,3440.46,1.61458,7.3587
2285,0,0,0,3166.59,0,0
2127,26.5011,101.304,10.415,3536.64,3.82265,12.2614
2480,35.5381,64.795,7.06505,3459.94,1.82325,7.68465
3706,36.0171,66.8833,6.12237,3462.12,1.85699,7.25804
3288,33.2352,94.2593,7.85511,3503.76,2.83613,8.38269
1983,35.9188,89.0752,8.96059,3490.6,2.47991,10.5638
3059,29.2529,71.7845,7.77314,3489.55,2.45393,9.41274
4618,0,0,0,3166.59,0,0
3266,30.6386,128.146,11.7463,3546.23,4.18249,14.3165
8476,35.0725,64.9999,7.6572,3461.88,1.8533,8.69857
9302,37.1536,96.2974,9.12569,3494.74,2.59188,10.6987
1083,31.3136,106.474,10.9418,3524.06,3.40025,11.5652
9723,33.1567,124.233,12.1977,3534.53,3.74685,13.246
5581,35.2353,83.4492,7.91599,3485.61,2.36834,9.11352
4664,42.3789,93.2918,10.3875,3478.31,2.20138,11.2029
4258,34.1775,90.9592,8.33951,3497.3,2.66138,9.07271
1450,0,0,0,3166.59,0,0
727,32.4674,68.4831,7.28926,3474.85,2.10929,8.54328
7779,43.7626,75.3683,6.92937,3451.67,1.72221,7.70549
9396,37.2859,121.974,8.95838,3519.88,3.27132,10.6288
8911,30.455,80.4209,10.1808,3496.54,2.64065,12.0561
6730,42.6284,51.5813,5.10492,3385.96,1.21002,5.78279
6009,36.5038,59.88,5.54089,3443.28,1.64038,6.87985
9338,33.5018,105.333,10.1642,3515.16,3.14411,11.6884
5824,36.5143,71.8122,7.41833,3469.16,1.96669,8.47766
9140,33.3373,103.088,10.3838,3513.24,3.09226,11.0814
4228,35.4914,82.7334,6.99984,3483.9,2.33108,8.23496
253,0,0,0,3166.59,0,0
4815,32.0374,135.204,10.86,3547.21,4.2202,12.2438
3504,29.119,76.7282,9.00912,3496.33,2.63499,10.1209
9988,29.8876,117.107,10.3287,3539.29,3.91824,11.8349
1611,0,0,0,3166.59,0,0
193,40.9469,62.2653,6.191,3428.3,1.52063,7.49246
1687,38.3594,59.0122,6.21089,3430.59,1.53841,6.81545
5160,41.6572,84.8657,10.7952,3472.15,2.03724,11.4341
7472,35.4643,96.8737,9.66385,3499.89,2.73158,11.2515
2758,28.8982,112.483,11.1863,3538.57,3.89239,12.6209
8776,41.923,72.2829,8.85356,3451.84,1.72418,9.72563
6494,34.9369,82.723,10.3745,3485.59,2.36778,11.8187
2385,36.5329,90.6777,10.1264,3490.68,2.48208,11.0274
7926,0,0,0,3166.59,0,0
1903,42.4949,70.5271,6.606,3445.39,1.65966,7.80656
9496,38.1926,91.3161,8.15551,3486.65,2.39094,9.67941
303,37.3429,113.395,9.45518,3511.18,3.03657,11.4784
5346,0,0,0,3166.59,0,0
8074,42.1501,62.3574,5.4671,3423.01,1.47941,6.55596
6578,0,0,0,3166.59,0,0
1823,33.3964,111.286,10.6986,3521.87,3.33228,11.8028
3627,41.4575,102.24,9.79772,3490.09,2.46613,11.543
6785,32.5608,78.1236,7.46488,3487.04,2.39932,8.49397
3588,35.1153,63.5049,6.55866,3458.73,1.80847,7.78623
5340,42.8081,108.92,10.0122,3492.98,2.54438,11.4308
6784,33.1516,61.8214,7.30204,3462.62,1.86481,7.83249
1223,37.2418,77.6065,6.90583,3473.9,2.08385,7.71178
6148,33.5319,86.177,8.21833,3493.93,2.57,9.06515
2125,38.8368,99.2667,8.70564,3493.41,2.55599,10.3899
1756,35.7202,134.706,10.0842,3535.21,3.77114,11.424
4861,38.1885,106.003,10.1558,3501.53,2.77579,11.353
5625,41.9488,76.2264,7.13814,3459.44,1.81713,8.05147
405,31.1274,113.648,10.3359,3531.87,3.65105,11.626
2014,42.5094,90.1325,8.74933,3475.27,2.1203,10.1892
3289,38.2001,72.8887,7.29851,3465.4,1.90808,8.66083
4291,43.5324,101.698,10.0903,3484.13,2.33613,10.9221
1032,37.3654,80.3227,6.25862,3476.37,2.14965,7.25157
5101,23.0323,78.6735,9.56011,3524.57,3.41579,11.5058
7409,35.6061,97.3155,10.0957,3499.95,2.73311,11.0721
9574,40.0739,65.5255,6.42899,3442.71,1.63512,8.07831
3066,32.5888,93.7876,9.33412,3505.31,2.87791,11.2632
7685,37.6793,100.301,9.34714,3497.32,2.66196,10.5939
9693,40.4749,86.0644,7.52889,3475.5,2.12636,8.67176
1351,25.9416,149.203,14.7851,3597.04,5.75151,16.7617
3942,34.2808,136.201,10.8237,3540.76,3.97309,11.755
5903,31.1653,107.631,10.1298,3525.79,3.45357,12.1953
1377,31.552,71.5501,7.08266,3480.98,2.26769,8.23474
933,33.7583,112.874,10.6155,3522.23,3.34359,11.8802
3005,0,0,0,3166.59,0,0
1429,27.1113,104.524,10.9541,3537.55,3.85538,12.7902
1250,38.209,87.0577,9.25911,3481.47,2.27846,11.1065
9591,40.792,97.4438,9.57528,3486.55,2.3888,11.0774
461,26.3077,90.6159,10.3675,3525.49,3.44446,12.4886
158,38.2242,86.7409,8.68793,3481.05,2.26927,10.1537
3214,34.7202,51.7458,5.0633,3424.42,1.49036,5.77078
9592,31.4202,100.123,9.83305,3516.74,3.18659,11.5366
4186,0,0,0,3166.59,0,0
3127,35.3882,89.6869,9.306,3492.61,2.53437,9.95219
3517,34.1783,149.268,9.80489,3551.07,4.36734,11.2273
2979,28.8651,130.661,12.5591,3555.33,4.52661,13.5781
4528,40.099,106.524,9.30444,3497.12,2.65653,10.4108
5770,30.2166,108.181,10.9649,3529.89,3.5802,11.9645
187,37.9843,55.4781,6.98024,3420.6,1.46055,8.36398
2666,35.8519,114.267,9.8564,3516.76,3.1872,11.5929
3693,33.7547,78.4104,7.12644,3483.52,2.32295,8.35427
8500,40.463,91.448,8.52317,3480.62,2.26004,10.1215
6547,43.94,67.0604,6.33729,3429.01,1.52618,7.25448
5620,31.4433,92.2728,10.3827,3507.4,2.93458,12.2806
1525,26.773,104.729,11.4157,3539.11,3.91172,12.5374
3721,35.5504,137.698,10.608,3538.04,3.87332,11.864
5142,0,0,0,3166.59,0,0
7996,0,0,0,3166.59,0,0
1055,32.1798,100.362,10.5713,3514.22,3.11878,11.73
2034,39.0057,69.9347,8.53557,3457.46,1.79293,9.92044
4267,38.2093,57.9629,5.73962,3427.83,1.51698,6.64044
3645,33.4835,59.2152,6.23092,3455.46,1.76849,7.13195
2101,30.3016,93.5711,8.63593,3513.08,3.08799,10.4967
8488,34.4145,115.743,10.2696,3522.87,3.36321,12.0263
6130,34.2065,67.1174,7.73461,3468.86,1.96213,9.20385
3063,32.2395,112.984,11.2955,3527.44,3.50451,11.8447
3356,44.6131,102.176,10.1834,3482.02,2.29026,11.3439
736,40.2916,54.8572,5.43966,3408.66,1.3615,6.30501
575,37.9036,113.834,9.32386,3509.94,3.00326,11.3009
1109,29.1875,97.2412,10.687,3521.84,3.3316,12.4857
3252,35.7455,82.8798,7.31092,3483.32,2.31861,8.10132
9785,31.9689,117.776,11.4696,3532.79,3.68407,12.5907
6778,31.4607,121.27,11.3001,3537.52,3.85465,13.1298
8890,37.8706,93.1557,10.1695,3489.83,2.45985,11.4218
3409,36.6759,85.3007,9.62519,3483.65,2.3258,10.8923
138,47.1287,82.5337,8.3749,3454.05,1.75124,9.17129
1278,30.112,57.6589,6.43441,3465.83,1.91482,7.56438
8428,41.9779,60.6119,5.85063,3418.58,1.4439,6.79418
4947,31.0812,92.1559,9.38549,3508.53,2.96501,11.3383
3125,36.9181,47.9012,6.53303,3399.98,1.2975,7.60062
9992,0,0,0,3166.59,0,0
505,0,0,0,3166.59,0,0
2248,32.75,58.0491,6.62416,3455.79,1.77249,7.52983
4735,33.2521,95.1757,8.75718,3504.73,2.86225,9.92011
641,37.5951,103.104,9.77081,3500.29,2.74247,11.5765
1132,32.2666,72.3892,7.08674,3479.89,2.24348,7.86868
3470,35.8749,87.3426,7.626,3488.67,2.43464,9.23868
5966,39.1588,77.5836,8.21681,3470.05,1.98126,9.13028
8744,39.6188,138.886,8.88226,3527.47,3.50556,10.5594
7796,33.69,93.5943,8.48298,3501.61,2.7781,10.6481
8435,41.2058,65.8189,6.03418,3438.29,1.59732,7.25076
9957,44.1084,63.1965,6.43295,3417.26,1.43276,6.91923
8727,36.1361,118.359,10.315,3520.02,3.27537,11.7087
4941,33.929,118.694,9.983,3527.24,3.49832,11.3854
7209,31.097,98.4016,10.3875,3515.91,3.16434,11.5355
9062,34.6538,71.1735,9.28179,3472.78,2.05385,10.7911
7993,39.7999,115.919,10.097,3506.59,2.91253,11.4228
8974,39.5388,118.295,8.79498,3509.52,2.99187,10.2153
8012,36.7533,66.1373,7.94777,3458,1.79949,9.26363
7105,35.1314,47.6875,5.60858,3408.11,1.35741,6.69854
7799,37.5864,98.5254,9.611,3495.82,2.62131,10.8925
6731,31.3558,94.7041,10.2235,3510.58,3.02031,12.4253
8633,37.4765,101.082,9.39413,3498.62,2.6972,10.7161
9919,0,0,0,3166.59,0,0
6069,27.7751,88.4886,9.99261,3516.71,3.1859,12.6411
2287,43.8541,111.57,9.74298,3492.97,2.54412,11.4646
6486,46.2079,105.499,9.45967,3481.69,2.28313,10.5583
5450,37.6657,96.7348,8.92366,3493.86,2.56825,11.3301
7696,43.4459,70.1603,6.2012,3440.5,1.61489,7.44162
4322,43.7985,65.2202,5.60323,3424.26,1.4891,6.74964
5759,0,0,0,3166.59,0,0
1305,45.1106,108.594,9.6797,3487.41,2.40728,10.9437
8559,31.0368,82.6964,9.33897,3497.41,2.66446,10.2005
2730,38.0476,74.9805,7.34353,3469.42,1.9707,8.66066
6815,44.1367,57.8703,6.6524,3401.84,1.31116,7.57939
9091,38.1787,104.381,9.0874,3499.98,2.734,11.1596
6325,30.5631,87.5829,9.37892,3504.85,2.86564,10.4458
5460,39.2511,97.9168,10.1618,3491.15,2.49462,11.3006
261,33.125,108.172,10.7252,3519.66,3.26558,11.9365
373,32.7033,115.584,10.8004,3528.4,3.53433,12.3522
3208,0,0,0,3166.59,0,0
2048,36.2974,118.688,10.424,3519.82,3.26986,12.1816
84,28.441,109.468,10.4703,3537.37,3.84896,11.8062
2926,33.5235,122.209,10.6633,3531.72,3.64546,11.4126
3856,42.6657,107.692,10.5234,3492.23,2.52409,11.1833
5734,36.6744,64.1253,5.95685,3453.83,1.7485,6.86488
2693,30.437,75.0675,7.88688,3490.1,2.46632,9.41858
6048,38.6064,99.1574,10.5963,3493.87,2.56842,11.3331
1064,28.0293,58.5646,6.7655,3474.11,2.08941,7.8059
2414,24.0062,127.252,13.5902,3577.71,5.30078,15.3393
9332,0,0,0,3166.59,0,0
1873,38.4485,112.465,9.44634,3507.05,2.92507,11.2356
6443,0,0,0,3166.59,0,0
8753,36.2927,66.649,6.46518,3460.8,1.83643,8.0086
3234,23.5666,108.194,11.9205,3557.05,4.59099,13.689
9002,37.0874,77.5155,8.51905,3474.13,2.09008,9.47637
4736,0,0,0,3166.59,0,0
9625,35.7535,131.73,9.49991,3532.8,3.6844,11.3783
5022,33.652,84.8469,10.1355,3492.13,2.5213,11.5128
1316,41.9783,81.1263,8.11056,3466.97,1.93258,9.97906
9526,0,0,0,3166.59,0,0
9171,33.4041,91.9644,8.56386,3500.69,2.75309,10.521
5817,44.7961,77.1994,6.95435,3451.77,1.72335,8.24275
398,28.8935,98.7211,10.5453,3524.6,3.41672,12.4201
2594,28.3338,128.326,10.5788,3555.4,4.52908,12.0774
898,35.6663,90.9743,9.81285,3493.22,2.55071,11.6173
4781,35.7057,109.209,10.2154,3511.99,3.05858,11.7285
587,32.8652,72.7358,6.91888,3478.75,2.21315,8.27133
5749,44.1921,75.5523,7.26905,3450.64,1.70963,7.91403
6856,39.5272,114.146,9.74232,3505.67,2.88778,11.4063
627,40.39,99.4554,9.40972,3489.94,2.46238,11.2223
1037,32.8299,106.698,9.63815,3519.09,3.25003,10.4288
4005,39.2776,110.749,9.93277,3503.15,2.81965,11.0062
7161,32.4474,133.522,9.91347,3544.47,4.11502,11.5893
3656,33.1624,109.291,9.74292,3520.68,3.29562,11.1106
8234,36.632,118.598,9.68989,3518.63,3.23756,10.6953
4749,0,0,0,3166.59,0,0
4594,0,0,0,3166.59,0,0
6867,33.126,77.7294,7.92132,3484.6,2.34648,9.35224
1520,42.2556,57.8828,5.67657,3409.79,1.36983,6.47279
4034,37.3776,72.6418,6.76132,3467.67,1.94346,7.35339
2214,32.4245,101.744,10.1521,3514.93,3.13788,12.0772
988,32.014,89.2257,9.09969,3501.95,2.78708,11.2941
2506,0,0,0,3166.59,0,0
863,35.2473,90.3789,9.32577,3493.71,2.56414,11.0034
2906,0,0,0,3166.59,0,0
7756,35.1165,75.3575,5.94355,3476.23,2.14593,7.10556
9033,35.264,99.8389,9.25788,3503.58,2.83118,11.5737
902,37.5586,96.2013,9.93201,3493.61,2.56136,11.4262
6499,39.1264,75.5849,7.42766,3466.92,1.93181,9.01551
8970,37.2538,97.4595,9.28742,3495.63,2.6161,10.544
4944,41.0293,72.1238,6.907,3454.59,1.75786,8.49385
9245,32.0275,104.002,9.94036,3518.99,3.24727,12.2808
7938,46.1435,105.252,8.85702,3481.59,2.28098,10.2884
9186,39.037,113.237,9.52389,3506.15,2.90077,11.0986
7844,31.7431,101.459,9.66677,3517.1,3.19626,11.2678
8379,38.5699,123.966,11.3139,3517.75,3.21405,11.9234
8233,36.5604,100.152,9.66318,3500.18,2.73937,11.3028
6954,0,0,0,3166.59,0,0
323,32.162,114.005,10.4806,3528.74,3.54472,11.7094
209,34.3674,88.8757,9.7524,3494.52,2.58605,10.9688
3114,0,0,0,3166.59,0,0
5472,0,0,0,3166.59,0,0
6033,35.8817,75.1544,8.25251,3474.3,2.09451,9.31898
2456,33.1197,114.97,9.69596,3526.36,3.47134,11.3647
1080,43.4339,79.5037,8.08478,3460.42,1.83045,8.57782
4175,31.6666,96.8427,10.2937,3511.98,3.0582,10.9883
795,35.9649,69.3117,5.93388,3466.62,1.92721,6.88241
2754,31.1005,90.9903,9.83122,3507.07,2.92569,11.352
7899,39.3458,96.6295,8.77976,3489.65,2.4559,9.97163
417,40.3341,67.1791,8.8304,3446.04,1.66557,10.2317
5935,31.257,52.25,5.653,3446.7,1.67162,6.50818
968,35.2833,100.621,9.49619,3504.34,2.8518,11.6491
3235,0,0,0,3166.59,0,0
9973,0,0,0,3166.59,0,0
5251,0,0,0,3166.59,0,0
672,41.4129,108.067,9.66499,3495.39,2.60951,10.8971
1669,0,0,0,3166.59,0,0
3612,39.8021,114.802,10.262,3505.54,2.88433,11.1671
3179,29.9604,84.796,9.66045,3503.54,2.83027,11.4168
6998,35.3206,81.215,7.65514,3482.43,2.29936,8.79064
2941,39.5304,69.7702,6.97356,3455.17,1.76498,7.92006
5423,36.515,118.399,10.6278,3518.81,3.24248,11.5907
3637,40.4366,109.534,9.59999,3499.05,2.70878,11.2703
4872,44.7703,68.0502,6.34708,3428.22,1.51998,7.47524
8833,34.2426,83.252,7.5897,3488.51,2.43124,9.22589
8918,39.9966,63.843,6.31839,3438.15,1.59621,7.74585
6164,0,0,0,3166.59,0,0
9141,32.7643,129.17,10.3495,3539.96,3.9424,11.4442
4203,32.5983,97.6673,10.9586,3509.68,2.99608,11.9682
6042,36.9965,93.334,7.90944,3492.18,2.52278,9.38387
4349,45.8658,125.666,9.45564,3500.2,2.73987,11.0624
1021,33.0527,111.932,10.0665,3523.62,3.38649,12.0431
6237,44.7867,74.496,6.63537,3445.8,1.66335,7.83871
5808,51.8772,78.3377,7.60682,3426.94,1.51006,8.65945
5890,31.2613,104.282,10.6056,3521.98,3.33581,12.2058
5202,36.0142,82.7757,8.37875,3482.39,2.29842,9.69169
4018,0,0,0,3166.59,0,0
1812,38.7271,75.959,8.53632,3468.82,1.96139,9.70529
2197,38.4934,110.831,11.3288,3505.35,2.87923,11.875
955,39.2065,69.4119,6.39406,3455.62,1.77042,7.54399
5850,0,0,0,3166.59,0,0
8332,32.694,71.876,7.30106,3478.2,2.19845,8.43346
4089,36.4315,103.084,9.65787,3503.52,2.82953,11.0808
4262,38.6441,82.3793,9.30572,3475.7,2.13174,11.5475
6799,37.7322,112.847,8.62806,3509.48,2.99075,10.2213
6951,32.5856,93.2938,9.49081,3504.76,2.86303,11.3524
8609,35.1879,122.505,10.1851,3526.69,3.48144,11.1005
9450,30.2226,85.936,9.75099,3504.03,2.84344,11.0412
4197,30.2176,126.331,11.7491,3546.18,4.18072,12.5385
2944,0,0,0,3166.59,0,0
6047,33.5928,99.0491,8.84018,3507.92,2.94852,10.9368
6895,36.8516,103.388,10.0533,3502.63,2.80552,11.5596
7160,38.0097,74.4415,6.52401,3468.63,1.95849,7.79862
2901,42.0205,65.117,6.09098,3432.06,1.54965,7.07025
4012,43.5918,77.1558,7.94269,3455.58,1.76996,10.0676
9753,41.761,74.628,6.77786,3456.98,1.78703,7.73049
1284,0,0,0,3166.59,0,0
1677,35.4538,162.683,13.6045,3556.99,4.58858,14.9684
8804,34.1423,60.3931,7.02196,3455.49,1.76887,8.53356
3511,36.0811,60.7918,6.47536,3448.15,1.68486,8.17088
7970,34.3817,89.5664,7.38911,3495.22,2.60506,8.55152
5740,32.7284,102.531,10.4452,3514.74,3.1328,11.0525
385,40.8812,134.621,9.54852,3520.59,3.29298,10.7041
5507,0,0,0,3166.59,0,0
2653,42.1442,74.2117,6.39463,3454.84,1.7609,7.64686
6318,36.4651,70.3881,6.17111,3466.82,1.93029,7.01282
5731,35.4167,122.42,10.7401,3525.89,3.45657,11.229
9432,28.8841,89.6602,10.341,3513.68,3.10414,12.646
1668,38.7499,68.7272,5.93242,3455.88,1.77361,6.81595
8558,35.4007,118.013,10.1113,3521.91,3.33364,11.964
6546,34.8299,87.2276,9.52524,3491.51,2.50439,11.3943
6288,31.8526,89.7514,9.17281,3503.08,2.81771,11.5161
3204,41.6135,81.0635,9.01368,3467.96,1.94801,10.9046
7824,35.299,103.16,9.43754,3506.95,2.92246,11.7555
4172,41.3269,79.517,6.52868,3466.43,1.9241,6.94286
7461,37.9841,68.3543,6.93641,3458,1.79955,8.17491
609,30.2376,90.286,9.05028,3509.3,2.98588,10.3937
6364,36.161,87.0509,8.2928,3487.41,2.40732,9.13067
5398,33.6627,60.1453,6.74022,3456.95,1.7867,7.77428
2294,45.1038,62.7707,5.92124,3412.41,1.39169,7.17774
7491,0,0,0,3166.59,0,0
5648,36.4822,130.366,11.1262,3529.67,3.5734,13.3127
7272,37.1384,87.048,8.20101,3484.49,2.34388,8.69454
5723,29.0884,93.2696,10.0979,3517.47,3.20641,12.5406
6930,41.2588,81.7475,8.59677,3470.06,1.98133,10.2064
502,31.1911,109.916,10.2796,3528.07,3.52396,12.3326
2731,32.4904,115.343,10.1939,3528.91,3.55007,12.0424
8357,40.5565,84.9717,8.10371,3474.32,2.09514,9.8468
7948,41.6327,77.9945,8.17549,3463.17,1.8734,9.38094
5761,41.5641,106.438,9.38269,3493.59,2.56082,9.88639
1056,37.0005,113.138,9.08329,3511.96,3.05775,11.4641
4435,33.5234,114.381,10.6509,3524.44,3.41197,12.6238
6890,41.8792,108.456,9.31681,3494.66,2.58973,11.161
5167,37.4699,105.166,9.96762,3502.67,2.80668,11.2717
9696,33.7929,54.0709,6.20686,3438.65,1.60007,7.5641
7695,41.1858,116.969,9.9909,3503.9,2.84003,10.8466
1672,45.7476,70.3152,7.46068,3430.41,1.53703,8.51645
4631,31.7695,102.72,10.0934,3518.47,3.23328,12.6116
4763,44.6369,88.0009,9.51777,3469.47,1.97148,11.2642
3476,41.1058,79.5423,9.46643,3467.13,1.93507,10.5614
1070,40.8441,67.5701,7.28849,3444.81,1.65434,7.95081
1136,42.1165,77.2091,6.3708,3460.6,1.83323,7.17352
1722,33.2176,94.2885,10.5723,3503.85,2.83851,11.9346
8692,0,0,0,3166.59,0,0
956,41.9281,69.5126,8.30863,3445.2,1.6579,10.2267
1608,28.4603,91.1756,11.1761,3517.37,3.20361,11.8712
6382,37.7788,62.6179,6.14331,3445.16,1.65749,7.39625
8293,29.4988,80.7838,8.87704,3500.15,2.73854,10.3794
519,45.7175,100.619,8.64764,3478.29,2.20089,9.62418
2483,38.3667,72.0496,8.10759,3463.46,1.87792,9.8564
9603,25.1733,92.9787,11.0245,3533.05,3.69355,13.1155
7206,39.8346,96.32,8.02271,3487.9,2.418,9.35625
4359,33.8025,81.5956,7.48472,3487.71,2.41389,8.52458
6783,24.5555,150.635,15.4512,3630.59,6.13446,16.9312
6433,35.7089,46.7803,5.0614,3401.69,1.31005,5.89717
3193,39.0267,112.268,10.6689,3505.26,2.87669,11.2723
5718,35.1069,95.1649,8.69656,3499.12,2.71072,10.3608
9853,29.1534,113.45,11.3166,3538.55,3.89149,12.7011
7335,34.5048,46.6905,5.95123,3407.53,1.35316,7.23185
4226,32.2685,99.0756,9.73154,3512.43,3.07035,11.8144
3792,0,0,0,3166.59,0,0
710,33.9266,80.4346,8.01296,3485.73,2.37084,9.60679
4185,34.7516,68.4556,8.68388,3469.36,1.96986,9.92282
6362,34.1587,86.892,9.82655,3492.96,2.54377,10.6395
5235,34.8653,44.2878,5.8812,3395.59,1.27025,6.46423
58,32.4917,111.175,9.93614,3524.76,3.42164,11.7809
5779,34.7954,104.085,9.47916,3509.5,2.99134,10.8586
388,35.8478,103.068,9.85719,3505.2,2.87516,11.2418
3254,39.2224,41.6292,4.26423,3366.56,1.06136,5.15834
5888,33.6276,75.5254,8.4485,3479.98,2.24594,9.45095
5657,33.0096,89.6427,9.17481,3499.3,2.71566,10.2641
2499,37.2833,65.213,6.37469,3453.88,1.74912,7.54785
617,34.1645,82.3915,8.1205,3487.61,2.41161,9.05392
4823,30.5868,98.5439,9.93707,3518.04,3.22178,12.3639
9710,32.4736,110.25,9.75348,3523.9,3.39506,11.7675
4547,39.2745,62.185,6.60153,3436.47,1.58334,7.80521
355,39.3676,110.126,10.4143,3502.33,2.79738,11.5672
9295,46.6567,73.2979,7.09702,3434.85,1.57101,8.20106
7261,0,0,0,3166.59,0,0
6554,32.1181,125.159,11.5672,3538.7,3.89682,12.8452
5008,33.2241,87.9818,10.0759,3496.81,2.64813,10.6448
5979,36.9652,102.32,10.6442,3501.24,2.768,11.4421
4519,34.839,80.2765,7.44057,3482.66,2.30422,9.03543
4287,32.9134,102.599,8.7469,3514.17,3.11724,9.74893
655,41.5585,74.8063,7.28121,3458.04,1.80002,8.22939
9652,36.3747,84.6711,9.46955,3483.74,2.32775,11.7683
8213,28.6165,125.456,11.0004,3551.52,4.38403,12.3246
4245,0,0,0,3166.59,0,0
1760,0,0,0,3166.59,0,0
9170,36.7048,81.1504,7.60465,3478.66,2.21089,8.60066
5225,31.4942,72.3662,7.90627,3482.36,2.29777,8.85096
1755,38.8756,45.0631,4.63782,3378.18,1.15916,5.02152
3035,0,0,0,3166.59,0,0
2426,27.9239,91.6457,10.9478,3520.24,3.28198,12.3631
9182,33.7289,59.1374,6.66103,3454.22,1.75331,7.88094
4628,0,0,0,3166.59,0,0
2121,37.3669,73.9393,8.49918,3469.93,1.97874,9.89781
4190,31.7554,109.048,11.1376,3525.16,3.43399,11.7804
8539,40.2151,100.102,10.3686,3490.94,2.48916,11.5252
8459,27.8522,118.826,11.0567,3548.41,4.26631,12.5617
7650,35.0955,105.846,9.96226,3510.41,3.01593,11.4337
3353,29.8694,85.5404,9.76929,3504.78,2.86381,11.1492
8913,34.5026,104.326,10.1772,3510.7,3.02371,11.966
5896,34.6213,91.2135,10.234,3496.31,2.63461,11.7593
9780,0,0,0,3166.59,0,0
9100,40.5086,65.0172,8.26145,3439.3,1.60502,9.5564
4580,40.2716,102.543,9.61473,3493.05,2.54628,10.8912
9528,37.5953,74.5102,7.56997,3470.08,1.9819,8.56423
7523,29.2376,108.507,11.544,3533.54,3.7112,12.3597
3048,40.764,74.6572,7.62752,3460.48,1.83145,8.928
4124,33.561,75.54,8.22714,3480.2,2.25082,9.50899
5976,35.4624,108.447,10.1434,3511.97,3.05807,11.49
1399,35.7847,133.258,10.77,3533.89,3.72387,11.9429
3261,0,0,0,3166.59,0,0
7241,28.1616,70.0691,8.58595,3490.9,2.48811,8.87092
7945,41.85,108.428,9.42788,3494.7,2.59088,10.5249
6285,33.4738,90.9351,10.3046,3499.34,2.7166,11.8471
8209,33.5996,116.04,9.88921,3525.79,3.45362,12.3215
3111,42.3267,85.7934,7.92639,3471.77,2.02693,9.16468
7643,39.0771,133.508,13.3119,3524.59,3.41653,14.2456
4523,34.0663,104.989,10.3495,3512.86,3.08191,12.2902
3948,0,0,0,3166.59,0,0
7963,36.3868,39.0382,4.01165,3367.6,1.07287,4.35272
7471,0,0,0,3166.59,0,0
9860,47.3873,81.2055,6.80898,3450.97,1.71366,7.45139
336,39.0632,107.461,10.2119,3500.61,2.75095,10.8666
3550,34.1422,106.244,10.3752,3513.97,3.1118,12.1927
8704,0,0,0,3166.59,0,0
179,27.0883,121.279,12.0791,3554.01,4.47718,13.4244
6551,31.3934,107.495,10.7772,3524.84,3.42412,12.341
7307,34.0171,122.942,9.92865,3530.84,3.61413,11.5912
1698,35.8907,115.774,10.7054,3518.19,3.22573,12.2625
1675,28.4492,80.1704,10.4587,3503.09,2.81802,12.1396
3773,36.5673,98.5249,10.3563,3498.52,2.69435,11.7859
813,41.4255,75.1967,7.16827,3459.29,1.81523,7.80432
3961,27.7505,82.7433,10.5904,3509.15,2.98168,11.3406
1375,0,0,0,3166.59,0,0
6077,42.5988,122.888,9.33613,3505.56,2.88478,10.6895
790,35.9656,115.244,10.1724,3517.39,3.20429,11.4039
6057,32.0673,80.0296,8.87648,3491.18,2.49568,10.4063
9904,39.9044,142.844,10.3295,3529.87,3.57965,11.7827
8457,39.4469,75.0468,7.56023,3465.04,1.90247,8.86527
2616,38.4519,70.5121,8.67789,3460.63,1.83378,9.68392
7355,0,0,0,3166.59,0,0
9752,32.1801,86.4744,9.07431,3498.25,2.6872,10.0238
5884,42.8453,87.2308,7.89878,3472.1,2.03595,8.90745
2140,39.5031,109.074,10.7533,3500.99,2.76115,11.2644
6104,39.4757,70.9511,6.9018,3457.82,1.79734,8.09632
4524,47.25,89.6875,10.13,3464.76,1.89815,12.0371
2315,39.4839,118.938,10.6982,3510.28,3.01231,11.9377
3639,34.9659,118.575,10.0795,3523.77,3.39115,11.3407
595,37.5846,118.389,11.4512,3515.38,3.14995,13.1465
9373,0,0,0,3166.59,0,0
114,31.5373,99.7568,9.20016,3515.87,3.16314,11.2865
4104,36.8079,101.15,10.3816,3500.5,2.74805,11.4999
5923,44.4088,103.124,9.13534,3483.48,2.32215,10.9893
3833,35.4926,105.561,9.38545,3508.87,2.97417,10.7024
382,0,0,0,3166.59,0,0
8374,42.3824,112.154,9.47178,3496.74,2.64625,10.7658
4094,28.2714,91.849,11.3655,3519.04,3.24883,12.3268
3322,35.8179,55.5957,5.81301,3432.39,1.55218,6.4568
4038,34.628,108.459,10.3389,3514.72,3.1321,11.7821
741,39.2973,89.5291,9.8614,3481.46,2.27825,11.4247
3937,37.8486,67.1669,7.36887,3455.96,1.77462,8.8626
1685,43.2632,69.8846,6.57509,3440.54,1.61534,7.5569
9604,30.7579,109.766,10.1519,3529.51,3.56871,11.3064
1734,34.574,107.703,10.3555,3514.09,3.11516,11.8251
9596,42.2573,101.34,9.5834,3486.99,2.39816,10.4782
232,32.9553,111.577,11.0019,3523.59,3.38572,11.7584
9078,36.8619,87.9419,9.62167,3486.41,2.38571,10.1228
2245,38.7986,96.6317,9.67725,3491,2.4906,11.2354
853,33.6246,109.415,10.4583,3519.24,3.25402,12.4594
7113,37.4112,92.5504,8.61826,3490.38,2.47387,10.1398
7956,35.0043,61.9706,6.19036,3455.62,1.77037,7.41825
1261,36.7322,122.041,10.463,3521.55,3.32244,11.209
7782,34.6567,100.016,8.41335,3505.6,2.88591,10.5689
8261,38.39,60.243,6.8824,3434.62,1.56924,8.30962
2931,36.1935,101.358,9.51854,3502.44,2.80045,11.8335
7133,37.0458,93.5578,8.72961,3492.28,2.52546,9.69885
4008,32.2492,123.749,12.5163,3537.04,3.83727,14.792
5780,30.9216,110.551,11.2407,3529.72,3.5752,12.3137
3405,36.2525,85.033,8.17654,3484.56,2.34557,9.75485
778,0,0,0,3166.59,0,0
4220,37.0867,109.188,9.86952,3507.76,2.94413,11.8821
7024,31.7431,98.9913,9.80395,3514.21,3.11852,11.7871
9228,34.2183,71.7112,7.09331,3474.35,2.0957,8.16132
6577,40.0769,53.75,5.96154,3405.91,1.34117,6.5089
6781,44.7498,68.8811,7.62794,3430.7,1.53925,8.31583
7414,36.9954,87.1624,9.51989,3485.05,2.35604,10.2291
9748,30.4696,94.1225,8.94636,3513.12,3.08907,10.7874
7677,38.4444,46.9909,5.23613,3387.9,1.22231,6.11621
7659,40.9411,70.2842,7.06624,3451.22,1.71671,8.43835
210,36.178,115.277,9.69983,3516.73,3.18639,11.7802
4320,27.9206,110.983,10.1612,3540.81,3.97496,12.7671
6462,37.7378,89.6778,10.0254,3485.98,2.37634,11.6254
8612,29.7597,95.9915,10.9237,3518.18,3.22555,12.3847
616,33.8057,81.7807,10.3608,3487.95,2.41914,12.0633
3525,45.1678,93.31,9.55982,3473.23,2.06585,10.5558
7904,33.2202,74.5388,7.90634,3479.9,2.24378,8.92871
5875,40.7042,80.7106,9.46406,3470.11,1.98286,11.1439
8190,33.7676,88.1062,10.9796,3495.37,2.60919,11.8375
2614,40.3948,50.4418,5.11818,3392.12,1.24872,5.62922
8232,36.3147,125.743,11.7962,3526.08,3.46259,12.6046
706,35.5771,101.143,10.0693,3504.01,2.84293,11.4548
1446,28.3219,70.3668,8.23077,3490.77,2.48454,9.12322
8249,0,0,0,3166.59,0,0
2333,37.5932,66.2964,6.83543,3455.06,1.76352,7.28373
4609,37.3583,72.9416,7.88475,3468.25,1.95249,9.28717
3934,40.3277,126.671,11.4614,3515.05,3.14105,13.6829
1447,43.549,52.8479,5.64442,3386.51,1.21353,6.60306
8098,0,0,0,3166.59,0,0
9058,30.1429,100.031,11.5447,3521.42,3.31854,12.6514
8653,31.928,61.0568,7.22719,3465.67,1.91233,8.19442
8412,48.5262,70.565,6.40165,3419.79,1.45416,7.53098
214,37.5402,97.2964,9.23472,3494.73,2.5918,10.5809
5855,35.9247,99.528,7.77206,3501.33,2.77046,9.42051
7360,32.1196,118.03,11.0438,3532.53,3.67469,12.2401
9471,39.1104,56.6423,6.4073,3419.1,1.44827,7.61034
6752,32.2028,89.6241,8.6874,3501.8,2.78312,10.8676
1362,35.2741,74.7486,6.92782,3475.22,2.11908,8.06922
9524,35.3832,103.769,11.1889,3507.33,2.93272,12.1346
1537,43.6452,86.0054,8.35362,3469.41,1.97056,9.23085
1216,29.9986,95.4614,9.60016,3516.57,3.18219,11.9186
5510,33.3551,106.443,10.115,3516.91,3.1912,12.172
8006,35.3855,56.0154,5.74435,3436.42,1.583,6.69507
4992,37.417,59.7443,6.25535,3438.22,1.59671,7.43898
5694,48.1238,87.218,7.89156,3459.05,1.81237,8.71713
9219,33.6238,95.6168,10.0697,3504.04,2.84372,11.9459
7504,37.1326,120.171,10.4361,3518.58,3.23627,11.8063
6212,36.7855,95.1101,9.57481,3494.5,2.58553,11.8421
7977,28.2482,91.6502,10.0501,3518.88,3.24446,10.6603
1863,29.9459,65.9863,6.88584,3478.39,2.20352,7.81858
2063,33.7429,121.142,10.772,3530.18,3.59014,12.2168
8403,30.4556,93.2957,11.2162,3512.17,3.06334,12.1243
6929,34.0887,113.911,10.3754,3522.17,3.34162,11.5687
3069,33.3661,111.635,10.7636,3522.3,3.34576,11.2812
240,30.9772,64.0344,7.18149,3473.27,2.06715,8.09897
8114,0,0,0,3166.59,0,0
9433,37.2312,125.425,10.9536,3523.05,3.36883,12.0914
9353,0,0,0,3166.59,0,0
122,38.7348,111.496,9.77478,3505.33,2.87844,11.7299
4109,40.681,69.6532,7.28895,3450.85,1.71218,8.30761
3061,33.7584,85.6035,7.75178,3492.66,2.53577,9.08528
9206,37.6244,99.1964,10.3864,3496.38,2.63649,11.4485
6876,28.5826,96.343,11.1936,3523.11,3.37068,12.7373
7153,0,0,0,3166.59,0,0
4329,33.538,74.7,6.93646,3479.28,2.22733,8.24995
4387,40.5033,100.164,10.4902,3490.35,2.47298,11.9333
7894,35.0271,114.022,10.274,3519.28,3.25525,12.1556
1752,34.189,82.6073,8.02733,3487.82,2.41619,9.22644
3151,33.758,88.4888,10.512,3495.82,2.62127,11.7317
9316,41.4222,116.734,9.65966,3503.09,2.81815,11.1089
7046,34.6874,124.418,10.2848,3530.09,3.58684,11.6781
3038,0,0,0,3166.59,0,0
2789,33.4981,118.494,11.5163,3528.5,3.53732,13.0052
150,31.7543,58.1791,6.93128,3460.53,1.83217,7.91613
2128,38.617,124.278,10.7384,3517.91,3.21823,11.4598
434,34.5542,87.5842,9.75303,3492.62,2.53469,10.5929
285,33.1177,84.6111,10.0405,3493.37,2.55486,11.4294
1984,32.3728,99.7278,11.0198,3512.81,3.08061,12.5121
7017,34.8781,107.669,9.60053,3513.05,3.08701,10.7493
1885,27.7188,78.6118,10.9301,3503.76,2.83605,12.7101
765,39.0337,133.043,11.0439,3524.33,3.40841,11.9447
8560,30.5524,110.419,11.4173,3530.84,3.61408,12.5459
983,31.4672,82.3241,9.36875,3495.63,2.61619,10.2722
9629,43.8284,73.7891,7.18209,3448.01,1.68359,8.05491
7142,0,0,0,3166.59,0,0
1528,34.093,112.883,10.8491,3521.18,3.31102,12.5648
3131,36.8803,70.3242,7.16567,3465.32,1.90682,8.55164
5789,0,0,0,3166.59,0,0
8931,38.5095,77.3869,8.10219,3471.11,2.00955,9.0613
856,40.9984,99.8125,10.1593,3488.66,2.43455,11.5162
223,40.2245,66.716,6.76106,3445.28,1.65859,8.01178
9602,41.5866,111.221,9.93495,3497.78,2.67444,11.6662
5563,37.7276,111.883,10.1255,3508.55,2.96554,10.8513
4962,35.32,103.186,7.81903,3506.92,2.92147,8.73867
6685,38.4485,135.001,10.5437,3527.65,3.51121,12.1522
4540,34.9295,81.2129,8.0244,3483.62,2.32505,8.93975
5852,38.7109,52.3782,5.74006,3407.52,1.35306,6.85001
1585,37.4037,53.6755,5.74727,3417.53,1.43503,6.86276
3296,41.8954,65.839,7.37008,3434.92,1.57151,8.48538
3527,38.1164,106.203,10.4641,3501.92,2.78629,11.8596
1631,31.2361,106.303,10.0477,3524.16,3.40322,11.3283
3725,0,0,0,3166.59,0,0
1801,35.3966,96.8498,10.4387,3500.06,2.73613,12.0845
1325,30.2312,123.209,10.5017,3543.44,4.07556,12.3943
6481,31.9629,58.4531,7.08048,3460.31,1.82878,8.54092
4390,33.1327,77.3663,7.72291,3484.08,2.33504,9.06957
8280,35.7628,70.7856,7.59115,3469.97,1.97931,9.13849
451,35.7776,102.258,10.2467,3504.58,2.85816,12.0729
9789,39.8392,80.2823,9.36139,3471.33,2.01516,10.7841
9451,37.6911,98.8148,9.82767,3495.84,2.6217,12.1175
3890,32.9699,83.7466,7.2915,3492.82,2.54009,8.20701
2612,41.549,65.5324,6.60608,3435.67,1.57723,7.26897
3838,0,0,0,3166.59,0,0
6411,28.4353,157.226,14.8748,3586.18,5.52925,16.4255
5477,40.5081,86.8925,9.62515,3476.2,2.14506,11.3489
2939,30.7843,107.984,10.8876,3527.54,3.50775,13.1562
8070,35.0614,106.172,10.5621,3510.87,3.02818,11.6284
5936,34.4284,104.367,11.0059,3510.99,3.03142,12.1025
2067,40.2969,109.378,10.3946,3499.25,2.71429,11.8184
4516,23.4161,77.6583,9.74364,3521.35,3.31644,12.0373
6352,36.3951,92.7939,9.92831,3493.18,2.54962,11.5861
5203,40.3255,134.297,10.9719,3521.8,3.33031,13.0155
9007,34.9585,108.776,10.3748,3513.96,3.11157,12.6889
2429,36.3647,114.88,9.53428,3515.72,3.15911,11.3029
8225,28.9427,77.3593,8.66511,3497.72,2.67284,10.9015
4611,27.8784,113.419,9.66559,3543.25,4.06834,11.2844
750,35.4856,98.0044,10.0975,3501.01,2.76181,11.8073
5823,40.0868,46.6516,4.28389,3378.81,1.16377,5.05758
7651,27.3779,109.702,11.9638,3541.65,4.00694,13.0493
4084,33.7036,111.701,11.6392,3521.28,3.31421,12.8788
4242,31.145,100.842,10.3096,3518.64,3.23783,11.3497
791,38.5146,121.496,9.39497,3515.55,3.15455,10.7187
3910,38.0174,96.8488,10.1044,3493.1,2.54749,11.9421
9846,31.1211,125.297,11.6601,3542.15,4.02612,12.9841
7112,38.4539,89.4931,8.21135,3483.72,2.32728,9.15763
1542,40.6721,63.9064,6.24781,3434.89,1.57126,7.34394
6855,38.3112,56.2361,6.68832,3421.53,1.46787,7.93928
770,31.9048,79.9791,8.732,3491.59,2.50681,10.5839
7879,30.684,128.836,12.8678,3546.65,4.19882,14.595
6549,0,0,0,3166.59,0,0
332,30.3597,79.2485,7.52531,3495.42,2.61032,9.12794
3619,28.1941,67.6726,8.05723,3487.08,2.40024,9.17865
1244,34.9001,108.933,11.4901,3514.32,3.12127,11.8404
1468,36.1222,134.745,13.2193,3534.07,3.73026,14.4069
1757,34.528,99.5848,11.3186,3505.54,2.88418,11.6208
3479,37.3705,66.9366,6.78804,3457.32,1.79116,7.56763
1762,29.1886,120.983,12.4493,3545.24,4.14485,13.1148
8839,43.6027,62.3728,6.08781,3416.99,1.43048,7.41549
2535,35.8122,114.313,9.78828,3516.94,3.19201,11.636
2879,0,0,0,3166.59,0,0
5819,34.9064,85.2304,8.43447,3488.99,2.44168,10.2097
5122,37.7673,113.077,10.9208,3509.6,2.99405,11.6515
5721,38.0831,127.524,10.57,3522.39,3.34858,11.6574
4076,32.198,110.811,10.5419,3525.4,3.44155,12.1147
2555,42.027,89.7168,9.94287,3475.81,2.13474,11.3108
9925,42.7665,88.7495,8.05376,3473.58,2.07521,9.07099
6597,36.228,104.478,9.10274,3505.53,2.88389,11.1393
5872,39.2963,133.264,9.92188,3523.77,3.39126,11.7153
3638,30.5478,87.7365,9.6052,3505.09,2.87211,11.2235
8832,44.287,116.135,10.4243,3495.86,2.62233,11.672
3307,34.4764,113.258,11.517,3520.34,3.28509,13.1717
1708,30.4285,73.38,10.4949,3487.6,2.41155,12.6044
924,31.3099,86.3437,9.98983,3500.86,2.75771,12.2882
3710,43.9903,64.6079,5.77329,3421.64,1.46868,6.66646
2427,0,0,0,3166.59,0,0
5,26.9929,121.76,11.1595,3554.91,4.5108,13.0343
5185,33.6637,102.993,9.65966,3512.03,3.05947,11.2473
22,35.5721,87.5283,9.39451,3489.86,2.46059,11.7941
5763,36.0646,100.988,12.7298,3502.43,2.8002,13.4425
5256,27.1239,145.83,15.3627,3580.23,5.37642,16.8277
464,35.6842,130.069,10.38,3531.7,3.64502,12.0019
1025,41.5123,94.0012,11.3986,3480.83,2.26442,11.3546
2341,40.0842,78.8204,7.70895,3469.14,1.96637,8.33627
4489,39.5706,113.893,9.18174,3505.32,2.87823,10.9649
6354,33.5011,75.6861,7.70117,3480.59,2.25921,9.08495
2138,30.9451,109.323,10.8718,3528.35,3.53279,12.5663
6981,37.661,66.6187,8.12898,3455.5,1.7689,8.66532
9406,37.8757,89.1177,10.6101,3484.9,2.3529,11.4266
5798,25.6993,130.949,15.1388,3570.98,5.09546,17.3357
8828,44.7168,88.6887,7.53101,3470.13,1.98334,8.98871
2396,39.4006,65.3435,7.34345,3445.26,1.65844,7.6559
1396,42.5195,102.196,9.63309,3487.23,2.40352,11.5282
169,29.3804,97.8171,11.1694,3521.77,3.32933,12.7302
2156,32.1293,101.139,10.2578,3515.3,3.14788,12.4046
7793,29.3953,102.745,10.5853,3527.14,3.4953,11.8977
6901,37.0463,113.76,9.71092,3512.44,3.07076,11.8555
942,34.7338,53.4305,5.7281,3430.57,1.53829,6.97274
3855,40.7825,92.1097,9.21387,3480.56,2.25856,10.7231
2046,33.7418,76.0285,7.91026,3480.31,2.25325,9.87922
976,40.7212,64.9505,6.33766,3437.99,1.59501,7.06233
9993,32.5123,109.019,10.6124,3522.54,3.35317,12.4259
4023,48.324,85.5465,8.70324,3455.61,1.77027,9.84356
5537,36.5471,109.565,10.3042,3509.75,2.9979,12.3155
1192,36.7911,107.142,9.08536,3506.57,2.91218,10.5668
4026,35.0481,93.531,8.81252,3497.57,2.66864,9.4207
5525,36.4835,115.381,10.0251,3515.85,3.16256,11.4268
5004,0,0,0,3166.59,0,0
267,35.081,93.176,8.72984,3497.1,2.65602,10.173
5653,37.8727,97.1587,9.05715,3493.76,2.5654,10.4817
2981,40.198,130.518,9.99053,3518.97,3.24687,12.208
5543,31.8808,107.599,10.6277,3523.25,3.37505,12.5282
5365,31.9463,95.9189,10.9249,3509.92,3.00251,12.6934
365,0,0,0,3166.59,0,0
6961,37.2018,87.2207,7.53044,3484.52,2.34453,9.22503
1020,35.6543,103.19,10.2484,3505.91,2.89417,11.8382
702,37.4484,111.654,9.72891,3509.14,2.98155,10.6579
1799,34.325,39.9788,4.19535,3378.94,1.16472,5.13793
6265,33.2031,96.8309,9.02064,3506.73,2.91632,10.2953
2578,39.7628,61.2956,6.78891,3431,1.54153,7.86919
5590,38.8356,113.161,9.90213,3506.64,2.91386,12.0735
9543,32.3467,53.3343,6.33112,3444.21,1.64883,7.87359
6884,30.1304,114.875,11.0151,3536.36,3.8126,12.8244
4296,32.2327,99.7402,11.3179,3513.32,3.09438,12.2449
8640,0,0,0,3166.59,0,0
205,37.1573,110.11,10.1551,3508.47,2.96335,11.5313
8351,40.3415,123.188,10.3252,3511.81,3.05364,11.5276
9484,30.881,88.8386,8.54871,3505.26,2.87681,10.0838
4128,39.0657,116.663,10.0699,3509.32,2.98633,11.7197
4407,38.3019,73.0434,8.5213,3465.33,1.90705,10.0288
5494,36.6682,90.5826,10.0249,3490.25,2.47033,12.0472
8867,42.1599,109.601,9.98265,3495.02,2.59964,11.4072
34,38.0098,72.0482,7.04,3464.59,1.89552,7.93464
6371,34.1752,112.847,10.1677,3520.89,3.30202,11.8988
1374,32.912,119.604,10.7982,3531.4,3.63405,12.1945
7657,30.5217,87.7238,10.6636,3505.17,2.87415,12.2279
7930,29.8441,102.711,10.0605,3525.4,3.44158,11.4655
30,31.2188,79.2012,8.4254,3492.71,2.53697,9.3332
8943,31.0871,63.1714,7.01653,3471.96,2.03208,8.54604
2031,38.0437,103.002,10.601,3499,2.70746,11.714
9016,37.0971,105.279,10.0919,3503.83,2.83793,11.424
6322,41.5105,73.1179,6.68065,3454.88,1.76143,7.39569
6222,31.6082,84.6049,10.6553,3497.87,2.67667,12.3167
568,36.0418,89.3543,9.09199,3490.58,2.47919,10.2461
8563,42.464,75.6933,8.27189,3456.61,1.78253,9.45303
8123,31.4139,103.068,10.3029,3520.21,3.28099,12.5496
6756,31.397,96.2843,10.872,3512.29,3.06667,12.1719
3047,42.0236,122.511,10.4869,3506.69,2.9153,12.1707
1423,37.1087,97.7285,10.2303,3496.27,2.63357,12.1915
1929,37.2174,126.501,10.3983,3524.02,3.39897,11.3096
8818,41.3268,108.775,10.6112,3496.22,2.63208,12.0239
3383,37.4314,37.9023,4.06068,3362.18,1.01258,4.64158
2536,30.749,99.1441,10.206,3518.13,3.22431,12.0525
4221,30.9309,124.828,10.8436,3542.4,4.03569,12.9714
6626,30.7326,100.619,12.4216,3519.98,3.27403,13.704
9607,44.539,104.268,9.35711,3484.36,2.34105,10.7283
7377,29.8325,97.5512,10.8782,3519.83,3.26997,13.0048
3929,32.5126,90.0581,10.0559,3501.31,2.76994,11.7395
1780,33.4512,108.078,10.5664,3518.38,3.23091,12.2521
4605,34.9712,98.7691,11.0972,3503.32,2.82429,12.5879
1358,42.6552,59.4621,7.54503,3412.68,1.39402,9.12147
2592,41.8723,108.731,9.81568,3494.91,2.59673,11.7175
3418,31.7204,72.9546,7.17889,3482.46,2.29993,8.43811
9856,36.5443,117.11,11.7151,3517.4,3.20461,12.8568
1891,36.9783,106.362,9.87605,3505.25,2.87634,11.4454
4761,38.4785,107.736,9.53335,3502.42,2.7999,11.1582
6645,36.1132,86.4303,8.72434,3486.76,2.39332,11.1727
2136,41.2458,65.1635,6.5339,3436.01,1.57988,7.67218
3852,48.6948,85.9267,7.85822,3455.14,1.7646,9.06302
1701,39.9921,98.9935,8.61588,3490.43,2.47533,9.72933
9443,41.6131,122.03,9.90645,3507.33,2.93249,11.8281
8201,40.1905,95.634,10.1395,3486.13,2.37952,11.5717
8854,28.7309,93.9953,10.8129,3519.89,3.27158,12.4672
1141,0,0,0,3166.59,0,0
2074,32.0259,93.7083,9.03726,3507.09,2.92602,10.1917
11,46.1707,76.4473,7.23378,3444.97,1.65575,8.35532
755,32.7454,91.2822,10.5589,3501.97,2.78763,12.602
9513,37.1967,100.894,11.0928,3499.19,2.71244,11.8122
8581,43.2599,98.1277,10.3009,3481.01,2.26833,11.2798
7744,27.4339,99.06,11.2283,3530.75,3.61086,12.6318
4922,33.5949,112.573,11.813,3522.47,3.3509,12.6994
7923,33.3441,161.954,12.4854,3564.27,4.85705,14.1978
6102,32.1016,60.1254,7.05092,3463.15,1.87297,8.74981
5490,34.8346,67.475,7.07799,3467.25,1.93701,8.47564
3783,31.0787,64.2317,7.48475,3473.26,2.06674,7.94023
9852,36.7531,74.3823,8.62707,3471.65,2.02384,9.6254
1692,35.8954,104.518,10.091,3506.56,2.91173,11.6539
4535,40.9321,67.2812,7.35284,3443.65,1.64373,8.66691
2544,43.2363,69.8269,7.4419,3440.51,1.61501,8.45309
4543,35.8613,99.2672,10.6982,3501.24,2.76809,11.5375
6293,31.8467,97.1496,10.9018,3511.7,3.05054,12.8179
6793,30.8062,132.469,11.0295,3549.29,4.30007,12.5036
760,37.762,109.701,10.1732,3506.31,2.90505,12.3426
3864,33.5056,103.262,10.3253,3512.86,3.08195,11.6646
2413,34.388,69.2785,7.33863,3471.3,2.01461,8.89077
7733,0,0,0,3166.59,0,0
4204,44.6686,111.371,10.2309,3491.09,2.49326,11.6063
5027,29.0821,158.479,14.9968,3583.07,5.44936,16.4178
8275,0,0,0,3166.59,0,0
1622,40.8246,62.7633,5.25411,3430.46,1.53739,5.78995
4970,41.7629,44.1539,5.11322,3366.19,1.05725,5.81949
8656,38.8684,97.8272,10.1444,3491.97,2.51689,11.731
7197,43.5387,71.8819,7.48044,3444.45,1.65099,8.09052
7251,34.169,102.679,8.98037,3510.01,3.00504,10.9646
3133,33.519,98.242,10.7898,3507.27,2.93093,11.8817
8871,36.6522,193.5,13.4746,3577.01,5.27936,15.5765
2729,39.8601,106.286,10.1176,3497.49,2.66647,11.4933
7512,35.1778,108.96,10.6419,3513.43,3.09739,11.8758
5071,38.6928,75.0595,6.5364,3467.44,1.93988,7.72724
9578,40.1388,95.7842,10.9219,3486.44,2.38633,11.6862
4030,39.6414,60.2003,6.55568,3428.04,1.51862,7.67184
6309,38.0314,110.064,10.4122,3505.9,2.89402,11.5103
5505,30.3541,94.5739,9.72855,3514.11,3.11568,11.5536
5662,0,0,0,3166.59,0,0
5434,33.2848,62.9891,6.5559,3464.39,1.89243,7.51554
1634,34.52,61.6798,7.26593,3456.96,1.78678,9.06646
6469,31.5425,87.3779,10.5823,3501.32,2.77017,12.4384
5491,47.5043,56.6508,6.04668,3383.19,1.19254,6.68016
8967,42.1161,102.664,9.16049,3488.8,2.43764,10.5938
6809,33.0794,121.62,10.9002,3532.58,3.67662,12.5057
1820,0,0,0,3166.59,0,0
4007,30.4843,94.8988,10.2603,3514.01,3.11304,12.2731
8172,33.4049,96.6128,11.2204,3505.83,2.89217,12.5723
2869,43.8607,99.2733,10.4615,3480.78,2.26337,11.8142
5392,31.8343,92.2645,11.2807,3506.06,2.89827,12.4826
8697,41.6646,65.799,5.75596,3435.93,1.57925,7.25553
7967,38.4371,128.589,10.6164,3522.29,3.34545,11.9929
5053,30.5103,74.3443,8.25168,3488.76,2.43669,9.88516
2054,42.3111,77.8847,8.31234,3461.08,1.84076,9.89196
4907,44.7373,117.774,10.5103,3496.24,2.63256,11.6438
3978,38.2811,59.8131,7.27204,3433.74,1.56247,8.19729
9809,34.3067,92.346,9.5964,3498.42,2.69177,10.7988
654,43.1537,82.1107,8.86639,3465.06,1.90275,10.1181
5468,35.2732,133.058,11.5847,3535.24,3.77221,12.6401
3222,33.3904,103.315,10.319,3513.31,3.09414,11.9567
9475,41.2666,108.788,10.2637,3496.37,2.63622,11.4433
7100,0,0,0,3166.59,0,0
7775,35.4842,116.759,10.4297,3520.51,3.29045,12.8267
6925,35.1511,95.9706,8.59375,3499.84,2.73023,9.72486
9173,37.7447,114.127,10.3805,3510.7,3.02365,11.8266
7478,30.6976,116.27,11.7828,3535.66,3.7876,13.1441
2023,35.1341,46.8613,5.33737,3404.91,1.33379,6.23849
4729,44.0238,80.0651,7.63147,3459.57,1.81868,8.52053
931,36.9839,48.1579,6.17159,3400.61,1.30213,6.74611
9371,27.6236,120.209,11.5913,3550.65,4.35168,13.1117
3046,32.1202,78.0477,8.74941,3488.45,2.42986,10.3137
8507,0,0,0,3166.59,0,0
2195,36.6581,67.0085,8.09904,3460.26,1.82793,9.46471
1943,37.9394,102.565,10.5447,3498.85,2.70338,12.1128
5254,36.2524,113.812,10.3348,3514.99,3.13945,11.5243
5668,39.1743,103.798,10.3676,3496.87,2.64964,12.069
3789,43.1224,138.586,10.8977,3517.74,3.21377,11.9091
994,34.3176,113.398,10.9649,3520.96,3.30437,13.462
9763,33.2812,81.2024,8.14886,3488.91,2.43989,9.3324
5553,38.7364,96.5486,9.6628,3491.07,2.49245,10.4881
9378,42.4041,80.7975,7.78211,3465.23,1.90542,9.12683
6640,31.6588,107.206,10.8334,3523.61,3.38628,12.9959
5942,42.3095,70.3726,8.22987,3445.79,1.66328,9.17391
5199,41.303,109.351,10.447,3496.79,2.64753,12.0954
2726,41.9281,98.2574,10.1041,3484.47,2.34348,10.6089
2825,35.9443,135.6,11.7437,3535.24,3.77249,12.2149
5707,34.6154,68.1017,6.7051,3469.2,1.96738,7.84102
3036,42.8068,81.7595,8.22199,3465.52,1.90996,9.42506
7029,25.4892,91.2931,12.5868,3529.93,3.58164,13.5048
677,32.5444,73.0685,7.4564,3479.95,2.24519,8.59314
4354,41.457,60.2578,6.24545,3419.72,1.4535,7.43716
1120,35.9087,71.5706,8.19366,3470.5,1.99313,9.47894
4410,41.142,122.696,11.5575,3509.17,2.98226,11.8839
7792,34.2136,120.444,9.47751,3527.95,3.52034,10.4259
3412,31.0565,71.6644,8.13301,3482.81,2.30755,9.50065
6843,29.9111,105.145,11.9323,3527.78,3.51525,13.2848
914,41.2988,73.3406,8.33192,3456.07,1.77585,9.56117
3875,41.0143,44.2641,4.55504,3368.17,1.07924,5.3638
9632,0,0,0,3166.59,0,0
2038,38.8082,63.4754,5.70831,3442.76,1.63562,6.67597
3872,32.4513,94.3416,10.3185,3506.39,2.90717,11.9209
1733,37.922,103.477,10.4001,3499.78,2.72867,12.1541
4358,35.1459,65.9542,7.15288,3463.38,1.87658,7.67181
5637,36.6029,100.075,9.81928,3499.98,2.73407,11.7444
5825,0,0,0,3166.59,0,0
9627,37.1808,102.757,10.6152,3501.08,2.76371,12.2038
9152,26.2963,102.09,11.0355,3538.29,3.8823,13.8112
7547,36.7233,89.982,8.62406,3489.39,2.45027,9.14897
7068,51.9564,83.589,8.55516,3439.8,1.60883,9.9066
940,33.0049,102.683,9.528,3513.94,3.11115,12.1479
3028,37.8188,88.3082,10.4441,3484.08,2.33504,12.0012
6339,35.9125,83.3521,8.03593,3483.43,2.32098,9.39022
9089,48.4821,74.4066,6.66026,3430.11,1.53472,8.54859
8895,45.9817,116.103,10.3871,3492.27,2.52499,11.8113
4416,36.2345,91.3356,10.5308,3492.11,2.52068,11.6428
2454,37.0077,116.349,10.9546,3515.16,3.14391,12.3332
815,34.0481,95.1646,10.3698,3502.24,2.795,12.0654
9224,39.4922,60.5372,6.36479,3429.87,1.53289,7.9988
8742,26.0215,100.3,11.864,3537.52,3.8545,14.3286
4235,41.367,105.131,11.4899,3492.87,2.54142,12.6711
2790,35.0842,68.5326,6.96422,3468.3,1.95338,7.94163
3332,36.6582,68.3481,6.81559,3462.6,1.86447,8.1307
648,40.3455,98.911,9.31864,3489.45,2.4516,10.235
828,38.1634,115.32,10.6758,3510.63,3.02174,11.6576
543,37.6222,57.3504,6.19893,3428.78,1.52437,7.26881
4473,43.6782,65.8252,6.2317,3426.56,1.50705,7.11998
4718,34.7731,89.076,10.2779,3493.62,2.56164,12.8304
8624,37.0859,114.939,10.7998,3513.5,3.09927,12.4275
485,36.9668,90.2671,10.3371,3489,2.44184,12.1346
3099,37.7215,112.654,10.1033,3509.32,2.98646,11.224
9077,30.7589,98.2315,10.912,3517,3.19359,12.7015
6679,37.7338,52.8537,5.62963,3413.47,1.4007,6.43452
2253,36.5068,97.3555,9.79872,3497.5,2.66678,11.4532
9984,32.1304,62.8279,7.28334,3468.43,1.9554,9.03603
6066,49.3638,66.4488,5.26147,3406.58,1.3461,6.11418
7263,50.1143,80.1329,9.20177,3438.51,1.599,10.6882
7639,32.9242,109.992,11.4167,3522.14,3.34076,12.4919
4033,36.6162,105.538,10.3094,3505.47,2.88228,11.6453
2433,32.8072,152.562,12.996,3558.63,4.65025,14.6755
738,48.0266,66.5638,5.94555,3411.73,1.38598,7.03297
1204,47.6706,93.9984,8.55903,3469.49,1.97183,9.94595
9776,42.1344,117.369,11.1843,3501.89,2.78559,12.8065
6982,0,0,0,3166.59,0,0
4821,29.4564,90.6999,8.49171,3512.75,3.07913,10.0662
4549,28.497,124.589,10.7915,3551.2,4.37199,12.5463
1517,44.0315,80.3438,9.27328,3460.05,1.82469,11.0486
560,38.7318,118.873,10.79,3512.38,3.06914,11.8373
3643,44.4489,81.9154,8.23363,3461.22,1.84291,9.44147
1518,0,0,0,3166.59,0,0
3009,28.3266,93.9313,10.0485,3521.34,3.31601,11.7436
7613,34.3557,105.321,10.9947,3512.25,3.06562,12.7993
8756,40.0974,54.5487,5.4328,3408.52,1.36041,6.42707
8141,38.5328,89.2475,9.58795,3483.21,2.31614,11.2137
659,34.4567,107.634,11.2425,3514.41,3.12376,12.1435
5116,42.0261,100.3,11.1108,3486.45,2.38661,12.4566
6026,36.4342,106.393,10.2084,3506.87,2.92014,11.7176
7436,39.336,120.916,10.6812,3512.56,3.07393,12.1627
6665,32.5191,96.3152,9.96854,3508.41,2.96181,11.8221
1456,41.5535,76.7365,7.61396,3461.46,1.84669,8.71395
2120,37.4452,79.1554,9.53967,3475.03,2.1139,10.6273
1632,35.3036,78.0445,8.31734,3478.66,2.21067,9.29139
1806,32.4598,95.5251,10.6635,3507.71,2.94287,12.2379
7820,40.6082,66.3453,7.91067,3442.56,1.63379,9.52133
2444,0,0,0,3166.59,0,0
2075,33.3284,96.5726,11.266,3506.03,2.89761,12.9484
2841,36.2114,104.806,10.7983,3505.91,2.89429,12.0696
1587,34.7237,107.817,11.3581,3513.71,3.10498,12.0898
5220,41.3232,113.773,10.4387,3500.69,2.75325,11.8269
2377,31.7074,91.5063,10.206,3505.6,2.88596,12.1568
2684,33.0824,111.121,10.4801,3522.73,3.35892,12.2431
2888,42.0496,111.346,10.0267,3496.81,2.64796,11.2427
5689,50.4601,85.677,7.77458,3449.58,1.69792,8.60167
1539,39.558,74.6511,8.69533,3464.05,1.88713,10.3151
4239,40.4061,58.9937,6.54733,3420.53,1.46002,7.69354
9054,28.2222,147.408,13.3417,3575.17,5.22312,15.5649
2123,31.0709,91.7387,8.30737,3508.07,2.95256,9.65562
5682,41.3077,116.381,10.1499,3503.07,2.81742,12.4206
9236,38.2,118.971,10.2312,3514.06,3.11444,11.5051
2605,35.2269,111.636,10.5992,3516.09,3.16904,12.5136
1515,38.9464,93.3945,10.1077,3486.98,2.39802,11.945
5016,28.0924,70.4375,7.70086,3491.61,2.50735,9.58688
4630,37.1114,65.6842,6.43226,3455.58,1.76992,7.48317
557,42.9726,53.8165,5.72352,3392.7,1.25234,6.39667
1833,37.725,109.244,11.0771,3505.97,2.8958,12.3265
1869,34.7118,121.94,10.9962,3527.71,3.51294,13.0056
2816,30.7549,73.0678,7.74698,3485.96,2.37581,9.10772
9705,41.8052,79.8137,7.74516,3465.47,1.90918,9.55315
386,32.5376,61.7179,7.17305,3464.68,1.89682,8.54408
3447,37.0177,114.4,11.1798,3513.17,3.09042,12.4299
8568,37.9596,111.234,11.2278,3507.25,2.93034,12.9403
9668,35.6246,97.1985,10.8509,3499.77,2.72841,12.5719
9795,29.3764,106.988,11.0932,3531.62,3.64198,12.9631
3798,37.0452,121.596,11.5428,3520.25,3.28236,12.4706
7367,40.722,114.163,9.65429,3502.55,2.80346,12.1566
7132,42.4833,70.1343,6.62628,3444.43,1.65087,8.12423
7129,31.6762,80.5671,8.43462,3492.95,2.54346,10.0391
6610,45.7735,109.443,9.46134,3486.65,2.39096,11.0151
3768,39.4942,75.2089,7.27252,3465.16,1.9043,7.90162
6032,36.7733,89.9318,9.27848,3489.17,2.44558,10.2986
6666,40.9973,111.161,10.0729,3499.15,2.71143,12.1571
1822,36.1086,109.097,10.8837,3510.61,3.02135,12.1708
9842,35.2123,130.085,12.0882,3533.07,3.69431,12.5371
9289,38.8995,62.0355,6.36385,3437.96,1.59476,7.66937
4425,32.5842,66.5401,8.34913,3472.34,2.04209,9.87404
1364,34.8738,99.6663,10.8008,3504.57,2.85791,12.7079
6743,34.2622,111.167,10.4819,3518.89,3.24459,12.3714
5699,40.6423,93.69,7.80429,3482.71,2.30523,9.02873
678,35.2916,98.9194,10.4643,3502.53,2.80291,12.2608
7933,34.5331,58.8403,6.79193,3450.17,1.70388,7.94764
1458,38.6045,133.249,12.53,3525.73,3.45164,12.8658
9519,39.7788,96.0075,10.4791,3487.69,2.41354,12.5248
8632,41.4925,104.285,11.1828,3491.84,2.51334,12.4369
6869,32.3805,93.4984,9.90053,3505.66,2.88749,12.2488
2137,33.2992,107.125,10.5049,3517.87,3.21706,12.4308
3941,38.2006,58.7738,6.94719,3430.61,1.53855,7.71581
9500,36.5099,83.6228,7.39335,3482.02,2.29042,8.08288
9470,32.0563,115.082,10.6146,3530.17,3.59,12.5927
620,35.5899,117.869,9.30896,3521.2,3.31186,11.9819
6795,41.5914,116.565,11.4784,3502.52,2.80262,12.2151
7448,40.1529,44.0091,5.17735,3369.68,1.09604,5.56917
7082,37.2634,73.6867,7.29907,3469.85,1.97745,8.53788
2645,38.8205,73.5886,7.63917,3464.6,1.89561,8.59282
2005,40.6908,133.495,11.5924,3520.2,3.28071,12.9347
7167,26.7044,79.4622,10.0925,3508.92,2.97562,11.5496
2390,30.2501,99.8797,11.9435,3520.88,3.3018,13.3275
3640,44.6139,49.3687,4.77994,3370.95,1.10658,5.01526
1428,34.8462,110.098,9.84785,3515.74,3.15955,11.8411
7634,44.0808,132.597,10.1106,3510.12,3.00803,11.7051
5097,31.1983,85.7092,8.04371,3500.47,2.74724,10.0014
7585,42.554,103.969,8.70786,3489.06,2.44322,10.1962
4248,31.2676,112.526,13.0742,3530.42,3.5988,15.0964
5907,36.9366,90.1736,9.95439,3488.97,2.44131,12.1038
9422,41.3273,73.1234,6.64637,3455.53,1.76937,8.18248
2781,35.0851,87.4193,7.6014,3491.04,2.49164,8.69043
3578,40.3065,119.271,10.7219,3508.31,2.95909,12.6861
6872,34.4732,113.67,10.1929,3520.74,3.29735,12.2957
4768,40.9426,65.3236,6.95165,3438.06,1.59549,7.80552
1827,40.4991,64.4299,6.57866,3437.45,1.5909,7.96651
6687,37.5229,63.9024,7.50563,3450.1,1.70303,8.62804
5060,32.0107,110.115,11.0213,3525.35,3.43994,13.1328
4141,31.4853,111.327,11.4123,3528.45,3.53583,12.8742
6231,0,0,0,3166.59,0,0
2705,42.6432,120.65,10.7532,3503.51,2.82929,12.467
2022,41.2479,111.766,10.1374,3499.08,2.70962,11.4876
707,34.5585,101.628,10.2109,3507.63,2.94075,11.4972
7666,44.2208,71.2182,6.51794,3440.02,1.61051,7.60209
9414,41.3614,114.589,8.82802,3501.33,2.77044,10.0585
1099,39.5407,89.3275,8.63179,3480.58,2.25913,10.2511
255,33.4413,111.769,10.4519,3522.19,3.34226,12.135
8445,35.5079,104.341,9.71939,3507.55,2.93852,11.7698
1010,32.6559,92.0448,9.7319,3503.11,2.81863,10.7223
923,37.2359,71.1455,8.5033,3465.56,1.91067,9.57503
1800,32.3048,143.258,12.4551,3552.87,4.43456,12.8059
1976,37.8274,103.772,11.3577,3500.33,2.74331,12.6099
352,36.6466,100.311,8.46414,3500.1,2.73726,8.94593
7842,32.6766,85.8195,9.0758,3496.01,2.62633,10.0307
8893,40.317,102.962,10.4732,3493.33,2.5538,12.0322
8693,0,0,0,3166.59,0,0
9641,29.2656,136.131,12.7302,3558.67,4.65157,14.4734
5204,43.3936,61.8469,5.61758,3416.37,1.42525,6.84476
892,30.641,99.4186,11.6112,3518.89,3.24463,12.9707
7451,46.1984,83.5017,7.1427,3458.65,1.80746,8.3087
817,35.5325,90.5697,9.91887,3493.15,2.54892,11.9547
9623,32.063,110.628,11.1094,3525.68,3.45032,12.9984
3962,33.0157,104.828,10.8066,3516.31,3.17509,12.1714
219,0,0,0,3166.59,0,0
8390,45.9307,99.5411,7.59814,3477.03,2.1672,9.48634
9917,32.1642,86.6958,8.99009,3498.56,2.69541,10.5737
6441,36.9249,100.707,10.2805,3499.74,2.72734,12.6889
761,43.0923,67.9601,6.45924,3435.65,1.57708,8.27406
5262,43.0378,107.096,7.87925,3490.92,2.48841,9.19095
1540,35.8759,102.123,10.5568,3504.15,2.84657,12.1547
903,44.5139,77.561,7.37089,3453.33,1.7424,8.03745
8782,39.8824,78.3242,9.0748,3468.98,1.96388,10.9888
6661,46.4808,66.7402,5.57168,3417.63,1.43587,6.74556
3922,35.141,91.0875,8.2684,3494.74,2.59206,9.88146
7586,35.2996,124.698,10.6586,3528.34,3.53254,12.0697
4477,39.694,101.797,8.14123,3493.73,2.56453,9.59839
8631,36.3736,62.5739,6.67876,3451.52,1.72031,7.96439
2664,40.7196,104.684,10.8353,3493.96,2.57086,12.3876
1872,42.9887,118.512,10.0952,3500.83,2.75682,11.4378
2205,28.4218,82.148,8.67871,3505.76,2.89032,10.4836
3246,41.1921,120.791,10.9927,3507.32,2.93238,12.3698
6413,35.9185,121.914,11.5862,3523.87,3.3942,12.7861
4855,48.2324,80.5625,6.75522,3446.56,1.6703,7.91589
3701,37.2556,84.2046,7.94597,3480.63,2.26019,8.95311
7760,33.4208,106.507,9.57328,3516.75,3.18684,11.3179
4794,34.8682,152.85,14.2665,3551.51,4.38365,16.3318
9344,36.3635,63.2652,6.77217,3453.11,1.7398,8.18629
6062,33.3997,65.4243,7.17774,3468.65,1.95883,8.88303
9882,33.8274,100.067,9.25306,3508.28,2.95817,10.4159
6806,32.4701,117.052,11.1338,3530.59,3.6049,12.7873
8349,33.0042,83.2084,8.96272,3492.12,2.52114,10.51
7299,0,0,0,3166.59,0,0
2405,35.9191,119.235,10.5397,3521.45,3.31956,12.671
9459,0,0,0,3166.59,0,0
9194,37.0267,122.356,10.4695,3520.97,3.30454,12.8087
2665,0,0,0,3166.59,0,0
3861,25.3235,110.05,12.1723,3550.5,4.34579,13.9208
943,37.3903,95.7116,9.2204,3493.55,2.5598,11.3858
9854,45.1879,59.984,6.29697,3404.05,1.32744,7.36873
6428,38.1514,106.852,9.13811,3502.45,2.80074,9.8182
1384,0,0,0,3166.59,0,0
9384,33.1809,131.097,12.0957,3540.19,3.95097,14.5972
189,0,0,0,3166.59,0,0
7749,39.6733,65.9008,6.02023,3445.55,1.66108,7.07035
4693,35.5658,152.992,12.7055,3549.33,4.30165,14.3359
4926,41.1649,119.456,10.0863,3506.19,2.90189,12.0038
5476,0,0,0,3166.59,0,0
9697,33.8036,121.07,10.522,3529.93,3.58158,12.4598
8080,46.4742,116.351,10.365,3491.48,2.50356,11.9208
5302,36.231,74.1745,7.96734,3472.53,2.04726,9.46161
7649,40.2252,111.589,10.9131,3501.47,2.7741,12.9841
2682,36.0617,99.2557,9.27262,3500.66,2.75238,10.9793
4260,47.1778,73.775,7.51547,3433.91,1.56377,8.75224
4035,40.3189,83.8546,10.0526,3473.75,2.07979,11.5929
949,31.3774,102.586,11.7837,3519.81,3.26942,13.2364
1574,39.3557,66.5064,6.94501,3448.7,1.68988,7.55963
1251,39.8837,126.563,10.8807,3516.24,3.1733,11.9
1411,38.679,115.656,11.4874,3509.46,2.99014,12.5077
2150,48.2792,80.2092,7.40565,3445.58,1.66136,9.10774
6215,34.0601,90.3976,8.36505,3497.03,2.65406,9.79723
2012,36.1394,71.6983,7.1195,3470.15,1.98394,8.42417
9566,39.7826,108.453,10.5151,3499.69,2.72614,12.1866
9291,32.9811,104.002,11.0996,3515.51,3.15338,12.7996
9317,35.4279,69.1439,7.16667,3468.19,1.95168,8.57641
7191,30.0312,115.063,11.7041,3536.88,3.83145,13.5072
251,27.8398,86.5579,9.97983,3513.87,3.10915,11.9114
9386,33.8728,91.5079,9.13956,3498.78,2.70152,10.5967
4148,47.0265,67.8855,7.40255,3418.54,1.44356,8.47999
2828,40.4676,97.6084,8.99764,3487.62,2.41201,10.8482
4077,34.4922,116.132,10.7626,3522.99,3.3669,13.0536
5531,36.7154,111.143,11.0257,3510.83,3.02715,11.8639
4643,30.9463,86.3062,11.6261,3502.01,2.7889,13.2414
6627,43.5599,69.5926,8.34055,3438.33,1.59763,9.10517
2242,34.0141,60.8673,7.71003,3457.18,1.78947,9.02341
2243,34.1194,97.6033,9.75846,3504.67,2.86064,11.1943
8761,29.2052,98.3982,11.2537,3523.06,3.36921,13.3801
3822,43.265,109.072,10.0963,3492.12,2.52102,11.9493
254,0,0,0,3166.59,0,0
3217,46.2408,70.5475,6.72271,3428.94,1.52566,8.44787
1674,38.4395,98.0863,8.9028,3493.25,2.55171,9.50692
896,36.6189,106.585,10.395,3506.52,2.91065,12.4245
4426,37.9212,102.82,9.93612,3499.15,2.71141,10.6746
9065,46.0655,59.9919,5.25889,3400.64,1.30232,6.11382
7714,29.5237,93.1538,10.0177,3515.57,3.15522,12.572
8303,32.1112,87.9226,10.0178,3500.13,2.73806,11.9924
9699,30.0179,106.893,10.154,3529.26,3.56097,11.6386
2198,40.6642,72.1543,6.82649,3455.95,1.77439,7.78709
1742,42.3652,74.6327,7.60341,3454.9,1.76165,9.42088
4958,42.6383,87.4278,9.12755,3472.65,2.05045,10.7226
9177,34.0925,84.9229,9.26411,3491.01,2.49096,9.71198
9646,32.5764,97.5301,11.0117,3509.6,2.99389,12.5228
6879,33.1125,80.9478,8.08944,3489.13,2.44463,9.38389
643,32.564,76.3299,7.25712,3484.49,2.344,8.68519
5352,44.7307,111.819,10.1551,3491.34,2.49981,11.9928
8171,37.6175,62.5927,7.37786,3445.86,1.66393,8.09229
6647,39.4392,120.444,11.0883,3511.82,3.05391,12.713
3912,34.2496,111.066,10.8684,3518.82,3.24283,13.1067
5319,42.556,84.0774,8.13446,3469.73,1.97569,8.89534
1129,37.1156,92.8938,7.83658,3491.45,2.50282,9.35778
1612,29.5009,137.719,12.289,3559.12,4.6683,13.7906
6498,37.1532,102.905,10.8324,3501.3,2.76976,11.8938
301,48.7078,72.6106,7.01075,3424.47,1.49074,8.21061
2151,33.7975,110.046,11.759,3519.31,3.25605,12.8978
2542,35.6174,118.437,10.6006,3521.64,3.32525,12.3267
4499,32.7011,119.432,12.1282,3531.9,3.65224,13.5931
9944,36.2975,81.3483,9.64055,3479.8,2.24116,10.9111
5968,33.4076,99.2609,9.61925,3508.76,2.97121,11.4724
2165,35.0832,56.6977,6.81295,3440.63,1.61609,8.03146
4577,45.7703,131.644,11.5682,3505.24,2.8762,12.3658
6812,35.0952,111.777,10.9248,3516.68,3.18495,13.057
1554,31.4941,112.28,11.8998,3529.4,3.56513,13.9173
1868,40.3728,72.0336,7.20709,3456.75,1.78421,8.58038
7155,28.5878,118.213,11.6746,3544.99,4.13507,14.5356
3098,36.7656,97.1671,8.66953,3496.62,2.64288,10.458
1635,30.6366,140.638,11.9141,3557.04,4.59053,14.628
7187,27.5376,111.584,10.9645,3542.82,4.05207,13.7314
4775,37.3514,114.467,10.6839,3512.22,3.0646,12.5997
6165,37.1158,63.0517,6.66389,3449.67,1.69878,8.32597
5221,43.7245,122.608,10.7064,3502.57,2.80409,12.3114
611,37.7987,59.7216,5.95936,3436.03,1.57999,7.02526
2423,35.8426,105.234,10.3113,3507.45,2.936,12.726
284,32.7637,96.2009,10.4099,3507.46,2.93621,12.4853
8041,38.7001,93.684,10.0607,3488.03,2.42077,11.5259
9163,32.9946,82.2991,9.79596,3491.13,2.49432,12.2082
5344,31.6526,107.24,11.1462,3523.67,3.38802,13.0054
5430,36.0005,82.0776,8.30178,3481.54,2.2799,9.90767
3850,0,0,0,3166.59,0,0
7331,35.9104,88.495,8.627,3490.03,2.46432,10.0086
2182,28.9005,90.6748,10.7744,3514.92,3.13748,13.427
8815,34.8362,71.1618,7.89688,3472.36,2.04276,9.78463
6907,34.5832,93.6683,9.25975,3499.04,2.70849,10.7082
1103,37.2662,136.915,11.3449,3532.51,3.67396,12.6681
9573,38.5764,117.748,10.7409,3511.76,3.05232,12.2154
8211,28.6477,117.042,12.0551,3543.7,4.08555,13.8428
4899,36.5573,114.591,10.6007,3514.81,3.13456,11.4301
5521,33.9976,101.879,10.3641,3509.7,2.99666,12.8805
5754,43.1592,111.25,10.9379,3494.21,2.57767,12.7851
1769,0,0,0,3166.59,0,0
5287,34.0481,113.655,11.104,3522.05,3.33806,12.7796
1732,37.6808,61.6197,6.86133,3442.73,1.63531,7.82523
9427,40.0185,99.738,9.98788,3491.06,2.49229,12.3322
3996,33.6028,102.117,12.1344,3511.27,3.03895,13.1286
6171,27.7394,64.5141,7.73583,3483.65,2.32573,9.89538
861,33.1255,94.0977,10.0375,3503.93,2.84064,11.5676
3278,43.7667,126.155,11.25,3505.47,2.88245,12.7226
448,31.9447,107.994,9.97136,3523.43,3.38067,11.8815
6946,29.8446,108.071,10.7992,3531.04,3.62114,12.8397
7224,35.4036,84.4169,10.4872,3486.35,2.38442,12.3541
8151,36.8832,66.7259,7.79128,3458.79,1.80911,9.29094
457,41.232,117.412,11.1216,3504.18,2.8476,12.0397
7205,33.594,95.5533,10.9264,3504.06,2.84435,12.5712
170,35.3117,155.864,10.8938,3552.32,4.41395,12.5638
9323,35.9152,61.9578,6.27082,3451.91,1.72512,7.13449
6886,40.491,111.689,11.111,3500.88,2.75836,11.7714
2494,34.6222,109.595,9.89455,3515.95,3.16547,11.3669
1425,41.3396,80.5267,7.93211,3467.95,1.94793,8.75999
7818,38.6341,109.474,11.122,3503.67,2.8336,12.2264
5527,37.5533,100.504,10.5402,3497.85,2.6763,11.9347
4902,36.8345,102.891,10.3877,3502.18,2.79333,11.6557
4154,41.0104,78.181,7.81976,3465.29,1.90637,8.61935
4277,41.3737,73.4816,8.72626,3456.08,1.77604,9.49385
8703,29.1561,99.3868,10.1305,3524.34,3.40878,12.8024
6582,35.1682,111.72,11.0763,3516.37,3.17674,13.4892
1975,38.9521,78.2041,7.79253,3471.05,2.0077,8.74147
3662,32.7754,74.7182,8.92361,3481.53,2.2797,9.88663
5735,37.9029,83.524,8.43329,3478.39,2.20363,9.58838
8790,41.5269,103.771,11.0127,3491.3,2.4989,12.2611
6553,34.2109,184.674,14.3724,3581.08,5.39811,16.9311
9764,39.5756,62.777,7.12098,3436.85,1.58626,8.04165
4719,35.4059,97.0769,9.3684,3500.27,2.74183,11.2953
4408,30.5816,109.112,11.1789,3529.49,3.5679,13.0198
3906,44.4875,107.04,10.3883,3487.35,2.40606,11.1994
8904,40.6891,61.9539,6.02679,3428.55,1.52262,7.58208
2384,44.3118,105.438,9.38209,3486.12,2.37945,10.9424
9593,32.5334,94.5625,11.5939,3506.37,2.90663,12.6737
4854,37.8468,102.9,10.1525,3499.42,2.71884,11.6507
6474,30.8659,104.863,12.0925,3523.97,3.39737,13.3617
3535,34.8575,46.3006,5.29283,3404.16,1.32828,6.46842
6771,42.7182,50.4104,5.78204,3381.21,1.18007,7.1465
2417,0,0,0,3166.59,0,0
8431,35.2779,104.274,10.7611,3508.19,2.95578,12.01
234,42.8994,68.1781,7.57509,3437.24,1.58925,8.27215
6532,36.6865,107.656,11.496,3507.4,2.93448,13.1566
6011,37.7115,119.954,11.1265,3516.52,3.18083,12.2864
5382,34.0377,77.62,8.07857,3481.56,2.28041,9.46861
7376,34.8885,85.1191,8.92825,3488.9,2.43975,9.91962
2029,39.7439,92.2311,8.70541,3483.41,2.32064,10.4973
1188,37.7926,111.757,11.2384,3508.24,2.9571,12.5883
5309,48.4081,80.0529,7.51237,3444.74,1.65371,8.73564
1007,37.0616,120.377,11.7212,3519.01,3.24803,12.4443
8872,39.4677,98.4058,10.6739,3491.1,2.49333,12.3684
7616,38.5113,92.6076,10.8425,3487.29,2.40469,12.7499
23,34.2821,103.713,11.7576,3510.76,3.02528,12.9212
9896,0,0,0,3166.59,0,0
4816,31.4007,132.168,11.1122,3546.92,4.20909,12.7364
7394,32.6252,98.1593,10.8434,3510.14,3.0087,12.7267
6107,35.9719,134.052,11.0475,3533.97,3.72657,12.515
5017,33.1139,102.585,10.4973,3513.45,3.09795,12.8675
9630,38.6675,156.936,10.7067,3542.99,4.05861,12.509
5974,40.0845,115.517,10.0659,3505.45,2.88184,11.9017
4556,41.6146,140.954,11.0537,3523.64,3.38713,12.2219
9483,41.7851,129.304,10.272,3513.32,3.09449,12.4727
7067,29.6992,104.295,11.7093,3527.67,3.51172,13.054
6897,42.1401,64.5138,5.46665,3429.62,1.53094,6.50694
9730,34.1995,95.7687,10.1373,3502.43,2.8003,12.3433
8297,37.1747,123.353,10.7612,3521.41,3.3182,12.9817
8387,37.0119,66.3805,6.91135,3457.51,1.79349,7.7819
4665,37.1363,97.5978,8.51565,3496.07,2.6281,10.8665
6520,39.1005,77.5414,8.42243,3470.12,1.98313,9.2993
7966,45.7131,78.8657,9.27079,3451.92,1.72523,11.1467
1119,32.694,92.3971,10.6924,3503.39,2.82612,12.7535
1174,40.1127,64.1535,6.56185,3438.56,1.59933,8.02718
3762,33.1066,104.322,10.5257,3515.42,3.15109,13.2411
779,31.1797,103.127,10.8126,3521.06,3.3075,12.5589
1102,37.253,146.878,13.1448,3539.97,3.94271,15.3824
6424,33.6595,161.587,12.3472,3562.73,4.80064,14.7981
2,32.8371,95.8107,10.2372,3506.78,2.91776,12.2045
2751,36.1825,93.4605,10.7885,3494.41,2.58303,12.9504
5230,30.1469,84.3195,8.86527,3502.31,2.79696,10.1311
2042,34.7812,128.255,11.2753,3532.88,3.68748,12.8743
161,27.6542,109.064,11.9979,3540,3.94384,13.8078
4321,39.4204,133.353,10.8553,3523.5,3.38283,12.3857
2002,33.671,87.9294,9.0221,3495.46,2.61143,10.7454
7915,31.339,79.0194,9.7737,3492.14,2.52144,11.2181
3741,35.3553,100.432,9.36263,3503.93,2.84064,11.9965
9537,33.4556,93.7067,9.83484,3502.46,2.80093,10.8842
4627,37.6228,124.188,11.291,3520.85,3.30088,12.5779
4145,30.7474,138.013,11.4573,3554.31,4.48862,13.043
6044,39.0617,127.993,10.6977,3520.07,3.27669,12.1309
746,37.8581,90.3985,8.13887,3486.51,2.38782,9.79876
8534,37.7873,109.947,9.18577,3506.48,2.90963,10.3987
757,38.6956,57.4084,8.1341,3423.55,1.48359,9.43022
413,36.4395,132.12,11.6,3531.17,3.62574,12.981
5089,40.6293,79.3147,7.56371,3468.23,1.95216,8.85198
1287,35.5368,53.8136,6.84821,3427.49,1.51431,7.98842
9056,42.6475,96.5555,9.51269,3480.81,2.26404,10.7349
7614,39.108,61.533,6.71998,3435.17,1.57341,8.31491
7625,41.7396,68.0284,6.41089,3442.13,1.62983,7.57654
6304,39.114,138.385,11.5178,3528.52,3.538,12.33
3172,27.2152,107.045,12.9132,3539.71,3.93327,14.5709
3487,30.778,108.71,10.9582,3528.33,3.53207,12.9697
9205,35.079,92.6377,10.1166,3496.54,2.64083,11.6221
4996,37.7204,115.187,11.5571,3511.81,3.05371,12.7449
2441,34.9029,80.5103,8.65518,3482.77,2.30669,9.92127
407,39.4867,126.727,10.8,3517.58,3.20937,12.7253
7032,39.7923,99.2684,11.2513,3491.15,2.49466,12.7575
6302,28.9531,97.6315,11.8145,3523.15,3.37205,13.4463
8920,30.5083,103.754,11.0996,3524.08,3.40085,13.5088
4452,33.2219,106.27,9.44094,3517.19,3.19879,11.1522
6373,45.0962,110.966,10.4616,3489.86,2.46066,12.0712
3085,34.8929,88.2832,9.84893,3492.46,2.53012,10.9214
3632,38.718,94.5944,10.7427,3489.06,2.44316,12.4754
9311,41.648,63.3863,7.38979,3428.47,1.52195,8.47356
7301,36.7973,120.007,11.5641,3519.51,3.2613,12.518
3589,34.008,91.6375,8.08294,3498.53,2.69458,9.43947
5020,43.0804,134.22,11.6635,3514.11,3.11557,12.0923
9004,40.4721,86.6058,8.55774,3476,2.13989,10.2459
6240,38.2188,108.092,10.5489,3503.47,2.82823,11.9374
5416,33.7978,109.052,12.2161,3518.22,3.2266,13.1065
9481,39.6666,108.864,11.1054,3500.37,2.74448,12.7063
1036,40.803,114.365,11.2866,3502.53,2.80285,12.5082
6769,33.8,120.294,12.4935,3529.2,3.559,13.7972
9480,31.7859,113.415,11.0415,3529.49,3.5681,13.0485
9968,42.8923,102.795,11.2687,3486.91,2.39658,12.7438
7458,31.7755,99.8397,11.7888,3515.09,3.14204,13.1433
8088,29.1327,88.1758,10.8536,3510.81,3.0267,11.877
290,38.7226,58.8274,5.99835,3428.12,1.5192,7.4422
3754,36.7702,81.4772,8.27828,3478.85,2.21585,10.5584
2334,35.2978,97.4734,11.028,3501,2.76146,12.9393
7268,40.9071,85.7334,7.51218,3474.35,2.09581,8.93014
4948,32.9607,105.204,10.6404,3516.93,3.19181,12.1981
4514,29.0686,116.532,11.0465,3541.7,4.00886,13.5453
7501,47.1812,79.6064,8.27859,3448.41,1.68725,9.70103
8489,30.1834,95.7025,9.94914,3516.15,3.1707,11.8365
204,42.2644,82.955,8.04367,3468.91,1.96277,9.00095
1415,40.2767,74.6027,8.50598,3461.82,1.85225,10.076
6754,48.0498,98.6663,10.8194,3472.76,2.05342,12.1245
7404,45.9283,105.553,10.2126,3482.38,2.29822,11.9891
8910,36.1763,119.872,11.4951,3521.26,3.31355,12.5784
3434,30.279,108.339,11.0934,3529.82,3.57802,13.119
946,0,0,0,3166.59,0,0
7580,34.3605,98.4532,10.6407,3504.84,2.8653,12.4679
1949,35.2621,84.4283,10.6999,3486.81,2.39431,12.31
6276,40.437,89.0693,7.43947,3478.36,2.20267,8.56039
4919,34.8959,122.117,10.9814,3527.27,3.49947,12.3986
259,39.2696,82.1063,7.73524,3474.16,2.09083,8.905
6586,37.6461,122.577,11.024,3519.31,3.25604,12.9061
2091,32.1709,114.902,11.5539,3529.61,3.5716,12.8548
1545,35.9374,108.074,10.8134,3510.09,3.00729,12.6631
5206,0,0,0,3166.59,0,0
4521,30.7349,138.191,11.7938,3554.52,4.49623,12.9394
5487,40.9304,68.5376,7.66056,3447.02,1.67449,8.87577
8399,39.5649,117.904,9.64795,3509.08,2.98,11.9374
1653,42.6541,99.5113,8.98637,3483.98,2.33298,10.3913
3958,32.3109,99.8005,13.0827,3513.11,3.08876,13.4568
6178,34.4653,92.0562,11.6266,3497.66,2.67099,12.5103
5257,33.7498,76.978,8.26765,3481.58,2.28084,9.81647
2985,35.6547,106.74,10.4093,3509.59,2.9937,11.4949
3703,35.8141,105.365,10.6079,3507.68,2.942,12.664
2827,40.4814,106.216,11.1077,3495.91,2.62383,11.8696
476,48.6732,77.9827,7.06293,3438.93,1.60217,8.35881
2902,48.4082,97.9807,9.71428,3471.66,2.02405,11.2856
2375,36.1765,140.975,11.4035,3538.7,3.89687,13.6467
1497,42.0093,102.745,8.59524,3489.18,2.44577,10.7419
1237,37.778,100.538,10.3326,3497.3,2.66128,12.2639
3971,39.9139,89.8712,9.98487,3480.24,2.25162,10.7859
2244,37.6864,91.2891,9.01823,3488.1,2.42234,10.7276
1281,34.4122,202.235,15.399,3606.35,5.87685,17.1787
9108,32.7165,124.146,11.5171,3535.86,3.7946,13.1201
2696,33.4928,98.0334,9.64117,3507.12,2.927,11.3824
9028,33.653,86.1482,9.62619,3493.55,2.5599,10.5819
45,29.5344,84.7045,9.12305,3504.94,2.868,9.97883
6794,32.1173,127.416,12.5911,3540.61,3.96719,14.8084
5631,33.2333,73.684,7.78103,3478.9,2.21717,9.21793
2907,40.7249,89.8937,8.16801,3478.53,2.20734,9.27244
1682,39.6036,116.947,11.8447,3508.08,2.95294,12.71
4667,28.6538,94.8676,11.29,3521.17,3.31082,13.1235
6347,37.4026,115.377,10.3054,3512.96,3.08473,12.257
5894,33.8497,112.796,11.6044,3521.86,3.33226,13.1035
1951,28.0574,102.541,11.7799,3531.97,3.65467,12.5001
1772,30.8311,116.568,11.8778,3535.48,3.78084,14.2696
739,27.3125,111.695,11.3603,3543.8,4.08952,14.0556
1334,47.1875,74.5171,6.74343,3435.92,1.57917,8.04547
2412,25.0345,145.134,15.3897,3599.64,5.79736,17.4449
3887,30.3996,122.103,11.4184,3541.9,4.0166,13.4402
8725,38.0634,117.776,10.3611,3513.31,3.09419,12.2811
8689,33.6737,90.8645,11.7748,3498.67,2.69838,13.646
660,34.0198,115.792,11.4564,3524.17,3.40365,13.3854
343,39.0539,100.731,10.6996,3494.27,2.5793,12.5179
3631,39.5121,150.504,10.9814,3536.26,3.80906,12.0679
5249,42.4618,79.4452,7.29798,3463.02,1.87098,8.76949
8897,38.9115,134.698,9.51204,3526.05,3.46166,11.5544
6598,34.6153,135.929,12.2409,3539.53,3.92685,12.9579
8862,38.0585,117.154,11.2502,3512.72,3.07826,13.3253
9034,39.6428,143.514,12.8301,3531.01,3.62017,14.6503
7134,50.6047,90.6087,7.94357,3457.27,1.79052,9.85368
3923,37.1586,127.175,11.2698,3524.78,3.4225,12.607
5119,33.5636,124.017,11.7066,3533.09,3.69498,13.006
9657,35.8464,95.5412,9.26781,3497.45,2.6653,11.2591
123,38.9623,126.715,10.9831,3519.17,3.25226,12.5052
2388,39.8629,129.903,10.4269,3519.41,3.25876,12.4357
6312,41.8654,72.0457,6.87479,3451.57,1.72089,8.25802
9546,33.4569,119.161,9.73631,3529.29,3.56163,11.727
4169,36.0227,121.017,11.4652,3522.75,3.35948,13.1767
717,40.4701,41.3275,5.29857,3362.96,1.02119,6.68531
3651,36.3633,110.968,10.4127,3511.74,3.05163,11.3389
9498,23.1487,93.836,12.523,3542.86,4.05361,15.5373
7216,48.1031,94.5718,11.1517,3469.11,1.96602,12.6751
6295,33.5124,121.679,11.2287,3531.31,3.63087,13.419
3083,41.1776,85.7185,7.70324,3473.82,2.08168,9.41964
7526,29.0162,99.2495,11.0593,3524.72,3.42049,13.6935
2863,37.9596,99.1894,11.0307,3495.52,2.61303,12.441
2311,40.4265,105.119,11.1324,3495.04,2.60026,12.7902
7726,38.9028,97.9747,11.1955,3492.02,2.51845,12.9292
4968,32.3845,82.4931,9.50213,3493.09,2.5473,11.3618
7559,41.4846,57.5195,7.23046,3411.79,1.38653,7.835
2139,30.847,70.2758,8.23931,3481.46,2.2782,8.82329
87,29.7735,153.161,12.6786,3572.58,5.14421,15.1118
5514,34.7196,124.714,10.4929,3530.23,3.59204,12.7609
9131,42.7895,75.8011,9.02082,3455.71,1.77149,9.95268
4391,35.2186,81.7781,9.1584,3483.48,2.32201,10.9411
1052,37.6093,89.5716,9.44192,3486.22,2.38164,10.5458
5607,36.7385,113.677,11.2393,3513.31,3.09421,12.8009
458,44.393,75.6712,8.05131,3450.23,1.70457,8.77209
5542,32.1892,125.178,11.4762,3538.47,3.88881,12.6612
5233,41.2931,117.037,10.2015,3503.69,2.83431,11.7394
5081,39.1022,101.34,10.166,3494.73,2.59166,11.9422
3770,29.4695,166.032,14.7593,3590.38,5.63402,16.9914
7833,36.4454,70.0916,7.9037,3466.37,1.92319,8.91247
3050,30.4076,125.693,10.7545,3544.95,4.1336,12.6155
341,31.2406,117.947,11.593,3535.33,3.77546,13.3414
6847,32.6389,90.646,10.2151,3501.58,2.77724,12.4658
3350,36.8113,102.463,10.9979,3501.81,2.78346,12.3322
4162,32.9991,118.263,11.3698,3530,3.58383,12.7463
9955,39.0889,111.82,10.701,3504.67,2.86066,12.2161
4663,37.7538,71.2524,7.93214,3464.06,1.88729,9.19388
8405,36.7425,129.532,10.7965,3528.11,3.5254,12.7558
2919,34.49,60.4424,7.24724,3454.15,1.75246,8.6478
6188,30.5104,110.019,11.341,3530.62,3.60596,13.8883
132,37.2198,113.116,10.4607,3511.27,3.03913,12.5259
5943,0,0,0,3166.59,0,0
9812,36.9945,101.04,9.83713,3499.88,2.73121,11.0512
5604,41.5703,105.596,9.39235,3492.83,2.54017,10.7137
7121,35.8694,101.398,10.6533,3503.42,2.82685,13.0746
8283,39.3808,111.708,10.2721,3503.78,2.83661,12.8669
3308,31.2585,96.7145,10.4411,3513.31,3.09402,12.5547
2295,38.2245,85.4859,8.15609,3479.62,2.23642,9.45854
7449,35.4824,70.1369,7.58673,3469.8,1.97667,8.86883
7127,32.7553,96.9035,10.0597,3508.28,2.9584,11.4599
7560,38.2813,129.42,13.3002,3523.43,3.38077,15.5843
8048,31.4061,78.6683,8.82277,3491.52,2.50487,9.97275
6667,47.7777,89.6659,7.82722,3463.39,1.87673,9.37312
3196,0,0,0,3166.59,0,0
5765,30.3492,119.565,11.8865,3539.89,3.93964,13.5736
6885,31.9419,107.061,11.8751,3522.5,3.35175,13.7398
8217,27.8907,96.6592,12.8148,3526.18,3.46564,14.0539
215,38.2506,131.545,12.0113,3525.32,3.43903,13.3943
5149,38.5134,111.548,11.7135,3505.99,2.89636,13.1569
4879,33.7967,98.835,8.42119,3507.03,2.9244,10.359
6119,43.2257,138.563,11.1576,3517.44,3.20558,12.6887
4199,40.6682,74.3467,8.90181,3460.27,1.82813,9.74422
9070,0,0,0,3166.59,0,0
8258,33.3675,92.0525,9.16282,3500.9,2.75875,10.4685
7031,34.342,104.399,11.4343,3511.3,3.03999,13.0933
4783,39.8745,94.1472,9.59013,3485.28,2.36109,10.9174
1341,40.6596,110.695,11.2949,3499.56,2.7225,12.6545
1969,35.3519,126.161,11.2956,3529.51,3.56871,13.1884
8787,32.7877,121.22,11.1069,3533.15,3.69712,13.2546
897,30.3778,169.064,16.4429,3587.59,5.56538,18.0296
9309,35.001,120.539,11.8846,3525.48,3.44388,13.826
8675,32.6414,133.375,12.1113,3543.71,4.08607,14.2944
7925,40.7249,128.261,11.7831,3515.36,3.14945,13.1536
218,32.9897,113.957,11.422,3525.81,3.45433,12.5105
4712,38.5961,123.679,11.689,3517.4,3.20444,12.6381
5005,31.5885,99.64,10.7976,3515.54,3.15432,12.3485
945,46.3008,78.518,7.46477,3449.35,1.69582,8.58129
3712,27.4392,124.111,11.8214,3555.24,4.52315,13.7942
8728,40.0792,75.6446,8.36527,3464.07,1.88738,9.3723
7675,40.0182,78.2613,8.14786,3468.45,1.95564,9.94708
2744,37.6938,106.096,11.0532,3502.97,2.81469,13.5352
7902,40.464,91.8392,11.2399,3481.07,2.26965,12.9591
9223,34.6357,53.0256,5.40273,3429.62,1.53095,6.65728
7148,33.4288,115.354,11.505,3525.7,3.45073,13.568
7143,37.0552,84.4276,7.81016,3481.47,2.27843,9.51842
1262,35.3624,91.3712,11.0256,3494.44,2.58385,12.9546
2206,35.7613,124.046,12.1985,3526.28,3.46871,14.4956
8642,35.0537,131.141,11.9306,3534.37,3.74114,12.914
9642,38.3164,103.126,10.3223,3498.41,2.69144,10.7954
1406,37.7451,90.0236,7.91902,3486.38,2.38504,9.87629
4043,35.4184,103.881,11.378,3507.34,2.93296,13.0159
9151,41.5589,77.5622,7.72028,3462.72,1.86632,8.97982
3516,37.7594,113.546,10.8952,3510.09,3.00709,12.678
9362,29.9611,104.598,12.082,3527,3.49112,13.9919
5255,0,0,0,3166.59,0,0
1296,37.7081,103.384,10.6625,3500.27,2.74171,12.2648
563,36.0379,68.3861,7.7256,3464.73,1.89761,9.41396
7486,35.8973,111.047,11.2249,3513.29,3.09345,13.3861
3519,32.2362,70.3535,7.18349,3477.6,2.18244,9.10932
3194,35.3339,88.3185,9.2121,3491.33,2.49954,11.1302
9040,43.3643,126.508,10.983,3506.76,2.91733,12.716
9312,32.5654,104.444,10.537,3517.5,3.20721,12.4633
985,39.1883,129.516,12.3943,3520.98,3.30496,13.6869
6177,32.6079,99.0514,10.986,3511.22,3.03765,14.1573
1286,38.8268,103.535,9.16503,3497.49,2.66659,11.3208
9413,47.7865,114.108,10.9474,3486.51,2.38788,13.0641
6500,36.7329,113.666,12.1624,3513.32,3.09439,13.2701
3057,31.7186,128.7,11.8671,3542.97,4.05755,13.3336
6146,34.7982,96.0898,11.4457,3500.99,2.76134,13.4328
1492,46.2949,103.912,9.708,3479.93,2.24457,11.5051
7811,36.3325,71.1083,7.0738,3468.55,1.95716,8.35375
7905,27.7554,122.216,13.5342,3552.03,4.40331,13.9728
6227,39.0299,107.832,10.9769,3501.05,2.76279,13.1828
328,38.6465,87.6374,9.12987,3480.97,2.26767,10.5409
8700,46.7121,60.9482,5.74269,3400.97,1.30476,6.55542
266,28.8633,61.6469,8.22348,3475.85,2.13582,9.45625
9873,39.9598,73.9497,7.45489,3461.71,1.8506,8.75221
8837,36.6083,112.767,10.6438,3512.8,3.08036,13.2996
5332,38.6932,100.947,10.1371,3495.36,2.60889,12.0764
596,32.1471,93.1296,11.81,3506.01,2.89698,13.2877
4924,30.3038,130.592,11.1306,3549.54,4.30942,13.7318
9744,39.712,121.677,11.6165,3512.19,3.06398,12.3633
6420,43.2752,133.163,10.1618,3512.68,3.07712,12.4058
7598,36.0381,105.174,10.842,3506.8,2.91842,12.8397
2476,42.6027,42.8102,4.33646,3361.49,1.00487,4.81001
6394,35.053,86.5904,9.37523,3490.25,2.47027,10.1702
1652,34.6038,115.239,11.2656,3521.8,3.33023,12.677
2440,37.4353,117.671,9.86721,3515.13,3.14333,11.8284
3515,43.9469,156.403,13.1715,3529.2,3.55892,14.9743
8914,43.0268,53.0721,5.70431,3389.67,1.23346,6.74334
3615,34.3877,103.16,11.7087,3509.82,2.99992,13.2465
2654,28.9319,133.925,12.9083,3558.06,4.62895,14.3647
7179,47.8675,98.2433,9.83924,3472.72,2.0524,10.711
7721,34.3315,124.249,11.0401,3530.98,3.6191,13.3272
2174,33.1457,100.961,9.98279,3511.53,3.04598,11.8554
3343,34.1978,110.503,10.9439,3518.39,3.23129,12.7493
3747,40.7275,117.294,10.6164,3505.38,2.87997,11.2851
4374,33.3993,84.9368,8.0887,3492.93,2.54307,9.58849
377,39.0328,103.799,9.07191,3497.22,2.65927,11.3842
7729,32.7731,82.1451,8.81062,3491.58,2.50648,10.2307
947,36.7871,112.806,9.65151,3512.28,3.06644,11.4757
6883,40.507,65.7604,6.01022,3441.43,1.62343,7.08418
3451,0,0,0,3166.59,0,0
7124,0,0,0,3166.59,0,0
9020,31.4797,118.234,12.4313,3534.78,3.75589,13.9768
3076,40.9371,89.1255,9.45767,3477.4,2.17714,10.8067
4388,38.3382,41.8064,4.02959,3369.18,1.09046,4.38754
6305,38.448,48.2414,5.13943,3393.09,1.25472,5.8943
8058,43.4158,105.055,8.29522,3487.98,2.41975,9.27495
1027,41.4193,109.11,8.36185,3496.3,2.63428,10.103
9552,32.302,144.119,12.0895,3553.59,4.46162,13.2578
5659,43.2431,88.1075,8.79261,3472.16,2.03749,10.1021
245,41.4405,73.1624,7.95589,3455.22,1.76548,8.76604
76,0,0,0,3166.59,0,0
8729,32.9727,102.483,10.0527,3513.83,3.10811,11.4872
1049,38.6723,120.485,10.5336,3514.1,3.11554,11.7181
925,30.8442,109.826,11.5767,3529.25,3.56068,13.1386
3000,39.3174,99.3095,8.86702,3492.3,2.52584,10.8677
446,33.5119,119.824,11.4717,3529.74,3.57558,13.7472
2306,42.2246,146.098,11.7118,3526,3.46003,13.2192
7684,35.7894,114.124,11.559,3516.82,3.18876,13.318
6642,0,0,0,3166.59,0,0
7991,39.116,101.55,11.0184,3494.89,2.59611,13.2279
4394,37.4701,92.7314,8.69138,3490.41,2.47481,10.3004
437,42.158,78.5428,8.09277,3462.51,1.86306,10.2024
3042,35.1136,66.5567,7.14214,3464.59,1.89547,8.25969
4646,26.7662,107.586,12.509,3541.97,4.01949,14.3686
8984,0,0,0,3166.59,0,0
4011,33.7113,106.317,11.6679,3515.52,3.15374,13.4543
3764,34.8442,148.18,15.2237,3548.05,4.25265,17.938
7582,35.1067,104.892,11.5331,3509.37,2.9878,12.8583
140,28.7043,123.612,12.4785,3549.46,4.30641,14.5188
3113,39.3756,74.9738,8.4035,3465.14,1.90407,10.1281
3176,39.2126,94.8024,10.5385,3487.88,2.41765,12.2885
9438,38.3145,135.225,10.2638,3528.24,3.52934,12.2186
5837,32.2731,100.447,10.9974,3513.99,3.11241,13.3915
111,32.7834,107.94,11.9084,3520.58,3.29251,13.1808
4420,35.4514,72.5883,8.67677,3472.54,2.04754,10.2106
8470,39.7491,123.001,11.0851,3513.32,3.09442,12.468
1633,35.0233,112.41,11.6314,3517.59,3.20956,13.0291
8971,37.4943,103.601,10.8072,3501.06,2.76312,12.719
3241,35.1426,95.9202,9.30195,3499.81,2.72946,10.411
9222,28.5129,137.916,13.1569,3563.72,4.83699,16.275
615,52.2134,75.6826,6.65505,3419.24,1.44949,8.11078
1654,43.6152,114.321,9.82731,3495.82,2.62114,11.2869
4539,36.1917,110.548,10.9362,3511.84,3.05453,13.0882
3361,44.1962,86.463,8.79265,3468.49,1.95634,10.1877
7592,37.054,69.8103,8.23874,3463.85,1.88402,9.44031
652,33.2977,86.7311,8.5388,3495.21,2.60472,9.91152
7536,35.3095,75.1575,8.40333,3475.58,2.12854,9.45001
9728,30.3336,96.9963,10.2873,3517.15,3.19766,11.5105
9505,27.1881,128.985,13.421,3561.17,4.74415,15.0195
8055,32.3409,105.657,11.6921,3519.72,3.26697,13.5936
6015,41.2256,112.066,11.3591,3499.4,2.71836,13.2883
2687,43.6513,118.421,11.2306,3499.2,2.71289,12.7104
6193,44.3409,143.218,12.0671,3518.34,3.22993,13.1285
4135,39.318,114.291,10.067,3506.38,2.90682,11.3604
6638,0,0,0,3166.59,0,0
3250,29.2914,113.662,12.001,3538.24,3.88039,14.2277
8732,35.0168,90.5263,8.5205,3494.49,2.58522,10.3731
5011,39.5575,116.696,11.1199,3507.97,2.95004,13.1146
7922,35.5262,97.4867,9.31346,3500.35,2.74408,10.21
607,44.0964,91.2487,8.43218,3473.36,2.0693,10.0264
824,30.5673,97.3899,11.5257,3516.72,3.18608,13.2346
1194,34.1282,151.231,14.2058,3552.78,4.43126,16.445
5871,34.2416,101.423,11.4723,3508.42,2.96199,12.7526
9615,35.4895,112.083,11.7846,3515.69,3.15821,14.0767
6342,31.0214,132.914,13.1714,3548.89,4.2846,15.7798
4459,41.7971,104.209,10.7436,3491.09,2.4932,12.7329
5493,47.2143,86.237,7.74368,3460.16,1.8265,8.91564
5526,41.705,99.5699,9.54115,3486.49,2.38748,10.5221
9954,41.4151,61.8774,6.61102,3424.89,1.49408,7.72792
5492,36.4404,115.173,10.9792,3515.77,3.16059,12.8552
5651,0,0,0,3166.59,0,0
6092,38.7622,131.859,11.5352,3524.11,3.40174,12.6921
7388,41.1299,94.9116,11.1402,3482.81,2.3076,12.2395
1302,44.2681,67.6669,6.95483,3429.32,1.52857,8.11377
5934,40.7685,93.3651,9.35741,3482.01,2.29013,10.0737
4432,48.0811,95.084,10.8969,3469.86,1.97758,12.3327
784,39.905,124.56,10.5532,3514.32,3.12142,12.1474
82,44.8582,118.3,11.3639,3496.41,2.6372,12.8768
3611,36.4059,82.5876,10.1346,3481.01,2.26852,12.021
5690,37.4579,115.72,10.9006,3513.13,3.08933,12.74
113,31.1489,84.2495,9.59656,3498.9,2.70474,11.1032
566,41.4427,126.448,11.0161,3511.72,3.05116,12.8193
4904,36.5034,73.7075,8.08941,3471.48,2.0192,9.28928
3849,34.185,106.783,11.3693,3514.41,3.12368,13.0199
8180,28.8931,170.425,17.742,3608.22,5.89847,18.3565
4715,33.9901,101.407,11.9961,3509.21,2.98341,13.226
7997,40.4276,64.4928,6.70684,3438.03,1.59526,7.94957
6763,36.9672,66.614,6.89805,3458.2,1.80198,8.54163
1235,32.5248,77.0514,7.50841,3485.64,2.369,8.74118
4913,26.1957,104.728,13.1902,3541.41,3.99791,14.9154
4647,35.7527,115.646,12.0714,3518.52,3.2346,13.6149
1730,49.5564,99.4716,11.8562,3471.03,2.00724,12.8139
1519,44.9651,105.02,11.9243,3484.1,2.33559,13.4494
5629,44.3489,90.4596,9.06178,3472.25,2.03972,10.434
1614,46.5115,78.0507,6.33565,3447.41,1.67809,7.37815
1439,35.0703,100.331,10.8784,3504.67,2.86085,12.5924
6673,40.7954,110.306,11.1906,3498.87,2.7039,13.0303
6351,27.7775,115.811,13.1568,3545.88,4.16923,14.1317
6892,33.2891,120.402,12.8345,3530.92,3.61685,14.0366
8010,29.2453,111.093,12.1939,3535.97,3.79867,15.7631
2386,31.3423,165.919,16.5609,3577.48,5.29376,19.3914
3567,38.1296,167.658,12.684,3551.87,4.39706,15.6885
9380,33.5297,97.8575,10.6369,3506.81,2.91854,12.2903
5457,40.8706,113.041,10.7358,3501.16,2.76583,12.1894
1743,48.9656,102.28,11.1767,3474.09,2.08882,12.4194
7995,36.6753,86.3809,8.9905,3485.01,2.35529,10.4086
4392,41.8843,78.0933,7.87067,3462.6,1.8645,8.90924
5171,42.9819,72.7635,7.77243,3449.03,1.69289,9.27109
4522,32.6803,96.4356,11.3241,3508.01,2.95088,12.8389
317,34.0729,91.7182,10.6924,3498.42,2.69182,12.9359
3660,36.4335,126.531,11.3263,3526.42,3.47294,13.0941
4409,36.9933,133.514,11.8657,3530.71,3.60912,13.2704
7825,23.9094,107.012,14.4041,3553.97,4.47572,15.7297
6773,34.4211,122.638,11.5289,3529.33,3.56287,12.6566
5929,39.2795,116.157,10.9004,3508.24,2.9572,11.7204
280,32.1051,95.1294,11.2424,3508.46,2.96306,13.8681
384,42.5349,128.819,10.6788,3510.88,3.02856,12.047
9777,33.265,125.909,12.499,3535.59,3.78504,16.208
1023,37.4211,107.051,9.1972,3504.67,2.8607,10.9839
2650,33.5969,89.9347,10.6318,3497.87,2.67687,12.9985
9320,36.2294,118.546,9.46375,3519.91,3.27209,11.4964
7591,0,0,0,3166.59,0,0
8583,35.9363,99.7486,10.5106,3501.52,2.7757,11.878
4651,36.8244,110.98,11.1717,3510.33,3.01377,13.1121
4361,37.8014,83.5405,8.85425,3478.63,2.20998,10.3377
2169,42.4287,102.722,9.25725,3488.04,2.42105,10.9708
3681,36.6675,113.42,11.8124,3513.28,3.09321,13.9727
8679,35.7221,95.2905,9.53924,3497.53,2.66755,11.2541
2290,41.0537,142.695,10.6427,3526.51,3.47582,12.6126
3702,42.0832,89.6494,11.0234,3475.64,2.13029,13.0801
555,37.8389,108.537,11.4899,3504.95,2.86839,13.0727
5969,41.2966,96.9269,11.0345,3484.63,2.3471,12.3757
7087,33.0422,116.774,11.3886,3528.39,3.53409,12.4149
433,37.1298,108.631,10.5031,3507.07,2.92572,13.5109
2301,40.8456,97.3411,10.3721,3486.29,2.38315,11.6443
3238,35.4847,73.8708,6.94161,3473.82,2.08176,8.26909
1100,44.6726,61.741,6.6109,3411.27,1.38208,7.70446
8307,29.5505,86.4242,10.7977,3507.03,2.92463,12.0937
9610,43.9248,137.754,10.8638,3514.87,3.13613,13.8161
1162,45.1331,89.1777,8.7392,3469.75,1.97588,10.1381
5282,45.1047,78.714,7.66627,3453.55,1.74514,8.97676
1828,37.9071,100.863,10.4919,3497.28,2.66079,12.6901
6602,38.0393,108.441,11.0295,3504.3,2.85077,12.9777
1336,28.0172,82.6934,11.2108,3508.03,2.95152,13.2034
2477,32.7648,118.11,12.721,3530.59,3.6048,14.2001
3925,36.2717,101.448,10.4908,3502.31,2.7969,12.7654
3767,29.0237,90.4929,10.7154,3514.19,3.1179,12.3605
1861,35.4344,158.734,12.2123,3554.07,4.47964,13.6522
3464,33.7061,129.429,12.6952,3537.12,3.83992,14.1508
621,41.0184,119.344,10.7469,3506.47,2.90951,13.034
1858,30.9213,136.688,12.1082,3552.49,4.4205,14.219
9234,49.8067,72.6424,7.30425,3420.33,1.45849,8.09902
206,40.7665,144.289,11.1723,3528.57,3.5394,12.6849
2178,34.4889,132.376,13.943,3537.07,3.83822,16.3285
5596,31.769,101.897,11.8006,3517.51,3.20745,13.1553
9165,38.152,84.2199,8.36417,3478.54,2.20748,9.63259
2865,37.7318,69.3097,8.03848,3460.83,1.8369,9.01909
8853,40.7887,55.1717,6.31619,3407.46,1.35262,7.95423
3636,36.0444,127.102,12.6798,3528.14,3.52628,13.4632
7682,36.7951,108.48,9.32754,3507.91,2.94822,10.3062
8328,37.8315,107.25,11.7431,3503.72,2.83495,13.4219
6663,40.829,139.61,12.2592,3524.68,3.41939,13.4731
8769,38.2733,130.814,10.8787,3524.63,3.41789,11.5357
4255,48.0779,96.7538,8.68464,3471.22,2.01244,10.2307
8708,35.4754,120.687,12.0471,3524.12,3.40201,12.8138
3421,35.7988,102.164,12.1129,3504.41,2.85384,13.6089
9107,34.9478,119.205,11.7874,3524.41,3.41093,13.0573
3431,48.076,113.982,12.2121,3485.73,2.37087,13.2487
7537,40.0297,101.962,9.9013,3493.08,2.54715,10.878
7561,36.6713,91.6179,9.01837,3491.28,2.49835,10.4621
2694,0,0,0,3166.59,0,0
9897,32.6131,132.048,11.5147,3542.74,4.04892,13.9005
3603,36.9006,102.269,9.92667,3501.37,2.77149,11.317
1434,40.5452,116.335,11.5108,3504.99,2.86927,13.6013
9508,38.2509,88.9551,10.7619,3483.64,2.32557,12.3316
1437,33.3039,128.255,12.394,3537.42,3.85104,13.4878
6606,39.8938,71.6103,7.62633,3457.63,1.79502,8.36888
6906,36.6461,88.6053,7.24534,3487.89,2.41786,9.23448
2366,26.8264,111.238,13.0122,3545.29,4.14658,15.4476
6197,35.7396,119.666,11.5954,3522.38,3.34828,13.4635
3816,30.8738,85.5054,9.53618,3501.3,2.76952,10.4804
5602,44.3076,107.71,10.101,3488.5,2.43097,12.4921
72,33.7953,91.9348,8.43033,3499.48,2.72035,9.97358
9127,29.6183,112.832,12.1495,3536.27,3.80955,14.1165
4825,35.2848,102.631,10.8207,3506.44,2.90864,12.7564
1493,36.9039,97.3874,11.1085,3496.47,2.63895,12.8824
9076,33.5604,125.73,11.3564,3534.52,3.74639,13.481
3472,39.4726,117.869,10.0915,3509.31,2.9861,12.6256
7097,44.8547,87.844,8.33085,3468.63,1.95841,9.52223
2647,28.6538,86.9032,10.3411,3511.04,3.03287,12.0028
3736,30.6225,125.339,11.8332,3543.89,4.09301,13.3835
1147,0,0,0,3166.59,0,0
6029,30.2931,107.708,13.4016,3529.09,3.55552,15.0385
5191,34.9749,123.213,11.7111,3528.03,3.52289,13.3442
7663,37.1258,125.416,12.0451,3523.35,3.37812,12.6134
3667,35.8448,177.129,15.1438,3566.59,4.94157,17.4626
9640,37.6107,136.474,11.3135,3531.25,3.6286,13.4493
6268,36.9379,87.181,10.6798,3485.24,2.3602,12.7512
7034,28.9457,122.923,10.9354,3547.9,4.24668,13.5269
339,40.9594,68.8082,7.73712,3447.61,1.67991,9.22898
2420,36.9536,123.838,11.0578,3522.48,3.35118,13.0148
4263,39.1345,136.795,11.5538,3527.15,3.49551,13.1088
346,35.8127,128.214,12.5416,3529.88,3.58014,13.6131
9085,37.6172,127.881,11.9442,3524.04,3.39954,13.3446
9370,44.374,66.0338,5.94019,3424.13,1.48812,7.05078
7106,46.812,85.2607,8.77302,3459.79,1.82134,10.081
6242,31.2447,98.6882,12.1121,3515.7,3.15856,14.0577
5076,41.7038,85.781,9.53785,3472.89,2.05691,12.2336
2083,39.4444,162.168,11.6171,3544.37,4.1113,13.1659
6837,40.9284,102.997,10.0015,3491.95,2.51652,10.9471
9971,35.0717,116.587,10.7371,3521.61,3.32425,12.6055
698,35.2609,116.839,11.4755,3521.26,3.31357,13.543
1964,30.7352,114.381,12.5306,3533.83,3.7215,14.0381
8333,40.0138,129.425,10.8864,3518.51,3.2345,12.3344
8538,39.7144,67.4595,6.88036,3449.66,1.69862,8.08425
2808,32.96,106.897,11.5972,3518.84,3.24324,13.5694
2792,0,0,0,3166.59,0,0
6700,39.5311,110.343,11.189,3502.1,2.79129,13.2034
2799,44.2853,78.782,7.38506,3456.32,1.77896,8.22216
5406,31.84,110.161,11.7076,3525.99,3.45984,13.777
2805,34.1258,119.434,10.9685,3527.29,3.49982,13.7168
3230,35.3456,96.5005,10.8583,3499.84,2.7302,13.1102
1065,38.8807,162.818,11.2788,3546.36,4.18763,13.1868
5188,36.0913,100.748,12.0734,3502.11,2.79149,13.3974
800,47.7556,80.2181,7.25137,3447.59,1.67976,7.99919
5120,41.5709,70.8062,7.94066,3450.12,1.70326,9.30395
3002,33.3055,131.332,13.3093,3539.99,3.94325,14.0061
7063,32.4644,104.217,11.101,3517.61,3.2102,13.5537
9754,31.11,180.903,16.8592,3600.98,5.81493,18.3007
4325,38.2106,106.5,11.9422,3501.95,2.78719,13.3633
7041,44.278,119.56,11.5559,3498.73,2.70021,12.5408
7855,36.9799,98.4116,11.0779,3497.29,2.66122,13.2017
2297,42.2364,75.0909,8.17248,3456.23,1.77787,9.3364
8541,36.8779,133.96,11.3552,3531.36,3.63253,13.3109
5399,38.6097,83.2038,8.17249,3476.57,2.155,10.2118
9399,38.4198,133.852,11.4845,3526.77,3.48392,13.0639
6054,33.7482,82.235,8.51926,3488.76,2.43672,10.1867
4293,36.2606,115.437,10.8372,3516.62,3.18353,12.5327
9837,44.5884,94.712,9.44125,3475.41,2.12414,10.7656
3,43.8983,92.2256,9.38998,3474.54,2.10089,9.74344
2181,36.2902,119.222,11.8018,3520.34,3.28524,13.6383
4385,36.6511,130.533,11.84,3529.28,3.56151,13.3025
3975,41.7611,70.2924,8.33826,3447.97,1.6832,9.34943
7154,44.176,86.2254,7.5087,3468.21,1.95186,8.8921
9801,35.289,120.783,11.9381,3524.79,3.42268,13.749
7606,38.057,63.1059,6.8608,3445.23,1.6582,7.96196
3758,42.0643,102.041,11.5639,3488.26,2.42584,13.8548
8161,41.2423,117.873,11.2002,3504.57,2.85806,13.4248
548,38.0903,106.894,11.538,3502.66,2.80633,13.6205
4294,38.0489,70.1994,8.10716,3461.35,1.84498,8.88888
7601,37.7788,73.1489,8.33566,3467.2,1.93624,9.09628
5499,33.8345,99.9645,11.2606,3508.14,2.95452,13.1465
9006,39.2252,113.643,10.4934,3506.02,2.89718,11.7812
506,40.8856,71.5898,8.68372,3454.03,1.75098,9.6836
9502,31.2299,97.4976,12.0995,3514.34,3.12193,13.9306
1229,36.4777,134.176,12.4581,3532.63,3.6783,13.6005
6196,38.122,58.5183,6.87328,3430.15,1.53503,8.20869
9618,40.0475,79.2142,9.21354,3469.88,1.97801,10.486
5756,34.3428,119.126,12.406,3526.28,3.46874,13.1755
6831,36.9232,97.1975,9.38725,3496.23,2.63243,10.8781
3492,37.3709,82.6742,10.0968,3478.72,2.21226,11.251
7740,33.3812,73.3028,7.98732,3478.1,2.19593,9.20142
4106,37.5917,94.1889,9.56121,3491.55,2.50558,11.2399
8451,36.1356,132.045,11.8603,3531.96,3.65415,14.0033
742,46.532,63.0606,7.23698,3407.81,1.35521,8.99498
5274,36.0345,123.328,11.9197,3524.78,3.42249,13.7768
6878,37.0447,103.486,10.9846,3502.18,2.79353,12.7885
6664,31.5774,115.617,11.2984,3532.16,3.6614,12.6779
5228,41.5088,126.706,11.5187,3511.77,3.05252,13.1522
4977,35.3748,106.28,12.7701,3509.99,3.00439,13.2753
1330,28.9264,104.971,12.4663,3531.25,3.62889,14.3218
5747,46.2012,153.476,11.9408,3521.53,3.32191,13.1464
9047,32.6021,109.373,12.7453,3522.59,3.35479,14.065
8672,34.3547,78.0946,9.61168,3481.23,2.27318,11.5273
2738,32.6121,70.1925,8.49638,3476.47,2.15235,9.86595
5308,39.8214,61.9572,7.38664,3432.87,1.55588,8.831
3429,33.6403,74.9208,7.95106,3479.27,2.22711,9.29648
4150,28.6527,71.6626,10.1342,3491.38,2.50108,12.6255
3441,36.4611,110.387,11.8397,3510.84,3.02752,13.3701
1205,31.3381,104.621,11.5147,3522.07,3.33848,13.1063
8053,30.4737,163.198,15.5783,3579.51,5.35536,17.5683
2358,46.3052,74.4046,7.8762,3439.54,1.60683,8.78075
7839,34.0733,125.613,11.5826,3532.86,3.68657,13.0121
4491,38.0233,114.013,12.3353,3509.77,2.9985,13.8613
8346,41.855,109.549,12.1137,3495.67,2.61733,13.374
888,39.3081,112.261,10.8629,3504.49,2.85593,12.8493
5793,29.1236,121.041,14.033,3545.54,4.15612,16.9476
894,33.0865,92.0233,10.1667,3501.73,2.7813,11.7727
7669,29.5926,86.4944,10.1662,3506.97,2.92284,11.8903
3883,42.2752,93.7691,9.01338,3478.93,2.21806,10.6973
8847,32.3051,121.72,11.3685,3535.11,3.76783,13.4674
517,35.326,134.122,11.9151,3535.91,3.79668,13.507
8243,32.9691,109.5,10.85,3521.51,3.32128,12.6147
6223,37.6991,84.4228,8.08685,3479.73,2.23939,9.64885
6729,37.6327,128.79,12.3291,3524.78,3.42229,13.5001
3802,34.7019,172.127,17.524,3567.1,4.96017,19.1645
7333,43.8583,71.7369,8.32653,3442.77,1.63565,9.65982
684,44.0151,77.7098,7.43781,3455.22,1.76553,8.43493
8543,34.5136,91.5638,9.5947,3496.99,2.65298,11.7343
1887,33.2903,112.965,11.9669,3523.84,3.39334,13.4791
1878,34.5819,122.784,11.8117,3528.93,3.55053,12.8492
4433,41.627,129.83,11.2127,3514.23,3.11888,12.6526
2565,32.1879,120.259,12.1701,3534.23,3.73615,13.5111
3200,40.6784,77.881,8.08257,3465.81,1.91455,9.678
1219,48.0424,73.0826,7.77705,3428.37,1.52121,8.96537
1182,40.5673,92.2043,9.46193,3481.21,2.27287,11.2077
1306,44.9523,78.9948,8.51916,3454.55,1.7573,9.29812
1939,33.2247,98.7619,10.4305,3508.81,2.97255,12.0758
5562,39.0391,67.1787,7.97411,3451.56,1.72081,10.1306
8484,33.803,106.829,10.866,3515.76,3.16034,13.4297
9771,34.2776,60.8712,7.33694,3456.06,1.77583,8.99261
4311,33.0169,109.888,11.7627,3521.73,3.32825,13.6614
5886,38.5205,82.0491,8.02959,3475.63,2.13001,10.4802
7183,31.6306,120.752,11.9254,3536.49,3.81756,14.5289
8191,34.8565,92.5374,9.54869,3497.06,2.65481,10.6996
866,36.6764,109.761,11.067,3509.55,2.9927,12.9957
8130,40.1155,116.933,10.3356,3506.67,2.91491,11.2857
4720,39.5232,78.2218,9.4887,3469.96,1.97914,10.7092
2011,31.398,106.428,11.0888,3523.72,3.38965,13.4856
182,32.6875,128.112,13.9631,3539.32,3.91928,16.5244
7164,40.4714,126.561,11.7305,3514.53,3.12716,13.275
2313,40.508,114.098,11.874,3503.04,2.81669,13.8158
2092,38.8265,126.669,11.1785,3519.55,3.26243,13.3435
8463,41.1004,188.728,15.8704,3557.07,4.59188,17.9806
1700,37.9328,95.2677,9.55075,3491.77,2.51149,11.2157
5882,40.5287,92.3128,8.18398,3481.44,2.27771,9.48743
6289,27.588,133.611,13.6087,3563.89,4.84308,16.0945
1815,42.7744,81.942,7.32476,3465.89,1.91568,8.68433
7002,45.4461,102.243,11.3117,3480.15,2.24977,12.6561
8611,44.5193,122.003,11.4557,3500.22,2.74046,12.9101
7273,34.6241,139.222,12.7963,3542.01,4.02095,13.8726
9087,43.6871,109.224,11.1094,3491.35,2.50014,13.652
6512,35.694,106.74,12.3177,3509.47,2.99041,14.3699
4170,34.6804,119.667,11.3733,3525.69,3.45057,13.1688
1986,43.236,55.9171,5.80797,3399.31,1.2933,7.48831
5932,34.5016,76.9465,9.97811,3479.39,2.23023,10.9394
4819,44.3404,109.778,11.8018,3490.45,2.47581,13.0063
3775,32.6643,128.659,11.9318,3539.86,3.93881,13.828
7691,42.6111,76.9047,7.96292,3458.43,1.80481,9.03242
3600,38.8545,87.4924,8.99063,3480.24,2.2518,10.1245
2703,47.224,65.9557,8.06809,3412.99,1.39666,9.37319
2669,38.3734,113.436,11.6835,3508.2,2.95611,13.3054
9401,29.2151,171.036,14.6603,3604.4,5.85437,17.1134
6842,35.9429,91.7993,8.47236,3493.34,2.55403,10.0964
4645,32.6368,116.06,10.6542,3529.11,3.55611,13.9175
3539,30.2705,115.617,11.7747,3536.55,3.81946,14.0962
1846,49.4566,88.6303,9.09124,3457.39,1.79208,10.5762
9762,28.8589,123.012,14.3191,3548.31,4.26253,16.5176
1629,30.8054,108.376,11.6905,3527.88,3.51809,13.9582
1427,30.3085,115.049,12.0221,3535.89,3.79593,13.7878
7004,39.7182,91.5541,9.62421,3482.7,2.30509,10.8411
884,45.8594,69.6041,8.17892,3427.93,1.51777,9.06365
8386,35.6462,105.214,10.9397,3508.03,2.95161,13.8217
8518,35.8856,112.821,11.7074,3515.16,3.1439,13.5311
6649,29.5153,108.45,11.4004,3532.52,3.67438,14.0219
5407,37.834,105.304,8.5217,3501.81,2.78332,10.4605
2967,39.7418,105.44,11.3638,3497,2.65313,12.5052
1386,28.8831,102.862,13.1076,3529.28,3.56133,14.4929
5684,36.3575,100.173,11.2361,3500.77,2.75523,13.6188
1193,0,0,0,3166.59,0,0
7485,32.8917,122.527,13.4958,3533.93,3.72515,15.3984
4469,31.2575,119.665,13.0211,3536.8,3.82837,14.6699
3909,29.8087,85.393,9.54462,3504.82,2.8647,10.4671
2355,41.9975,73.1966,7.88883,3453.37,1.74288,9.15659
9437,36.8279,132.169,10.9127,3530.14,3.58883,13.4094
8505,43.4136,100.268,8.83935,3482.91,2.30959,10.731
3233,36.2084,101.472,9.05827,3502.51,2.80245,10.3541
5134,36.7416,69.7625,7.15366,3464.8,1.89873,8.28753
3465,45.278,130.614,11.8342,3505.56,2.88472,13.0245
514,31.1892,113.649,12.446,3531.67,3.64385,14.1946
681,32.1089,84.1654,9.45342,3495.82,2.62125,11.0983
149,29.5776,92.0308,11.1024,3513.95,3.1115,12.6605
4502,32.2106,112.125,11.3582,3526.68,3.481,13.7254
6870,35.572,118.983,11.8917,3522.27,3.34486,13.4566
5985,44.0349,103.806,11.0477,3485.11,2.35736,13.0339
6619,40.4736,100.416,12.3626,3490.64,2.48102,13.6315
5658,39.0377,72.8658,8.61191,3462.73,1.86655,9.26688
7676,35.6597,84.9076,8.2817,3486.2,2.38105,9.05197
8636,35.5441,89.3335,10.2118,3491.84,2.51331,12.1582
396,35.5278,122.616,11.4907,3525.72,3.45128,13.4698
5086,36.7326,106.465,12.1081,3506.06,2.89839,13.7002
6234,31.8251,94.8843,10.3284,3509.14,2.98143,12.273
9879,40.5633,111.371,11.3215,3500.41,2.74561,13.748
106,38.6899,91.8334,9.03988,3485.85,2.37357,10.0592
8814,32.9272,126.876,11.6389,3537.49,3.85323,13.6335
8793,40.0127,135.379,11.987,3523.52,3.38341,13.0965
4443,43.0144,87.9228,9.609,3472.41,2.04403,11.3729
4219,32.8136,104.093,12.3732,3516.21,3.17224,13.9253
4205,41.5073,84.5242,8.05332,3472.12,2.03637,9.27465
9995,40.8167,64.9923,6.89473,3437.64,1.5923,8.80327
8036,0,0,0,3166.59,0,0
2322,39.8049,63.8884,7.87141,3439.3,1.60504,9.72638
1352,34.9649,82.5901,8.32559,3485.32,2.36209,9.15525
5827,35.7749,137.998,12.0806,3537.6,3.8574,13.9998
7315,43.1033,102.703,10.0539,3486.27,2.38272,10.7235
7290,38.7307,116.11,11.9465,3509.74,2.99789,13.7552
9688,36.4752,109.155,11.7505,3509.55,2.99259,13.3346
5164,41.6674,114.561,12.0496,3500.55,2.74943,13.8611
798,41.2213,94.2633,10.6058,3481.85,2.28676,11.1143
6676,42.6675,105.945,11.6623,3490.72,2.48303,13.276
6065,35.6082,61.509,7.59253,3452.1,1.72738,8.96642
1217,37.7485,105.797,13.6389,3502.52,2.80269,14.006
1097,40.5181,136.579,11.4316,3523.11,3.37082,13.143
7931,34.3426,95.2151,10.6365,3501.41,2.77251,12.4872
695,33.7401,89.6327,10.4172,3497.12,2.65657,12.0508
9974,37.5209,141.242,12.4385,3535.02,3.76436,14.2528
6396,34.7625,113.25,9.74179,3519.38,3.25783,11.144
9150,48.5203,83.6431,7.88122,3451.81,1.72388,9.39777
9385,36.753,108.122,10.8751,3507.67,2.94186,13.2639
3329,37.1096,114.72,11.6481,3513.21,3.09138,13.6866
4570,41.1646,133.56,12.2128,3518.88,3.24453,13.6667
4753,34.6069,121.51,11.9709,3527.65,3.51114,13.7521
1977,31.7012,110.146,11.9121,3526.47,3.47451,13.3055
3299,29.9398,107.429,11.953,3530.12,3.58817,14.4785
1623,41.442,123.479,12.061,3509.07,2.97956,14.1764
835,43.4452,115.229,10.8899,3496.96,2.65228,12.043
9647,41.5326,99.7104,10.1733,3487.11,2.40078,12.0172
3183,35.497,107.278,11.7629,3510.64,3.02218,13.046
2078,31.9018,105.107,11.9966,3520.65,3.29471,13.9927
8533,38.0492,108.992,10.1193,3504.81,2.8645,11.0373
1392,38.4835,110.66,11.8636,3505.22,2.87551,13.936
804,39.7875,92.5626,9.4427,3483.68,2.32642,10.7597
6893,43.4592,67.2469,6.76873,3431.76,1.54736,8.36889
9032,38.7888,120.656,10.6816,3513.92,3.11059,13.1635
361,28.5833,99.0492,11.7595,3526.17,3.46529,14.6433
2383,46.4624,103.085,11.2031,3478.96,2.21867,13.1447
6439,0,0,0,3166.59,0,0
7565,33.2831,125.895,11.5234,3535.52,3.78256,14.0766
4613,31.5021,135.189,13.5532,3549.07,4.29144,15.831
7240,46.593,75.8564,8.74198,3441.94,1.62807,9.67518
4331,43.5773,107.788,11.9821,3490.36,2.47348,13.3105
5878,35.5369,63.783,7.52575,3457.62,1.79484,8.53662
362,44.6399,55.1422,5.81486,3389.95,1.23527,5.89285
8767,45.1837,71.8309,7.55259,3437.3,1.58975,9.0133
1326,41.3786,125.326,12.3836,3510.89,3.02876,13.9467
8066,29.2947,105.057,11.0712,3530.07,3.58623,12.8066
5227,31.3588,107.733,11.6402,3525.2,3.4355,14.3072
9747,35.9096,113.098,12.0709,3515.36,3.14951,13.6885
6030,44.2792,87.6959,8.78382,3470.03,1.98052,10.1549
8104,30.3904,99.2058,11.3231,3519.62,3.26438,13.3597
7727,38.0473,113.042,11.9161,3508.75,2.97111,13.4924
1240,43.4743,70.2452,7.48485,3440.59,1.61579,8.57318
9053,30.5713,81.6858,9.87608,3497.69,2.67198,11.6029
3902,32.4454,68.8001,7.90508,3475.27,2.12049,9.89573
4050,38.8514,158.788,11.9214,3543.74,4.08707,13.4363
7406,27.8058,63.3728,8.22103,3481.5,2.27912,9.61761
7689,35.7759,86.8543,10.1694,3488.35,2.42773,11.6881
3359,32.8047,52.2423,6.72596,3437.67,1.59253,8.15473
7530,35.8443,101.38,10.0281,3503.47,2.82835,12.3087
4088,36.4911,140.743,11.0641,3537.59,3.85693,13.0494
9094,32.0705,72.4513,8.47412,3480.58,2.25913,10.0106
6911,43.8532,97.624,9.08663,3479.24,2.22616,10.9197
7489,36.4221,106.71,11.6819,3507.23,2.92983,13.2679
2374,26.7887,106.268,13.6268,3540.6,3.96692,15.3272
3197,39.047,115.468,12.6522,3508.24,2.95715,13.9525
7932,43.414,80.5586,7.68795,3462.03,1.85559,8.91276
4530,43.3551,65.0145,6.13198,3425.6,1.49958,7.55853
5440,34.6224,68.0429,7.58638,3469.07,1.96529,8.53142
2184,41.4549,128.335,11.3877,3513.37,3.09577,12.6451
9680,44.5101,133.243,11.0644,3509.58,2.99354,13.3058
2955,32.8746,117.508,12.2981,3529.7,3.57442,14.2651
104,46.022,88.8336,10.0326,3466.82,1.93024,12.004
6067,34.4247,120.379,11.9387,3527.19,3.49689,13.7351
8906,30.4964,138.238,14.5044,3555.5,4.53294,15.8993
5920,35.6841,153.32,12.6903,3549.2,4.29658,14.6554
4942,35.6885,113.36,11.7407,3516.36,3.17639,13.9321
7710,31.6902,127.453,13.128,3542.04,4.02184,14.1877
1864,0,0,0,3166.59,0,0
938,38.9712,130.539,12.8167,3522.43,3.34963,13.568
721,35.6131,81.0143,9.50917,3481.31,2.27485,10.6067
6381,42.2147,128.714,10.7144,3511.64,3.04904,13.7735
1176,36.1066,132.893,10.991,3532.69,3.68056,13.3782
1137,30.1368,151.35,15.9785,3568.8,5.02212,17.8838
2008,37.8762,98.431,10.3925,3494.99,2.59875,12.8381
8721,37.64,84.8567,8.18409,3480.36,2.25443,10.0846
5037,34.7468,113.464,10.9963,3519.66,3.26544,13.0062
5844,41.888,128.726,12.1853,3512.53,3.0731,14.1297
2489,43.8532,127.871,12.0971,3506.71,2.91588,13.0928
8595,37.7735,110.075,10.1598,3506.64,2.91408,12.193
116,40.5404,124.799,10.5373,3512.73,3.0784,13.0705
5363,33.6392,124.131,12.574,3532.95,3.69007,14.1342
6202,0,0,0,3166.59,0,0
8615,29.0127,157.812,15.3215,3582.68,5.43941,17.6504
9392,32.9681,143.739,12.8142,3550.87,4.35993,14.2897
9787,46.9383,119.072,11.9081,3492.7,2.53677,13.4577
9202,36.0342,127.523,11.8859,3528.55,3.53895,12.9926
5449,39.7493,59.6628,6.54165,3425.78,1.50098,7.39459
5082,34.5134,86.8335,8.32341,3491.93,2.51593,10.4225
7338,41.2258,112.97,11.4504,3500.21,2.74028,13.5239
1183,42.3065,168.228,13.0246,3540.85,3.97642,14.9593
5497,39.9385,112.371,12.7935,3502.93,2.8136,14.1611
8649,43.3333,71.8987,7.54162,3445.34,1.6592,9.51589
1318,41.731,98.0613,11.6627,3484.76,2.34984,13.4352
8182,35.1229,95.1973,12.0048,3499.11,2.71041,13.6675
3683,49.4282,98.8743,10.2235,3470.77,2.00036,12.5804
9550,39.8288,111.432,11.3725,3502.34,2.79777,13.6481
5858,45.9798,101.967,11.5071,3478.92,2.21764,12.3619
6510,41.35,72.1467,9.56249,3453.52,1.74478,11.084
2066,30.0326,117.726,12.1686,3539.34,3.91993,13.8108
3316,44.485,128.706,11.2201,3505.87,2.89324,13.2809
3881,30.0702,101.896,11.1192,3523.69,3.38859,13.3288
4275,35.1577,72.4586,6.96367,3473.04,2.06096,8.70481
226,45.8325,133.162,12.7991,3506.32,2.9054,13.0616
9548,29.4154,122.027,12.1792,3545.34,4.14842,14.585
1167,41.2146,100.235,10.2295,3488.55,2.43203,11.275
679,37.216,89.8751,9.10149,3487.76,2.41496,10.5058
3999,37.0703,114.608,11.9857,3513.22,3.09164,13.5813
2437,37.3681,114.756,11.7061,3512.45,3.07098,13.9383
8200,43.3937,95.4567,8.30423,3478.25,2.19978,9.64197
8255,48.2933,78.9478,7.98009,3442.67,1.63476,9.16194
293,37.217,94.384,10.4133,3492.67,2.53605,11.4105
8618,47.5607,65.118,6.454,3409.7,1.36916,7.60467
819,31.357,120.298,12.9911,3537.02,3.83642,15.2183
9940,43.7522,109.452,11.0701,3491.4,2.50163,12.4247
8229,36.9479,110.606,12.2129,3509.59,2.99358,13.3128
6841,49.0852,74.2548,7.20376,3427.29,1.51277,8.16408
1166,38.9037,117.015,10.467,3510.11,3.0078,11.3856
4829,48.5342,75.2212,7.14461,3432.09,1.54986,8.48558
3518,32.305,114.461,11.6166,3528.69,3.54314,13.2375
6097,37.042,54.3634,7.25463,3421.5,1.46762,8.8537
4804,46.9339,61.8061,6.79503,3402.61,1.31688,7.96757
5335,41.394,90.0174,8.14767,3477.31,2.17465,8.62946
9772,38.2019,115.037,10.9839,3510.24,3.0113,13.436
6997,48.7244,87.3058,8.21934,3457.37,1.79183,10.2151
545,42.6313,87.9818,8.40352,3473.15,2.06378,9.90233
2234,37.9584,98.2179,10.2181,3494.57,2.58752,11.9513
6100,40.1894,105.761,9.61856,3496.2,2.63156,11.16
6455,31.8448,98.2311,10.7518,3512.96,3.08468,12.2468
5865,37.609,117.018,13.0596,3513.95,3.11143,15.4099
411,30.2738,118.07,12.7061,3538.79,3.90008,14.2817
6827,31.2476,118.537,12.4236,3535.83,3.79347,14.6001
4702,43.7525,127.265,11.9062,3506.45,2.90875,13.7548
9903,39.0217,114.594,11.6397,3507.48,2.93669,13.4292
4198,44.2576,118.636,9.12298,3498.01,2.68058,11.6515
2990,41.7879,58.6528,7.20575,3413.81,1.40358,8.13447
3360,41.3373,138.759,12.0526,3522.66,3.35675,13.4089
1660,37.7434,106.544,11.1546,3503.27,2.82285,13.0904
5841,38.3493,125.789,12.8838,3520.18,3.28007,13.9079
751,38.4036,116.426,9.72553,3511,3.03164,11.6056
9486,30.9651,108.156,13.7258,3527.06,3.49282,15.1928
369,36.0651,103.496,9.61669,3505,2.86971,11.4882
5599,34.6826,126.831,11.775,3532.03,3.6569,13.4578
233,37.3174,96.0325,8.64399,3494.05,2.5734,10.324
307,38.0511,70.1674,7.60103,3461.29,1.84403,8.73323
4424,34.5806,99.6573,11.7272,3505.45,2.88188,13.2893
5342,39.0929,80.5261,8.92587,3473,2.05987,10.9577
9784,35.5562,89.3702,9.23579,3491.84,2.51349,10.0742
3733,28.24,114.737,11.6149,3543.11,4.06294,14.7512
836,40.5124,96.9921,9.85545,3486.8,2.39413,11.4853
4931,41.0382,143.485,12.2898,3527.17,3.49638,13.5422
6567,35.6388,110.879,11.8378,3513.94,3.11117,13.7404
2697,36.9451,136.148,12.2603,3532.82,3.68515,13.916
5489,34.8341,104.085,10.2411,3509.38,2.98801,11.9107
3188,44.143,81.2758,7.49257,3461.11,1.84119,9.0789
4730,33.2726,92.6173,10.7526,3501.82,2.78359,13.257
8133,34.3628,113.13,10.6205,3520.57,3.29224,11.9285
6733,41.3644,102.31,9.96371,3490.36,2.47339,11.6195
6654,35.4182,113.228,12.2838,3517.12,3.19689,13.7381
3345,32.2157,125.551,13.3401,3538.71,3.89719,14.1654
7838,36.0436,110.813,12.552,3512.58,3.07441,14.145
7939,36.9214,113.65,10.674,3512.72,3.07814,12.8291
7125,36.8405,123.573,11.3499,3522.58,3.35426,13.3524
7974,36.2208,131.069,13.6411,3530.97,3.61861,15.6549
9394,32.3598,137.487,12.6258,3547.95,4.24871,14.2376
5988,33.2286,148.175,12.986,3553.53,4.45926,14.9865
849,43.8413,75.6218,7.9225,3451.89,1.7249,8.76618
2959,41.8287,99.5787,9.10339,3486.18,2.38063,10.8786
4672,34.9386,89.8596,10.7428,3494,2.57193,12.4325
4734,32.0634,108.006,12.4331,3523.04,3.36852,14.492
3458,37.0802,57.3512,7.12478,3431.67,1.54668,8.33102
8605,34.4774,127.342,14.3225,3533.05,3.69349,17.7624
3105,44.2957,138.477,11.0261,3514.5,3.12619,13.0716
8450,34.0295,111.132,12.6863,3519.67,3.26575,13.8723
43,40.1585,73.675,7.19322,3460.68,1.83461,8.9811
5913,45.5015,58.5758,6.12964,3398.34,1.28734,7.4286
895,38.0604,139.559,11.5889,3532.31,3.66678,13.0811
534,36.3401,92.6822,9.558,3493.2,2.55041,11.1453
2586,40.8182,141.697,12.1718,3526.37,3.47142,13.0915
6055,29.4449,101.816,12.0972,3525.93,3.45785,14.1678
622,33.7436,143,12.2543,3547.67,4.23783,13.6596
243,42.8576,62.2184,6.53137,3419.51,1.45175,7.90939
5538,39.7305,94.8056,9.29804,3486.44,2.38622,11.1138
4812,40.2153,123.922,11.3336,3512.84,3.08145,13.6018
4396,39.6297,84.4093,8.61225,3475.63,2.12995,10.4524
1393,40.1367,69.5126,6.96832,3452.47,1.7319,8.65878
9536,40.2079,145.433,12.618,3530.93,3.61703,14.319
4710,42.2359,135.515,12.6591,3517.55,3.20853,14.0637
5997,45.2836,84.49,9.99564,3462.69,1.8658,12.9432
7044,40.9685,143.843,12.4492,3527.65,3.51105,13.8198
3016,48.5328,69.8292,8.26223,3417.98,1.4388,9.2546
709,46.3128,120.741,11.6647,3495.3,2.60708,13.8003
1248,35.0684,116.372,12.2677,3521.42,3.31844,14.1295
4969,41.76,61.0415,7.19803,3420.75,1.46172,8.40346
5751,39.9913,63.3738,6.81272,3436.64,1.58469,8.33563
8214,44.7008,87.0732,8.25196,3467.95,1.94791,8.56095
729,35.4805,134.896,12.0068,3536.06,3.80198,13.8395
8075,46.8257,104.319,10.0713,3479.3,2.2278,11.5293
7194,50.5637,75.7607,7.2773,3425.44,1.49832,8.47472
4567,36.8096,116.388,12.0289,3515.82,3.1619,13.5689
6524,33.8647,94.7557,9.07706,3502.35,2.79807,10.5533
6707,46.6041,121.217,12.1154,3495.07,2.601,13.9735
6941,0,0,0,3166.59,0,0
2461,38.9292,111.635,11.7029,3504.93,2.86765,13.2737
5201,36.4416,82.7378,8.8135,3481.1,2.27042,10.0465
8986,36.2232,66.4399,7.96582,3460.66,1.83418,9.33649
2796,33.4599,102.456,11.4465,3512.12,3.06206,13.6558
8042,37.6927,120.697,11.5982,3517.31,3.20213,13.2829
4212,42.9349,80.8754,7.4979,3463.83,1.88367,8.40052
4579,37.0608,81.1884,8.0305,3477.91,2.19068,9.11953
318,39.0772,210.917,16.6953,3581.05,5.39745,20.0057
4161,38.1629,114.593,10.7332,3509.92,3.00274,14.2198
5318,37.5085,110.632,12.0811,3507.96,2.94953,14.2399
5791,41.52,95.2819,10.1595,3482.23,2.29484,10.68
4769,37.8491,98.9823,12.2902,3495.6,2.61518,14.0398
4130,40.4023,121.172,12.5024,3509.79,2.99913,13.5641
6579,38.2486,92.7043,8.83302,3488.16,2.42373,9.87008
6958,32.4181,129.511,12.3478,3541.34,3.99501,14.8187
3608,40.522,136.989,11.4565,3523.43,3.38062,13.1345
2228,34.4249,94.7579,10.5981,3500.67,2.7526,12.2678
1586,35.6205,92.2745,9.28107,3494.68,2.59049,11.0253
6877,36.4409,119.655,12.5571,3520.29,3.28353,14.3454
5353,32.829,84.0542,8.54357,3493.57,2.56037,9.88953
865,33.1717,126.194,12.3923,3536.13,3.80427,14.2339
2035,34.5836,108.508,11.3318,3514.92,3.13757,13.8506
1867,40.8777,95.6389,9.21149,3484.29,2.33963,11.0008
9455,37.7129,124.405,10.918,3520.78,3.29873,13.3263
4269,33.1826,131.654,12.173,3540.62,3.96755,14.5214
3154,35.9863,83.4971,9.14312,3483.4,2.32024,10.5047
6633,39.0606,116.004,11.6981,3508.71,2.96985,13.7848
5367,29.0153,101.735,10.6734,3527.49,3.50624,13.1495
4984,37.8477,130.027,10.7743,3525.21,3.43553,13.5426
6588,42.5008,66.402,7.28092,3433.72,1.56237,8.29749
7446,35.7987,108.586,12.2469,3511.05,3.03325,14.4625
2603,38.4559,70.8483,7.7573,3461.18,1.84232,9.30515
2505,35.5407,105.736,10.3787,3508.9,2.97507,12.1946
4986,0,0,0,3166.59,0,0
7620,32.776,141.59,12.0462,3549.81,4.31994,14.27
9462,40.0464,136.784,10.9911,3524.56,3.41563,11.7982
5209,34.8722,127.095,12.7755,3531.69,3.64459,13.7609
4641,41.1686,118.849,11.8402,3505.64,2.88688,13.5479
9683,32.9069,114.379,12.4637,3526.51,3.47585,14.16
6570,42.1572,107.335,10.9417,3493.04,2.54606,13.1571
5909,39.4094,112.536,12.3942,3504.48,2.85556,13.8406
3503,32.3503,113.685,11.5373,3527.75,3.51419,13.9861
2342,42.0058,111.604,11.6292,3497.13,2.65687,13.2798
9447,37.6179,46.499,5.95482,3390.08,1.23609,6.88484
294,42.3127,82.7353,9.5726,3468.43,1.95533,10.0519
4423,37.3208,62.0438,7.17661,3445.7,1.66245,8.26657
6290,33.494,95.7877,10.8934,3504.64,2.85985,12.8447
3420,37.0764,113.89,12.0495,3512.48,3.07177,14.1567
9797,37.6588,94.4823,11.8998,3491.67,2.5089,13.7129
5628,33.3547,100.624,9.42567,3510.44,3.0168,11.6868
1308,37.4292,139.867,13.7747,3534.25,3.73684,16.1439
4214,38.0472,133.382,10.9548,3527.48,3.50571,13.559
5219,35.2891,110.039,11.3319,3514.2,3.1182,12.9355
4520,40.556,129.397,12.3235,3516.88,3.19057,13.8158
2811,32.1406,105.859,9.89462,3520.61,3.29363,12.155
5782,32.6668,118.014,11.2376,3530.8,3.61265,14.1249
5355,39.8846,143.878,12.5448,3530.66,3.60737,14.5266
5057,39.8519,110.311,10.7983,3501.24,2.76803,13.0195
2609,39.3112,134.412,11.4674,3524.68,3.41917,13.4561
9405,35.0288,52.2236,6.00055,3424.48,1.49088,6.77717
4807,48.9664,81.8656,10.2669,3446.73,1.67187,11.4595
9791,39.7903,116.922,12.3132,3507.55,2.93845,13.9322
3282,38.4256,93.3808,7.63452,3488.46,2.43017,9.79
1908,42.0077,79.2362,8.85971,3464,1.88623,10.0016
3375,32.0496,85.2558,11.0821,3497.25,2.66013,13.8223
6140,37.2724,144.905,11.8724,3538.44,3.88773,13.409
845,0,0,0,3166.59,0,0
879,32.7908,112.287,12.4945,3524.84,3.42436,14.4075
1402,39.6962,116.801,9.86695,3507.69,2.94236,11.0077
4119,44.6436,74.5561,9.5259,3446.53,1.67003,11.6029
9800,40.5465,101.198,11.1291,3491.19,2.49584,13.2294
3144,40.2542,109.522,11.8207,3499.49,2.72075,13.6204
7065,32.3976,107.485,12.868,3521.39,3.31769,14.6747
843,41.9587,99.2385,11.1367,3485.47,2.36515,12.8236
953,37.2812,142.87,15.1078,3536.9,3.83224,17.2119
4976,45.8774,101.76,10.195,3478.93,2.21809,11.1561
6874,35.1585,137.021,12.2416,3538.71,3.89725,13.7444
4576,32.3249,137.791,12.353,3548.32,4.26269,14.4237
4951,31.1965,102.606,13.2348,3520.47,3.28901,14.1416
6016,33.4886,164.194,15.6288,3565.53,4.90299,17.7749
4848,39.5435,104.325,10.3774,3496.45,2.63824,12.3275
526,24.875,137.546,15.1335,3586.19,5.52947,17.5715
456,35.3878,95.6261,12.3315,3498.81,2.70223,14.1565
3931,43.2842,115.208,11.2664,3497.31,2.66167,12.9637
7690,35.8525,128.359,12.213,3529.89,3.5802,13.8206
6717,35.4101,137.034,12.8479,3537.95,3.86991,14.3413
1405,41.1163,74.7433,6.34185,3459.5,1.81785,7.69173
2193,37.6026,126.805,12.6391,3523.16,3.37225,14.1788
8251,38.8113,74.9861,8.61238,3466.94,1.93207,9.53346
5211,35.6762,98.1669,11.2344,3500.63,2.7516,13.1128
5378,40.7761,136.901,12.227,3522.68,3.35737,13.9509
3689,45.0059,72.1777,7.3412,3439.13,1.60374,8.37007
2765,37.3569,135.406,12.4235,3531.14,3.62467,14.0415
3907,30.9704,101.744,11.9282,3520.34,3.28521,14.2234
1683,24.8411,154.744,15.3285,3644.63,6.22934,18.7114
3960,38.942,107.382,12.7678,3500.85,2.75748,14.7602
6174,37.254,143.913,11.3479,3537.76,3.86302,13.6265
331,37.7714,123.352,12.3191,3519.67,3.26574,13.5664
7901,39.1139,74.5337,9.33828,3465.24,1.90555,10.9376
9857,37.2728,126.706,11.9225,3524.04,3.39941,14.5588
9864,30.5909,123.699,14.1333,3542.6,4.04365,16.792
3860,36.6022,104.754,9.79925,3504.72,2.86195,12.0029
6938,44.4688,76.8528,7.89805,3452.17,1.72824,8.59767
6788,44.7106,82.0553,9.13565,3460.73,1.83525,10.1551
5557,51.6242,66.366,5.97548,3398.06,1.28556,7.21567
6160,32.9806,117.946,12.6386,3529.76,3.57623,15.082
2082,44.8658,89.6078,8.40155,3470.65,1.99724,9.73978
7987,0,0,0,3166.59,0,0
6043,43.2339,87.211,9.43169,3471.4,2.01719,10.737
7562,34.1249,119.94,11.7605,3527.77,3.51473,14.3036
6060,45.2612,106.222,11.9704,3484.62,2.34687,13.1743
1991,38.7798,129.877,11.8526,3522.41,3.34909,13.4078
4937,33.6398,128.011,12.198,3536.15,3.80533,14.447
3173,31.9406,137.594,12.2942,3549.49,4.3078,14.485
5816,45.5011,87.944,8.62296,3466.98,1.93279,10.2392
277,40.3694,120.415,12.5611,3509.19,2.98282,14.0653
7163,45.0812,154.292,14.1492,3524.79,3.42253,16.1231
7528,33.3343,101.545,13.1196,3511.54,3.04626,14.2303
6320,35.6265,132.624,12.1007,3533.86,3.72262,14.1575
7242,37.9308,139.705,12.2077,3532.76,3.68314,13.316
1993,35.3382,92.4928,12.0618,3495.68,2.61736,14.5798
4112,35.3066,116.157,12.7547,3520.5,3.28996,14.6069
9361,39.871,148.496,12.7553,3533.91,3.72442,13.6929
4545,38.9564,136.173,12.5459,3527.15,3.49552,14.4145
6999,44.3027,58.7058,6.58149,3403.73,1.32511,7.80166
3867,33.9519,92.1459,9.87841,3499.24,2.71402,11.6559
4083,39.2028,107.498,12.2027,3500.28,2.7421,14.0557
6840,42.0367,77.9924,8.24547,3462.02,1.85534,9.60852
8433,51.2495,81.368,8.96844,3437.03,1.58768,10.3943
5729,37.8926,61.8108,6.956,3442.28,1.63121,8.28765
6611,34.6179,133.031,11.9026,3537.2,3.84285,14.626
4116,32.4385,146.299,12.3309,3554.89,4.51006,14.2036
5632,32.6491,108.93,13.8827,3522,3.3364,16.3658
9737,26.2346,105.013,12.5157,3541.54,4.00282,15.941
1158,31.9244,118.902,12.8439,3533.91,3.72447,14.697
657,34.4942,82.925,8.32465,3487.26,2.40402,9.91545
6008,50.8649,92.2267,9.61464,3459.12,1.81317,11.2746
4093,35.6915,116.848,12.254,3519.97,3.27382,13.9096
2522,33.1734,113.743,11.3895,3524.99,3.42873,13.4279
8414,27.333,87.2479,12.3901,3516.94,3.19204,15.0235
3785,38.3615,136.226,11.4856,3528.95,3.55112,13.5842
2978,42.2196,71.9577,7.31791,3450.21,1.70437,8.69989
9304,43.0541,106.29,11.6676,3490.19,2.46875,13.6017
3152,37.1329,126.416,10.8141,3524.2,3.40442,12.8637
2129,37.8188,93.6843,9.70084,3490.5,2.47719,12.2385
5030,35.7195,66.4937,7.83525,3462.41,1.86155,9.77645
2680,38.9897,83.0637,8.7511,3475.65,2.1304,9.65751
199,37.0714,117.273,11.2457,3515.88,3.16342,11.9574
9958,34.2329,137.106,13.863,3541.6,4.00509,15.0622
8205,28.8364,104.681,12.9703,3531.29,3.63017,14.7465
628,41.4844,124.029,11.8546,3509.44,2.98979,13.3706
3835,37.5051,138.012,12.1809,3532.67,3.67981,15.1708
4808,32.638,139.924,15.8649,3548.95,4.28715,17.6443
8506,38.3261,104.485,12.039,3499.69,2.72621,14.0434
6444,34.2472,126.402,12.4294,3532.98,3.69088,14.4185
8127,34.9583,126.223,13.7362,3530.75,3.61066,14.2911
691,35.1169,133.14,12.3938,3535.77,3.79135,14.5411
9116,38.4927,86.8756,11.1186,3480.48,2.25693,13.8704
1187,45.0283,126.59,12.5067,3502.84,2.81133,14.2772
7731,47.7614,91.5369,8.2652,3465.94,1.91655,9.46532
460,37.6424,72.516,7.68749,3466.58,1.92644,8.91896
1488,34.6604,120.661,12.1082,3526.68,3.48124,13.7368
4780,41.1571,104.955,11.931,3493.19,2.5501,13.2927
1847,45.1664,72.6625,6.47448,3439.79,1.60877,7.88887
6768,38.25,98.7849,12.3547,3494.39,2.58261,14.2564
1029,43.4887,78.2647,9.28668,3458.01,1.79966,10.3835
9829,40.78,110.682,11.3458,3499.25,2.71413,13.6822
8424,38.18,94.0449,7.90829,3489.98,2.4632,9.14607
8442,45.3945,128.537,10.97,3503.59,2.83156,13.5728
9208,34.6405,97.1304,10.6289,3502.57,2.80395,12.297
1576,31.4473,118.106,12.4446,3534.78,3.75569,14.2234
491,41.6001,106.187,11.0546,3493.28,2.55256,12.783
4779,46.9232,81.8577,8.1804,3453.5,1.7445,9.14331
1154,35.4878,85.2156,8.23348,3487.13,2.40126,10.0998
4591,36.6356,123.06,12.2559,3522.73,3.35903,14.9278
9804,41.0885,86.7846,10.3718,3474.96,2.11214,12.4361
1761,43.4144,104.157,9.1654,3487.03,2.39913,10.792
9376,33.4635,105.157,12.677,3515.1,3.14244,14.6727
8184,44.4023,101.49,9.79006,3481.81,2.2857,11.6169
4317,43.1518,115.123,11.536,3497.54,2.66787,13.5109
5261,32.771,124.132,13.3102,3535.67,3.78787,14.3208
1069,30.8442,116.62,12.4917,3535.48,3.78095,14.3701
6050,35.9511,104.562,12.3207,3506.44,2.90845,13.7855
7119,37.4761,126.541,13.9815,3523.3,3.37657,16.3765
4097,28.6527,100.987,12.7025,3528.08,3.52452,14.6938
5760,48.997,73.1391,6.82702,3424.72,1.49273,8.6547
1366,39.2575,93.6666,9.57862,3486.42,2.38596,10.5101
7380,42.363,82.5637,8.75476,3468.02,1.94896,9.74806
2119,45.4457,111.697,12.1778,3489.73,2.45781,14.1058
4338,39.4098,145.307,15.4266,3532.87,3.68708,18.0606
2957,32.9228,115.359,11.2093,3527.42,3.50392,14.3315
4534,34.0116,110.547,11.9039,3519.1,3.25028,14.1475
2607,43.6552,70.2126,8.73696,3439.74,1.60835,9.01147
7051,37.9178,121.06,11.9826,3516.96,3.19268,13.7029
915,39.7158,71.5268,7.8723,3458.12,1.80097,8.86823
7958,46.8532,72.0413,6.92741,3430.48,1.5376,8.19217
3581,43.3397,133.873,11.9621,3513.12,3.08893,14.4985
9899,30.3705,110.672,12.7106,3531.68,3.64407,14.6143
7238,34.5993,123.621,11.9744,3529.65,3.57292,14.6625
4978,39.2876,83.4449,8.67266,3475.4,2.12395,10.1467
1089,36.4811,139.451,12.391,3536.63,3.82256,14.4866
2220,40.4858,120.365,12.1205,3508.82,2.97301,13.8748
9460,36.4724,135.179,12.4331,3533.41,3.70633,13.9362
8143,35.5567,111.172,12.7979,3514.51,3.12662,14.6722
4989,32.3806,109.492,11.8703,3523.45,3.3814,14.143
8670,33.6122,91.862,12.1302,3499.94,2.733,14.4587
3153,35.2022,135.356,13.2183,3537.26,3.84511,14.1746
7671,36.6978,157.636,12.6789,3549.17,4.29553,14.8455
8888,27.8956,117.103,12.4869,3546.63,4.1979,14.3939
2768,26.8514,103.344,13.6474,3537.36,3.84872,16.1078
450,40.5115,142.235,12.2476,3527.65,3.51099,13.805
3453,34.7004,118.341,12.1899,3524.39,3.41038,14.1397
6565,35.1795,128.834,11.6691,3532.18,3.6622,14.1927
3688,37.1372,128.376,11.9277,3525.89,3.45681,14.3712
8272,36.4944,134.793,12.6062,3533.05,3.69351,14.2265
2020,40.1389,90.7298,9.42466,3480.64,2.2604,10.1516
2284,44.0808,91.5941,9.9158,3473.68,2.07787,11.4275
3953,36.9371,145.113,13.4035,3539.58,3.92865,14.0981
25,35.4104,104.911,10.9352,3508.44,2.9627,12.7002
5612,39.36,116.375,11.7141,3508.22,2.95668,13.3995
9431,42.6781,119.043,10.2509,3502.03,2.78932,11.0787
7296,32.7457,128.662,14.1693,3539.59,3.92913,15.3646
1495,39.4757,144.671,13.6209,3532.25,3.66481,15.8596
2254,33.0595,106.462,11.8864,3517.99,3.22032,14.3908
7972,36.055,133.532,12.2821,3533.33,3.70357,14.5175
5589,33.6664,81.2522,8.18433,3487.69,2.41345,9.75676
5636,46.4757,74.6846,7.73376,3439.56,1.60696,9.26709
7604,33.4384,138.567,11.2113,3545.22,4.14395,13.6545
8287,32.207,86.7374,10.0161,3498.47,2.69312,12.1972
6746,37.0395,124.728,12.8243,3523,3.36745,14.2613
9490,40.5159,135.706,13.0815,3522.42,3.34947,15.0889
8077,39.7232,147.519,12.471,3533.61,3.71368,14.519
3457,45.4928,78.6488,7.56878,3452.22,1.72882,8.69746
624,38.288,109.963,10.481,3505.09,2.872,12.8591
151,41.4872,114.896,12.311,3501.29,2.76943,12.5989
1504,34.3945,148.138,14.6479,3549.47,4.30704,16.4666
3831,35.1991,97.7263,10.6454,3501.55,2.77639,12.5518
872,38.4732,112.386,10.9894,3506.91,2.92114,12.974
2004,41.2058,145.108,11.4529,3527.99,3.52154,13.5299
6296,28.5469,81.5468,9.88113,3504.52,2.85659,11.9788
6910,38.9113,100.121,11.948,3494.04,2.57305,13.4751
1230,37.6362,111.94,11.9778,3508.87,2.97427,14.0013
8545,30.8599,93.0322,11.7236,3510.37,3.01466,14.4064
4402,34.2211,128.483,11.3226,3534.74,3.75449,14.0393
8206,33.2707,103.019,11.0082,3513.39,3.0964,13.6192
5046,37.7306,143.785,13.7656,3536.31,3.81083,14.9274
9294,39.7742,147.796,14.6374,3533.67,3.71588,15.8193
1232,42.3325,131.608,11.8255,3513.86,3.10891,13.878
3177,34.3086,136.704,12.8272,3541.06,3.98454,14.8164
1894,36.8658,117.611,12.2161,3516.87,3.19024,13.6036
4896,37.3134,71.7194,10.0913,3466.3,1.92208,11.5813
395,39.0438,108.14,11.3349,3501.3,2.76971,13.2421
8644,40.0453,94.9324,10.7975,3485.72,2.37063,13.454
9284,31.5007,96.6488,10.8416,3512.35,3.06814,12.0046
8031,43.7026,68.5586,6.97284,3434.56,1.56875,8.1882
7845,41.9306,142.13,12.6087,3523.72,3.38964,14.3528
6780,30.1925,100.879,12.3601,3522.15,3.3412,14.9355
6226,36.2299,117.471,11.9451,3518.81,3.24239,13.7694
3664,39.0378,107.999,10.2733,3501.18,2.76653,11.6482
2573,32.5897,96.9487,10.9053,3508.89,2.97483,12.9941
5328,38.8394,143.397,13.0936,3533.01,3.69206,14.8213
4075,38.7685,81.5035,10.5083,3474.59,2.10231,12.1673
9178,44.8704,101.905,10.9069,3481.13,2.27109,12.6229
9916,35.601,80.8517,8.11093,3481.13,2.27105,9.95658
229,41.3781,93.1722,10.4544,3480.24,2.25172,12.1058
4133,37.5886,111.81,11.53,3508.88,2.97458,13.5757
7412,42.1206,95.3615,11.8378,3480.81,2.26401,13.2859
6287,29.4971,96.3997,11.8361,3519.76,3.2681,14.514
5163,30.8979,69.0164,8.92284,3479.52,2.2337,10.0146
2062,34.5459,100.989,10.1076,3506.99,2.92334,11.8465
686,31.8279,100.145,11.8284,3515.25,3.14644,14.7348
6736,30.6915,77.4089,8.97202,3492.16,2.52216,11.1305
2895,36.174,123.882,10.9257,3524.85,3.4246,12.9344
9770,38.0183,106.149,10.3422,3502.13,2.79206,11.6265
2500,36.066,109.459,13.2933,3511.12,3.03496,14.7392
3159,35.258,107.339,10.4253,3511.47,3.04439,11.8132
1615,43.9875,70.4466,8.86973,3438.84,1.60151,10.5195
3014,36.9234,136.744,12.7347,3533.33,3.70345,14.0039
1340,39.518,125.508,11.0844,3516.34,3.17598,14.2163
6250,37.3605,153.741,11.7925,3544.47,4.11508,14.241
2545,34.0427,144.641,13.1272,3547.96,4.24883,14.461
8902,38.1886,120.488,12.5753,3515.57,3.15507,13.9262
401,34.0768,103.975,11.8072,3511.72,3.05119,14.1564
9258,30.7302,118.595,12.4686,3537.65,3.85925,14.866
194,38.4111,135.277,12.6437,3528,3.52183,14.5285
6216,35.0056,126.336,12.2299,3530.7,3.60903,14.7666
1954,37.1784,84.6762,10.5945,3481.43,2.27756,12.2093
1553,31.0463,138.772,14.1685,3553.81,4.46984,15.1402
2289,42.9396,83.3709,7.55921,3467.55,1.94159,8.65958
4384,31.9627,111.831,11.7256,3527.25,3.4988,14.1706
3580,35.2813,145.217,13.7218,3544.49,4.11598,14.1529
7083,31.4114,121.193,12.9698,3537.62,3.85824,14.9566
7705,31.6132,99.568,10.3677,3515.37,3.14957,12.6954
7554,31.7963,91.418,9.9709,3505.2,2.87512,11.7426
6341,40.2092,117.786,11.2324,3507.21,2.92932,13.5086
9351,33.1467,119.457,12.2293,3530.56,3.6039,15.1041
2402,39.0784,107.203,9.96038,3500.32,2.74329,11.9386
1832,38.5242,165.592,13.198,3549.25,4.2984,14.6213
5899,37.0254,97.633,11.806,3496.4,2.63692,14.0459
4990,39.6449,111.276,12.2647,3502.68,2.80681,13.8819
3936,34.1812,147.6,13.3127,3549.76,4.31817,15.841
1011,39.5396,124.702,11.0504,3515.52,3.15384,13.1334
3122,36.1133,118.725,13.9667,3520.42,3.28757,14.4651
7852,41.5836,121.702,11.1147,3507.11,2.92668,13.1895
5056,36.4643,126.028,11.1425,3525.87,3.45621,13.1556
9230,32.2459,89.7428,9.78737,3501.8,2.78307,11.5907
5796,45.0992,76.3222,7.86859,3448.97,1.69232,8.3356
782,41.319,105.807,10.8179,3493.59,2.56073,11.9682
5098,35.8878,98.6595,9.45608,3500.54,2.74911,11.1567
5666,46.6228,90.5805,8.05642,3467.63,1.94284,9.73107
9279,36.8521,137.854,12.07,3534.36,3.74074,14.6584
5310,34.1306,94.4927,9.36007,3501.26,2.76856,11.3729
7072,39.9403,98.7988,11.1704,3490.37,2.47366,11.6125
2777,38.06,139.812,12.6542,3532.49,3.67346,14.3117
4092,33.6362,62.2766,7.31978,3461.77,1.85147,9.06069
3616,32.1814,94.2153,11.0287,3507.15,2.92763,13.9034
6465,34.9182,132.481,12.2453,3535.84,3.79405,14.7798
4908,47.9157,114.982,12.4982,3487.05,2.39966,14.3307
9324,50.1224,107.008,11.6146,3475.82,2.13494,14.1535
1153,41.6133,106.175,10.1542,3493.24,2.55147,12.6276
9831,45.9526,70.6083,6.63423,3430.35,1.53655,7.576
5908,42.2625,148.63,13.2511,3527.84,3.51683,14.2075
3079,48.472,94.7457,8.63488,3468.39,1.95465,9.79705
6282,35.0132,144.099,13.676,3544.48,4.11558,14.861
7288,42.2351,102.95,10.5113,3488.8,2.43756,11.0742
8941,47.635,132.421,11.0801,3501.68,2.77991,12.6753
5207,41.3798,73.3612,8.51309,3455.82,1.77287,9.25448
3427,33.9489,133.517,11.8375,3539.7,3.93289,14.4092
8409,42.2034,119.772,9.4149,3503.83,2.83798,10.8004
2996,39.5462,132.476,11.7977,3522.43,3.3499,13.7614
9900,37.7775,151.983,12.5575,3542.07,4.0231,14.3383
9393,36.4411,157.338,13.841,3549.75,4.31759,15.6909
2824,37.4784,102.934,10.0838,3500.44,2.74648,12.2312
6898,42.0405,77.3631,7.90136,3461.04,1.8402,9.43067
3372,37.4759,105.781,12.953,3503.26,2.82263,14.8996
9586,37.5084,104.903,13.5236,3502.3,2.79678,15.0577
5002,35.4377,125.094,13.276,3528.26,3.52998,14.9952
9650,36.5414,120.429,12.2673,3520.68,3.29568,14.4962
8038,32.9826,98.9295,11.3013,3509.8,2.99944,12.7289
1640,34.6494,132.136,11.4074,3536.38,3.81352,13.3035
9463,32.2044,102.565,11.5484,3516.67,3.18482,14.9256
3648,35.2291,122.719,13.5537,3526.76,3.48347,15.3131
6973,37.7502,170.026,13.4637,3554.72,4.50397,14.8381
7940,40.7225,108.983,11.75,3497.85,2.67624,14.4152
4350,34.6854,136.741,12.5014,3539.96,3.94232,14.4363
6421,0,0,0,3166.59,0,0
6741,35.2517,160.312,12.909,3555.89,4.54765,14.5977
8701,30.9655,120.493,12.1876,3538.54,3.89121,14.8242
9635,38.3207,153.048,12.357,3541.31,3.99388,14.1092
9830,29.3999,126.418,13.4455,3549.29,4.29994,15.8901
4831,34.0276,105.503,10.7301,3513.55,3.10052,13.3002
4389,31.7964,70.5713,8.70382,3478.99,2.21948,10.4195
50,46.2984,99.0052,10.9327,3475.95,2.13842,13.3838
2554,41.9916,132.997,12.5705,3516.02,3.16723,14.3562
5594,33.9985,154.446,13.0205,3555.76,4.54273,15.0863
5223,34.5388,106.589,11.6686,3513.01,3.08607,13.5943
5711,36.9462,105.425,10.1918,3504.4,2.85347,11.5032
2425,28.2696,108.959,13.2163,3537.51,3.85428,15.7219
371,30.6806,82.2347,9.20594,3498,2.68034,10.5032
2072,38.5608,117.261,10.4418,3511.34,3.04095,13.3713
7951,43.8678,98.7663,11.3466,3480.23,2.25145,13.03
3482,49.0013,91.3826,10.3486,3462.63,1.8649,12.6361
8372,35.1993,93.364,11.7449,3496.97,2.65244,14.6445
5172,37.8654,115.173,13.2165,3511.37,3.04163,14.6567
275,39.501,142.979,12.0844,3531,3.61962,14.2255
230,42.9826,87.1809,8.7413,3471.82,2.02828,10.1017
2528,44.206,69.6341,7.44221,3435.4,1.57522,9.14988
6117,35.931,101.068,10.1644,3502.9,2.81285,12.1631
208,33.3535,119.366,13.194,3529.84,3.57882,14.6741
2122,38.3258,67.636,6.48398,3455.16,1.76477,7.82551
5350,41.3454,104.138,11.0943,3492.04,2.51873,14.3786
9506,40.6809,115.139,11.9379,3503.54,2.8303,14.2503
584,46.625,71.2247,7.42664,3429.19,1.52761,8.72138
3556,39.1865,76.5252,9.24657,3468.27,1.95285,11.1548
7178,39.0397,117.26,11.9856,3509.96,3.00362,14.6465
8789,39.0647,97.0681,9.98309,3490.78,2.4848,12.0109
1275,35.2661,133.132,12.5146,3535.31,3.77508,14.6581
9327,37.2519,122.713,12.7943,3520.63,3.29415,14.401
4738,39.4676,125.416,11.8935,3516.41,3.17771,13.8338
135,32.7851,117.561,13.3485,3530.06,3.58581,14.79
8668,32.5253,124.076,12.5508,3536.42,3.81475,14.6479
3291,43.5497,71.5405,7.59066,3443.54,1.64273,8.35655
8882,36.2931,94.7228,10.0648,3495.4,2.60994,11.4592
5327,42.8747,167.188,12.7715,3538.77,3.89946,14.4976
6596,48.5584,65.8393,7.5511,3407.9,1.35588,8.60999
9922,36.5536,162.527,13.4022,3553.18,4.44627,15.3815
4906,33.1188,122.321,12.8925,3533.05,3.6934,14.9452
6422,33.7058,85.8237,9.63371,3493.05,2.54626,11.3756
978,32.4896,124.079,12.7724,3536.54,3.81903,15.0777
5654,36.6369,116.934,10.5399,3516.93,3.1917,11.9467
4078,30.3759,105.23,13.4939,3526.13,3.46425,15.3511
926,44.3592,70.5519,8.04507,3437.4,1.59047,8.80257
7081,38.6874,141.443,12.5492,3532.01,3.65606,14.5986
5106,35.6146,111.69,12.0862,3514.87,3.13608,14.3297
4375,38.8326,122.317,11.667,3515.38,3.14986,13.8879
4304,35.0923,109.792,11.5172,3514.59,3.12866,13.7184
4544,0,0,0,3166.59,0,0
8731,35.8308,122.883,13.1716,3525.01,3.42953,15.1851
2268,46.6434,84.3262,8.31685,3458.69,1.80789,9.74424
3084,43.7144,112.178,9.49835,3493.79,2.56615,11.0045
393,42.9711,53.0347,5.74593,3389.78,1.2342,7.10659
9349,30.0105,111.393,12.1296,3533.56,3.7118,14.6586
5148,40.5274,111.156,11.6585,3500.3,2.74275,13.3817
1944,42.5006,121.404,13.2161,3504.51,2.85653,15.6173
3621,37.9717,100.078,9.76379,3496.35,2.63561,11.9994
9569,33.0513,124.573,11.8037,3535.15,3.76908,14.6193
916,34.0048,101.488,11.6914,3509.25,2.98453,13.1418
2050,40.3234,124.604,12.1141,3513.16,3.09011,14.5493
4192,48.3912,93.579,10.1238,3467.05,1.9338,11.5067
2149,46.5148,123.043,12.3028,3496.7,2.64524,14.4939
7200,33.2693,136.678,13.3771,3544.29,4.10823,15.4507
8674,37.8108,115.68,11.0399,3512.03,3.05945,12.6436
3403,36.4756,117.812,12.638,3518.34,3.22989,14.0926
46,39.3722,103.311,11.4641,3495.92,2.62396,14.533
646,37.1151,139.492,12.499,3534.85,3.75837,14.8478
9539,32.8032,104.092,11.7014,3516.24,3.17322,13.6908
2784,41.8027,146.446,16.1718,3527.4,3.50327,17.6404
4661,29.984,109.279,13.7591,3531.69,3.64458,16.1584
4107,30.144,113.816,12.433,3535.33,3.77575,15.0167
2406,36.9311,123.559,12.6625,3522.3,3.34567,14.0071
8791,36.5051,130.703,12.1479,3529.89,3.58041,14.4396
5661,31.0566,116.753,12.6291,3534.88,3.75935,14.4043
744,34.6625,101.904,11.9679,3507.6,2.93989,13.0747
608,43.6777,106.554,9.58554,3488.89,2.43955,11.8779
4070,38.3388,119.211,11.257,3513.88,3.10941,13.1663
8389,34.3926,118.225,11.858,3525.27,3.43752,14.6613
6012,36.4699,128.199,13.2866,3527.78,3.5152,14.9629
9259,39.3208,92.5752,11.0413,3484.97,2.35436,13.0949
957,28.5523,148.823,14.5217,3574.81,5.21228,16.6941
7798,38.4732,97.7147,9.02343,3492.81,2.53981,10.7291
9211,42.4183,109.51,9.25571,3494.36,2.58168,10.2692
8212,40.6795,110.185,10.7473,3499.04,2.70861,12.1657
8393,31.1322,108.522,13.0658,3526.83,3.48583,15.4821
1349,44.9739,88.3547,10.8308,3469.02,1.96458,12.8645
5700,39.7895,103.057,13.1828,3494.67,2.59006,14.4359
726,34.3214,90.75,9.76942,3496.66,2.64413,11.7919
7147,40.4019,112.425,12.1178,3501.78,2.78266,14.2286
9851,42.3837,65.4904,7.12892,3431.47,1.54518,7.73879
6135,33.2076,123.547,11.9849,3533.8,3.72044,14.1243
5547,40.3513,154.269,11.412,3536.65,3.82314,12.9246
4356,37.404,133.988,11.8063,3529.95,3.58219,14.3367
2359,35.3463,136.877,14.1964,3538.02,3.87246,15.3273
3841,34.3965,101.595,11.1174,3508.11,2.95363,12.9412
6846,32.8696,119.373,13.8423,3531.33,3.63172,14.8733
7672,27.9647,114.517,12.5093,3543.95,4.09507,15.2705
7628,38.5183,129.316,11.4202,3522.67,3.35726,13.1462
1651,36.8036,150.493,12.8409,3543.79,4.08909,15.1347
8382,42.2399,64.3788,6.93613,3428.75,1.52412,7.64361
4302,49.1385,108.202,9.55283,3478.33,2.20198,11.32
9381,37.7222,85.1616,8.79841,3480.51,2.2576,9.80296
582,31.2014,123.246,12.3929,3540.16,3.95002,13.8226
7350,35.3429,82.0235,9.44462,3483.42,2.32079,11.0257
4696,36.5195,94.7622,9.99527,3494.84,2.59484,11.2869
3592,38.7839,120.208,12.1541,3513.51,3.09942,14.2678
6828,39.631,142.381,12.8176,3530.25,3.59267,13.8115
3613,33.8152,132.627,14.3186,3539.4,3.92211,17.0176
5545,45.361,85.3234,8.85696,3463.66,1.88099,10.2285
9939,37.6814,106.074,10.9139,3502.98,2.81501,11.9977
340,42.8966,76.7915,6.95122,3457.24,1.79016,7.85502
8821,38.1356,108.299,12.7785,3503.9,2.83984,14.8862
256,39.4355,128.479,11.879,3519.38,3.25795,13.4388
8320,35.3627,123.684,12.3762,3527.21,3.49758,14.1504
2858,44.1833,132.558,11.9914,3509.83,3.00019,13.4707
4881,32.9865,122.087,13.2585,3533.26,3.70111,15.1533
7411,43.8936,155.018,11.5641,3528.32,3.53167,13.2502
4945,30.7939,146.335,14.5778,3561.39,4.75208,17.3856
6224,35.37,115.743,12.8365,3519.92,3.27235,14.2311
7734,43.6377,106.316,11.5772,3488.74,2.43633,14.1124
2114,0,0,0,3166.59,0,0
1555,43.3238,113.958,11.4416,3496.16,2.63038,13.295
6079,26.217,127.296,14.0615,3564.23,4.85549,16.3744
6328,39.2801,189.59,13.1591,3563.44,4.82661,15.7952
4347,46.7341,86.1372,9.27695,3461.23,1.84314,10.271
907,40.3051,130.233,12.5013,3518.39,3.23118,15.153
5854,32.674,118.3,12.2611,3531.03,3.62062,15.2966
6167,30.0801,100.773,11.0408,3522.44,3.35016,14.0448
8366,33.748,116.644,13.547,3525.88,3.45632,14.7516
3670,30.2204,144.457,13.3584,3562.16,4.78011,15.0617
7159,37.9215,126.581,13.1431,3522.05,3.33799,14.0797
8517,42.3973,116.829,11.9752,3500.78,2.75556,15.2079
9714,38.0897,126.678,12.4314,3521.65,3.32579,14.5725
9783,31.2627,105.543,12.579,3523.28,3.376,14.1689
2685,37.7857,88.2045,9.45837,3484.05,2.33433,10.7463
5032,48.0283,128.649,14.045,3497.94,2.6786,15.4149
9684,42.4842,66.8177,7.06219,3435.08,1.57277,8.22845
8503,43.9062,75.0683,8.6205,3450.65,1.70974,9.53448
789,41.895,51.1567,5.51547,3387.7,1.22107,6.36203
8091,35.6469,123.052,11.6817,3525.74,3.45198,13.5866
550,34.6996,110.301,12.7536,3516.45,3.17872,14.7913
5901,39.5249,132.864,12.8538,3522.81,3.36153,14.7084
1365,39.453,77.169,8.85487,3468.47,1.95598,9.97238
7469,39.583,115.239,13.0294,3506.54,2.91133,14.2809
268,36.026,118.426,12.0917,3520.41,3.28723,14.8093
1501,37.9662,121.981,12.9745,3517.71,3.21289,14.8403
527,37.2874,147.174,13.5532,3540.08,3.94701,14.1244
4152,33.8027,103.546,10.8024,3512.17,3.06325,12.7126
4671,27.3598,121.715,14.2909,3553.25,4.44869,16.2888
3092,30.5944,154.143,16.1496,3569.25,5.03828,18.4774
1589,42.3772,144.646,13.4476,3524.49,3.4133,14.5052
3321,38.7297,95.8575,10.1127,3490.42,2.47504,11.4505
1413,41.5051,135.583,13.0511,3519.7,3.26665,14.1897
7395,35.2651,142.463,14.3046,3542.5,4.03977,16.2609
651,37.6304,86.4247,9.2906,3482.31,2.29667,11.8728
6374,38.9001,99.6609,10.0594,3493.63,2.56197,12.3568
1958,33.9266,131.455,12.6094,3538.08,3.87468,15.2286
5484,35.901,100.409,11.3144,3502.31,2.79683,12.8237
309,35.0691,126.637,12.2396,3530.76,3.61107,14.8224
2987,32.2772,126.794,13.6537,3539.57,3.92829,15.4796
5475,32.3785,112.284,13.2999,3526.25,3.46786,15.7693
4372,33.7553,101.663,10.7525,3510.26,3.01176,12.6643
9281,37.4801,112.563,12.5307,3509.94,3.00327,14.4956
1460,38.3086,119.983,11.0777,3514.71,3.132,12.9771
7874,35.454,82.0679,9.30185,3483.14,2.31477,10.5574
8432,47.9377,90.0123,8.85032,3463.45,1.87769,10.4784
8437,37.816,160.133,14.0318,3547.58,4.23452,16.053
5615,32.0204,114.402,13.3515,3529.65,3.57279,15.3412
1397,44.919,84.9329,10.2967,3464.29,1.8908,11.6138
5892,38.7703,70.985,8.308,3460.45,1.83091,9.83512
9149,41.9084,115.21,12.0125,3500.54,2.7491,14.2764
9624,30.9531,118.558,13.8641,3536.85,3.83025,15.1335
9982,41.7197,81.147,7.19537,3467.77,1.94505,8.71044
4787,37.9144,54.5428,6.89509,3417.95,1.43858,8.61476
8898,38.7932,129.135,12.4757,3521.75,3.3288,14.48
1002,43.0073,62.6639,6.34451,3420.15,1.45705,7.83909
5410,41.8382,67.1675,9.10647,3439.35,1.60541,10.2954
9738,27.1043,101.127,13.2629,3534.09,3.73102,15.7345
7318,40.2641,90.5347,10.3187,3480.09,2.24852,11.0693
2103,33.4947,96.4188,10.3222,3505.33,2.87863,13.1544
6873,51.5627,86.5021,9.43972,3447.36,1.67761,10.1426
1401,46.635,70.1533,7.88557,3426.21,1.50431,9.35769
9354,45.5904,109.3,9.24325,3486.95,2.39744,10.4898
8524,35.7733,126.547,13.2037,3528.5,3.53747,14.8352
9911,29.5614,182.303,16.552,3634.94,6.16692,18.6151
2737,37.4641,105.736,12.1481,3503.25,2.82233,14.4202
9333,39.7124,92.357,10.0607,3483.65,2.32565,12.1924
2935,44.9255,101.147,10.1439,3480.23,2.25144,11.2553
9661,39.4309,132.225,12.1892,3522.55,3.35334,14.6948
7294,36.2751,115.226,12.9319,3516.36,3.17645,14.5876
5394,39.7613,78.2228,8.91418,3469.2,1.96731,9.89681
7550,35.1941,76.4393,8.37729,3477.2,2.17193,10.3382
5293,35.1085,98.4659,12.3952,3502.59,2.80462,14.7498
2787,39.4519,122.649,13.1625,3513.86,3.10882,14.4389
5797,29.7776,118.548,12.9628,3540.97,3.98111,15.883
9509,28.5823,134.419,13.7654,3560.04,4.70287,16.0014
3362,40.2169,127.913,11.9226,3516.51,3.18058,14.623
1547,34.3016,105.921,13.6566,3513.08,3.08793,15.2087
6326,35.7119,98.546,10.5049,3500.92,2.75947,11.6737
6589,32.3491,99.2249,11.6874,3512.32,3.06732,14.8421
2904,31.3781,125.314,12.8643,3541.3,3.99366,15.4752
1686,33.972,143.22,13.452,3547.09,4.21584,15.207
766,39.1798,111.442,12.706,3504.06,2.84436,14.2901
8528,38.785,108.581,9.90898,3502.41,2.79956,11.8866
6376,30.7348,137.394,16.8769,3553.82,4.47032,18.4039
5634,42.4572,135.532,11.9847,3516.95,3.19221,14.5432
1247,34.9019,122.646,12.8011,3527.75,3.51403,14.4962
8616,37.7019,110.197,9.72727,3506.97,2.92284,11.1304
2529,35.4217,127.52,13.5771,3530.45,3.60004,15.1001
1531,37.2453,100.882,9.53806,3499.04,2.70859,11.197
3446,40.8341,140.463,12.9501,3525.34,3.43983,14.785
2269,35.78,127.135,11.9973,3529.01,3.55325,14.0894
3810,31.79,88.0436,12.0645,3501.3,2.76954,14.6228
8198,40.262,103.067,9.18046,3493.56,2.55991,10.7815
6601,39.07,62.451,7.20326,3438.44,1.59844,8.22956
6688,39.9639,113.088,11.0861,3503.52,2.82975,13.3045
9478,36.1414,119.979,13.9474,3521.46,3.3197,15.2438
5999,40.6904,142.406,12.6963,3527.28,3.49974,15.0052
5955,37.3531,111.204,13.2562,3508.98,2.97711,15.0523
2588,33.5899,101.774,11.8215,3510.93,3.0299,13.3414
8757,41.3438,120.983,10.8334,3507.09,2.92626,12.5012
5569,35.4942,107.638,12.8452,3511.03,3.03255,14.4689
6478,36.8283,113.739,12.1522,3513.1,3.08836,13.2615
3523,37.2323,137.939,12.7119,3533.36,3.70483,14.6965
1658,36.5472,132.343,11.7307,3531.04,3.62116,13.2173
7480,32.0965,96.2472,10.2736,3509.77,2.99868,12.0782
9356,36.879,114.15,10.8472,3513.35,3.09525,12.9587
2304,39.4905,147.887,12.7305,3534.48,3.74487,14.654
190,30.5094,111.111,15.646,3531.61,3.64184,17.7105
6819,33.4181,128.229,12.4777,3537.04,3.83711,14.7319
8794,34.8583,128.587,13.1793,3532.92,3.68884,15.2238
2446,36.944,83.1498,7.40025,3480.19,2.2507,9.09016
5771,39.8199,55.0894,7.01374,3411.43,1.38346,8.22765
3432,40.0079,112.067,9.08721,3502.46,2.80111,10.4655
1024,39.5173,134.751,11.7763,3524.38,3.40993,13.5531
4117,43.1667,132.822,12.9165,3512.67,3.07695,14.8497
5140,41.0163,70.296,8.14847,3450.99,1.71386,8.43249
6316,35.3671,112.793,10.6634,3516.83,3.18922,12.4672
8498,42.0519,79.67,7.61431,3464.53,1.89457,8.7139
4434,40.6853,162.153,16.9836,3541.09,3.98554,19.4418
6131,31.3586,101.44,12.9272,3518.52,3.23482,15.6877
4139,40.8293,136.505,12.0018,3522.22,3.34331,13.8724
8561,28.3407,156.533,16.2562,3585.95,5.52327,18.4737
699,36.574,131.067,12.0556,3530,3.58361,14.7101
225,36.5918,126.009,13.2181,3525.47,3.44363,15.3258
173,27.935,106.541,12.6435,3536.39,3.8139,15.2549
7025,30.1881,106.257,12.4235,3527.93,3.51982,15.8989
6201,43.3485,134.062,13.2812,3513.26,3.09266,15.3641
7434,37.9158,123.562,12.8925,3519.41,3.25884,15.2536
3531,33.3799,157.825,15.5681,3560.74,4.72813,18.4272
7629,49.4353,93.1138,9.04891,3463.82,1.88355,10.7602
3053,37.4883,98.5335,12.6555,3496.08,2.62838,14.8022
7732,35.1913,161.033,18.3126,3556.65,4.57595,19.5159
4604,36.9026,163.528,14.6564,3552.78,4.43134,16.5871
1152,41.9007,131.328,12.2158,3514.8,3.13426,14.0058
8751,32.0202,114.245,14.4162,3529.49,3.5679,15.6167
7860,36.15,95.2258,10.0418,3496.3,2.63419,12.1439
3073,35.6598,163.292,15.5958,3556.73,4.57916,17.228
3060,32.156,119.609,13.967,3533.78,3.71965,15.3536
3576,34.0439,114.971,13.2948,3523.32,3.37715,15.3585
990,37.7765,105.008,9.27634,3501.67,2.77972,10.933
269,37.0226,163.626,15.2432,3552.47,4.41963,16.8183
5709,31.2359,105.515,13.805,3523.34,3.37802,15.7643
5833,37.9403,114.897,12.1696,3510.87,3.02835,14.2774
9387,37.9237,134.399,14.8766,3528.71,3.54394,17.1701
3212,30.7544,82.1859,9.85366,3497.7,2.67233,11.8722
3727,33.1127,133.543,13.4439,3542.33,4.03299,15.4473
5425,38.7376,87.2143,7.95422,3480.23,2.25141,9.66617
6706,42.5171,112.902,10.6345,3497.08,2.65546,12.7647
3455,0,0,0,3166.59,0,0
289,40.4999,122.026,10.6842,3510.3,3.013,11.7461
6087,41.8659,118.067,10.9178,3503.17,2.82012,12.9556
207,41.9554,151.117,13.4662,3530.5,3.60185,16.0311
9180,34.3547,76.112,9.10902,3478.84,2.21548,10.3796
6786,36.4818,111.955,11.3333,3512.37,3.0688,13.0841
5977,37.4013,128.174,13.1328,3524.93,3.427,15.1942
9921,34.5731,136.192,12.9298,3539.87,3.93925,14.76
9835,27.4383,118.056,13.2144,3549.36,4.3026,16.1598
4412,33.3933,132.522,13.6152,3540.65,3.96853,15.6207
2173,41.8203,102.842,11.6813,3489.8,2.45915,13.841
5144,38.3474,137.123,13.1116,3529.74,3.57582,15.2384
3932,44.6923,80.4144,8.72939,3457.98,1.79929,10.2629
6477,39.0401,145.667,14.3744,3534.1,3.73121,15.2403
313,39.5754,102.592,12.1531,3494.75,2.59233,14.1548
7207,34.3689,88.1868,9.3284,3493.78,2.56589,11.3203
2357,37.4741,116.287,11.5954,3513.64,3.10314,14.5858
2826,29.7709,106.283,13.2339,3529.56,3.57002,15.5166
9238,36.0327,82.7753,9.85686,3482.34,2.29723,11.8327
7201,45.2122,85.5437,9.53431,3464.37,1.89205,10.4685
2325,33.8228,142.053,17.7775,3546.68,4.19993,19.737
6823,38.5272,129.185,12.7626,3522.54,3.35308,15.1361
5578,31.6668,106.909,13.0572,3523.28,3.37607,14.9332
989,37.1903,121.424,12.2206,3519.64,3.26494,13.9092
2259,40.5735,150.641,14.174,3533.58,3.71279,15.0984
9135,46.3447,83.755,8.66319,3458.63,1.80722,10.348
7788,33.4979,126.408,13.3187,3535.27,3.7736,15.2161
2899,36.4378,105.589,10.3089,3506.04,2.89779,11.3949
177,41.6209,138.979,13.5343,3522.09,3.33916,14.8022
1221,40.0097,163.535,12.7454,3543.75,4.08739,15.578
6169,39.8997,129.865,13.0356,3519.26,3.25478,14.3258
1452,37.6045,67.78,7.616,3458.24,1.80245,8.58503
8078,34.0513,93.2009,9.59341,3500.09,2.73707,10.7429
1599,31.8842,109.815,11.4352,3525.49,3.4442,12.5301
2009,40.4331,114.092,12.4697,3503.23,2.82174,15.0806
7181,43.2679,125.904,12.6989,3506.49,2.90988,14.4576
693,36.1548,92.6481,8.64418,3493.65,2.56254,10.2699
3101,31.5125,86.338,10.9974,3500.2,2.7398,11.9598
8413,44.4195,104.331,11.255,3484.71,2.34878,13.7236
3584,45.6035,66.5372,7.403,3420.4,1.45904,8.80794
5611,41.0382,77.752,8.03626,3464.54,1.89463,9.30564
1470,33.9906,122.754,13.8966,3530.77,3.61142,14.6966
3684,33.8982,135.805,12.6439,3541.63,4.00627,15.0416
7454,43.2293,117.902,12.0366,3499.74,2.72736,14.7195
8253,40.2558,122.166,12.358,3511.11,3.03475,14.5017
634,41.4794,171.788,15.3181,3545.16,4.14153,17.3636
4344,34.3773,152.069,15.6667,3552.57,4.42352,17.403
1905,37.146,139.215,11.7688,3534.56,3.74777,14.24
802,33.0283,131.798,13.4052,3541.22,3.99047,15.1135
7114,38.1344,106.608,13.599,3502.26,2.79558,14.6711
3368,50.7674,82.5985,9.35936,3441.82,1.627,10.7397
8136,44.4809,129.859,12.4495,3506.84,2.91944,14.3681
3414,49.4139,88.3263,9.32922,3457.02,1.78748,10.0582
4444,43.2956,93.8133,8.97183,3477.01,2.16681,9.9837
141,35.263,147.201,13.7795,3546.01,4.17438,16.3372
3943,50.5776,86.8446,8.34209,3451.25,1.71706,9.44515
3324,35.8831,143.113,12.7102,3541.16,3.9883,15.403
1922,32.89,141.494,13.1791,3549.34,4.30204,15.3151
9890,39.0104,58.4908,7.17401,3425.57,1.49936,8.27496
276,38.4995,92.9734,9.54329,3487.76,2.41493,10.2511
6162,35.7204,123.893,12.5373,3526.27,3.46842,15.2846
2179,36.7781,140.205,13.0852,3536.35,3.81217,15.0907
2159,40.3759,123.279,12.6083,3511.8,3.05328,13.7227
1079,36.9832,120.547,13.7812,3519.44,3.25952,14.7244
88,46.8528,81.854,8.63572,3453.71,1.74705,10.4628
3938,31.4027,127.043,14.0194,3542.66,4.04561,16.4913
6677,38.2474,142.684,12.7441,3534.08,3.73055,14.5707
7687,30.5292,123.583,13.0371,3542.72,4.04804,14.941
6365,0,0,0,3166.59,0,0
442,30.2136,151.86,15.2193,3568.92,5.02621,17.1528
9677,37.4887,115.637,14.2266,3512.96,3.08458,14.8273
9707,41.8768,147.826,12.9693,3528.26,3.53002,14.5694
2717,41.6553,108.905,11.3645,3495.57,2.61444,13.2733
6766,35.7534,120.279,11.5446,3522.9,3.36413,13.9652
8592,37.3371,150.429,11.7162,3542.22,4.02893,14.4207
1106,31.9372,100.173,12.8884,3514.88,3.13658,14.8629
3347,39.0615,174.808,16.4002,3553.96,4.47521,16.8209
5573,45.2863,82.3515,7.7314,3459.55,1.81846,9.6257
8979,40.5358,126.026,13.5435,3513.86,3.109,15.1413
3674,37.017,100.372,11.2278,3499.15,2.71152,13.1743
1907,38.4162,76.1926,9.78708,3470.13,1.98335,11.6361
9997,36.8662,109.761,12.6744,3508.98,2.97728,15.007
3423,38.0924,104.689,9.54565,3500.51,2.74828,10.474
8020,39.7281,131.496,12.4655,3521.14,3.30989,14.7973
1753,34.1679,85.291,9.9054,3491.2,2.49623,10.4875
2722,36.635,121.958,11.4539,3521.76,3.32901,13.6528
4357,38.2652,121.247,12.3537,3516.07,3.16859,15.5398
1663,31.7553,126.263,13.2714,3540.84,3.97613,15.8906
5551,40.7801,72.028,6.90473,3455.28,1.76625,8.41147
1965,43.0203,108.573,12.2561,3492.22,2.52375,15.2048
6271,36.6304,131.594,13.2607,3530.24,3.59248,14.9869
642,37.2441,47.8564,5.90745,3397.96,1.28494,6.92433
8762,39.2519,44.4813,4.76417,3374.62,1.13323,5.40124
8536,37.3688,124.086,12.4673,3521.49,3.32059,13.9425
3894,34.5776,163.561,13.5337,3560.79,4.73024,14.9305
9906,37.0669,102.513,12.2763,3501.15,2.76563,14.0977
4283,34.2305,119.519,12.1717,3527.02,3.4916,14.8368
4711,43.8837,133.739,12.0179,3511.59,3.04758,14.1888
1953,35.4403,121.797,13.3853,3525.24,3.43667,15.0395
1185,39.1452,106.033,12.4485,3499.05,2.70871,14.4395
4551,44.8012,82.1492,9.6788,3460.62,1.83364,10.7959
67,40.5829,133.61,12.3604,3520.57,3.29228,15.1196
174,45.8511,114.784,11.9454,3491.47,2.50341,14.6026
7539,39.8916,116.511,13.751,3506.89,2.92069,15.1549
1862,33.9648,132.913,13.7897,3539.15,3.91327,15.2305
8627,36.6307,91.4244,10.4676,3491.19,2.49584,11.4016
397,36.7535,99.9274,10.6192,3499.42,2.71886,11.969
4800,48.2431,96.2909,10.4151,3470.6,1.99595,12.839
4457,35.576,119.427,12.9586,3522.66,3.35696,14.3223
9531,35.4029,141.763,12.7314,3541.58,4.00427,14.3789
7445,39.9516,121.263,12.6797,3511.13,3.03525,14.7605
6447,36.6898,129.313,13.6784,3528.08,3.52449,15.3091
2028,32.9824,97.1462,12.8506,3507.8,2.94539,15.42
5295,34.9486,99.4345,12.6975,3504.09,2.84517,15.368
9775,35.5388,126.452,12.6241,3529.17,3.55815,15.1626
8829,39.3102,122.275,12.3178,3513.92,3.11052,14.7203
4240,37.1897,103.766,13.1452,3502.06,2.79019,15.0606
5234,34.7771,68.6351,9.80614,3469.6,1.97357,11.3246
1259,36.3008,119.507,13.1041,3520.57,3.29213,15.246
9736,36.456,99.9523,11.6614,3500.27,2.74173,13.9611
823,36.6259,130.233,12.0231,3529.1,3.55578,14.4646
9937,37.1122,114.326,11.8296,3512.81,3.08056,12.6164
4337,40.7512,111.847,10.1793,3500.37,2.74464,12.2495
1704,40.8392,116.092,13.6495,3504,2.84266,15.2077
7573,37.9716,131.642,13.9782,3526.22,3.46684,15.146
3419,36.3225,160.816,12.6327,3552.68,4.42743,15.0015
2662,38.239,133.67,12.6502,3527.15,3.49564,15.3255
6103,35.7912,135.528,12.7258,3535.64,3.78663,14.3753
9617,45.3075,64.8813,5.98829,3417.18,1.43202,7.17443
1509,38.4427,89.9871,10.0636,3484.34,2.34081,11.3578
3294,43.4302,126.727,13.8049,3506.79,2.91794,16.9126
5194,33.2901,144.746,14.3655,3550.56,4.34802,16.2032
6297,31.5354,123.492,13.9763,3539.23,3.91599,15.8921
8254,36.2936,110.177,12.6206,3511.15,3.0357,13.8427
3242,35.3106,92.2941,9.94044,3495.54,2.61377,11.0283
3891,37.6123,131.093,12.7137,3526.82,3.48537,14.3719
48,41.1291,137.021,12.0171,3521.84,3.33149,15.1188
2085,38.2661,110.269,10.7105,3505.44,2.88164,12.7211
9734,42.0713,110.716,13.09,3496.2,2.63164,15.3565
7747,37.204,124.567,12.7122,3522.38,3.34821,14.0511
812,40.0752,94.2871,9.1043,3484.89,2.35276,10.5303
644,37.2064,124.358,12.2278,3522.19,3.34236,15.2593
1921,40.1714,97.7505,8.94348,3488.61,2.43333,10.8861
216,38.1584,129.246,13.6965,3523.64,3.38709,15.1956
7477,41.5618,137.466,11.9355,3521.06,3.3075,13.3514
8960,44.341,112.75,11.3543,3492.92,2.5428,12.4061
601,38.5821,127.516,12.5044,3520.98,3.30506,14.8398
5025,38.3113,202.669,17.2658,3577.36,5.29005,19.835
5306,32.8728,145.305,12.7269,3552.49,4.42023,14.9597
5073,38.0498,144.027,13.2964,3535.6,3.78521,15.1032
1253,47.5181,72.5073,8.50678,3428.97,1.52589,10.3611
4725,39.0114,107.627,13.0777,3500.9,2.75886,14.5567
8994,37.9654,116.43,12.3795,3512.3,3.06674,14.3224
4393,32.1161,105.179,12.6202,3520.01,3.27496,15.4995
2538,40.0671,101.249,11.0203,3492.34,2.527,12.9259
5515,41.1164,78.3953,9.54462,3465.31,1.90666,11.4852
3916,40.6595,101.307,10.1118,3491.03,2.49161,11.2014
2551,38.7508,138.909,13.8779,3530.03,3.58468,15.2339
9960,37.5527,179.772,17.5939,3562.36,4.78718,19.8503
8955,40.8398,117.982,10.5308,3505.71,2.8889,11.9952
2903,33.6649,86.7408,10.1928,3494.17,2.57659,12.1697
3843,33.4962,98.4647,11.8577,3507.59,2.93958,13.6937
4537,35.7184,124.403,13.3893,3526.74,3.48287,14.5072
1151,28.2214,96.4316,11.791,3524.61,3.41697,13.8414
7870,38.1339,131.685,13.0121,3525.78,3.45322,15.3097
6496,38.63,130.471,12.2213,3523.33,3.37746,14.0795
3901,41.1179,81.0243,8.14257,3469.4,1.97053,9.33315
1893,31.1006,121.423,13.1917,3538.9,3.90421,15.9
3930,37.9448,119.017,12.8942,3514.88,3.13659,14.5627
5196,34.7186,129.156,12.9176,3533.79,3.72009,14.894
8230,34.7617,114.451,11.9319,3520.58,3.29246,14.1047
8118,38.3054,95.1064,10.296,3490.71,2.48284,12.2384
8073,32.9217,131.487,12.6657,3541.31,3.99393,14.8847
5445,33.7959,98.1244,11.5355,3506.25,2.90344,13.9377
8194,32.0409,129.986,14.4611,3542.95,4.05688,16.0195
1400,36.7145,116.995,11.5518,3516.74,3.1866,14.0735
8922,42.0961,75.0055,8.15477,3456.55,1.78177,9.27534
2760,41.107,124.096,11.8901,3510.52,3.01885,14.4557
8259,32.8073,112.662,12.4144,3525.16,3.43406,15.9822
1208,37.3766,109.65,9.80462,3507.37,2.93366,12.2823
260,37.5838,122.535,12.5959,3519.47,3.26032,14.9739
8930,34.6151,113.608,11.4311,3520.24,3.28204,13.8565
9487,36.6881,103.517,11.4446,3503.22,2.82155,13.1932
2728,43.1543,126.065,12.2137,3506.91,2.92126,14.6017
1836,39.5321,124.992,11.9985,3515.82,3.16178,14.4384
7130,40.4218,186.437,15.0312,3557.62,4.61229,17.9749
1649,40.9415,76.0403,8.13365,3462.14,1.85729,9.5686
4306,39.6063,111.06,12.7182,3502.57,2.8041,14.5173
6682,34.2323,109.007,12.6923,3516.65,3.18434,15.0481
4911,38.0033,124.649,12.8704,3520.17,3.27996,14.6257
7720,38.698,106.117,12.5583,3500.28,2.74217,14.3781
3614,44.1699,127.469,13.1581,3505.6,2.88588,15.4143
1026,34.839,113.443,13.4723,3519.32,3.25621,15.4374
2775,37.3497,122.482,12.7673,3520.15,3.27933,15.4199
7640,36.5159,115.107,10.3607,3515.46,3.15224,12.1773
9448,40.6299,63.6661,7.59173,3434.33,1.56698,8.99835
2788,38.9046,141.122,12.6464,3531.21,3.6274,13.2083
1597,41.9771,141.225,13.4622,3522.9,3.36433,15.4442
2683,45.7661,77.2928,7.66801,3448.59,1.68887,9.10504
3549,37.0909,125.942,12.8074,3523.91,3.3955,14.6195
2692,31.9849,86.1982,10.313,3498.54,2.69497,12.4494
8597,37.1761,105.048,10.6044,3503.37,2.8257,12.69
9782,41.8598,69.3639,7.86411,3445.11,1.65705,8.64356
7228,35.2971,164.606,13.1072,3558.99,4.66346,15.0868
6451,41.1785,133.768,12.795,3519.03,3.24851,14.0812
200,37.1531,213.325,19.1639,3596.49,5.74178,20.2537
7622,38.8385,143.225,12.9442,3532.89,3.6877,14.6247
15,45.082,98.6748,12.0975,3477.84,2.18878,14.8311
4332,35.8305,111.923,13.2421,3514.41,3.12368,15.4076
6298,35.011,116.935,13.1074,3522.11,3.33993,15.3687
5704,44.4363,92.5039,10.2134,3473.82,2.08172,11.5936
327,40.7235,142.791,13.5504,3527.5,3.50634,14.9883
9217,38.6498,128.294,13.1346,3521.45,3.31939,15.281
4634,44.3879,78.9298,8.9521,3456.26,1.77818,10.158
5259,41.7603,128.469,14.1066,3512.65,3.07635,14.9737
7049,40.8474,88.8646,10.28,3477.34,2.17553,11.3097
6046,36.9702,129.586,13.6251,3527.46,3.50515,15.908
5010,39.0217,141.269,13.8537,3531.02,3.62027,15.9253
6472,36.2506,117.609,13.72,3518.88,3.24434,15.6879
137,36.4175,80.6909,8.07571,3478.85,2.21572,10.0008
129,41.0884,69.8435,7.63456,3449.79,1.69984,8.82028
6343,40.1611,113.956,12.7678,3503.81,2.83746,14.6971
1550,38.1591,104.321,10.7114,3499.98,2.73384,12.6428
6708,36.3145,212.184,16.6272,3603.41,5.84294,19.206
3025,47.4036,76.073,8.29054,3439.27,1.60479,9.67873
764,37.6953,157.832,12.9484,3546.34,4.18705,15.0435
3993,39.2423,108.533,11.69,3501.15,2.76572,12.3944
847,33.4731,136.896,12.7048,3543.81,4.08973,14.8469
5241,40.4399,80.8999,8.27493,3470.78,2.0005,9.49584
8876,40.2126,137.858,12.6972,3524.97,3.42824,14.8983
6108,41.7034,155.765,13.3129,3534.2,3.73506,14.7853
7123,36.6413,168.507,15.8861,3557.26,4.59882,20.1886
9278,41.1354,226.206,18.1832,3585.01,5.49906,20.5391
3853,31.1817,172.723,16.2035,3586.57,5.53926,17.4078
6198,39.1147,97.9378,12.2954,3491.49,2.50386,15.1007
10,35.6295,132.45,12.2924,3533.71,3.71742,13.997
2982,38.3926,194.227,17.6833,3569.82,5.05897,20.4491
4163,39.1061,118.315,14.0321,3510.77,3.0255,14.7552
7632,39.8402,136.161,13.4585,3524.63,3.41768,15.3035
4877,32.5893,87.3215,10.2506,3497.97,2.67945,12.2065
6490,43.0971,121.036,11.9873,3502.74,2.80845,14.8818
8033,54.4967,90.9565,8.79248,3446.42,1.66903,10.0205
4998,38.481,120.206,11.7033,3514.41,3.12378,14.8046
1839,30.0059,135.702,14.5515,3555.22,4.5225,16.3776
2408,36.3932,141.318,11.4796,3538.31,3.88309,13.3008
2223,40.2056,114.264,12.1981,3503.98,2.842,14.4561
2382,46.8253,136.542,11.9366,3506.71,2.91599,13.9147
5930,48.5319,76.4596,8.51139,3435.43,1.57545,10.6687
6333,39.4955,118.423,13.1317,3509.76,2.9984,15.0074
7311,37.0244,121.219,13.1267,3519.98,3.27404,14.7545
8722,32.8084,120.252,13.1387,3532.27,3.66529,15.952
2024,43.4338,81.1448,8.82386,3462.84,1.86824,10.1826
423,42.3801,121.737,12.2728,3505.11,2.8725,14.0572
9836,41.3737,140.78,12.5653,3524.14,3.40265,14.5576
2620,39.718,104.557,11.564,3496.23,2.63248,12.7297
402,40.7137,118.866,12.8498,3506.85,2.91955,14.7778
7862,39.396,116.73,12.5857,3508.45,2.96299,14.8378
9665,37.4093,165.403,14.2911,3552.52,4.42143,15.614
8380,35.0267,131.738,12.4409,3534.93,3.76107,15.1341
5112,34.0824,104.365,11.0088,3512.12,3.06212,13.1214
102,37.8329,105.185,9.69194,3501.69,2.78025,11.8912
1270,35.3972,96.2761,11.3019,3499.46,2.71988,12.8923
7429,36.7286,157.402,15.9468,3548.91,4.28555,17.8118
2229,34.3612,139.168,11.6153,3542.77,4.05017,15.0112
8124,30.8745,170.075,16.8805,3585.38,5.50859,17.4544
6860,38.9408,164.47,14.4856,3547.3,4.22358,14.759
2258,41.4255,135.157,12.2569,3519.56,3.26265,15.1587
1445,40.711,90.7105,12.5035,3479.31,2.22815,14.2744
4485,38.1116,82.2252,9.5526,3476.66,2.15749,10.7974
59,33.626,141.959,13.3542,3547.25,4.22169,15.7427
4244,0,0,0,3166.59,0,0
8820,35.4216,119.6,12.7491,3523.3,3.37649,15.3326
126,40.0993,127.363,13.1991,3516.35,3.17619,14.3774
9157,34.2229,138.933,13.687,3543.02,4.05964,16.0123
8603,33.2332,141.155,13.0383,3547.92,4.24741,15.9424
8401,45.2564,74.5393,8.14825,3444.01,1.64705,9.154
6452,44.8511,112.013,12.01,3491.25,2.49744,12.966
3959,44.4369,81.6742,8.11084,3460.9,1.83798,10.1153
497,38.711,117.005,10.8891,3510.66,3.02253,12.7416
7487,39.5866,121.047,13.9421,3511.96,3.05777,15.3058
7340,38.8883,123.257,13.6637,3516.1,3.16951,15.1637
7701,41.0883,147.375,11.8955,3530.09,3.5868,14.7037
7027,38.717,109.359,14.191,3503.33,2.82457,15.2633
8341,42.2407,102.497,11.7944,3488.29,2.4265,14.5758
9074,41.6574,82.9446,10.9251,3470.42,1.99111,12.5875
960,36.963,188.323,17.2307,3570.96,5.0949,19.4277
7570,40.1213,126.404,11.2086,3515.4,3.15054,13.17
2400,39.3898,95.7526,12.2202,3488.49,2.4309,14.0181
6431,32.0924,139.665,14.1522,3550.66,4.35195,15.9889
9098,35.8597,127.507,13.7981,3529.09,3.55572,15.0793
9276,36.7537,124.46,11.4252,3523.61,3.38633,14.2469
8050,35.6465,119.143,13.5949,3522.19,3.34235,15.2698
2508,39.2895,102.896,11.1582,3495.73,2.61891,12.7065
5333,33.2159,136.538,13.7349,3544.35,4.11063,16.3656
8407,37.379,132.768,12.6074,3528.97,3.55194,14.8166
4475,35.9787,125.314,14.7131,3526.74,3.48302,16.3387
2886,36.0871,119.87,13.1074,3521.52,3.32169,15.082
3378,46.2511,141.017,13.336,3511.64,3.04895,14.8652
7823,38.437,82.2771,10.2482,3476.03,2.14057,11.6043
9553,31.8534,112.833,13.2911,3528.66,3.54225,15.7805
3019,35.2598,95.6032,11.727,3499.15,2.7114,13.1824
2793,39.8134,94.7931,10.4916,3486.19,2.38094,11.6732
7058,34.3164,109.288,12.6694,3516.67,3.18471,14.7605
855,44.2898,137.039,12.6074,3513.31,3.09415,14.3305
7519,48.4289,76.6038,7.43867,3436.26,1.58178,9.29061
3828,45.925,93.9317,9.00907,3472.46,2.04533,9.64062
8677,37.1369,137.489,13.7005,3533.29,3.70223,15.2232
7877,37.1017,127.206,12.7081,3524.98,3.42856,14.1439
7807,32.59,117.448,13.2378,3530.56,3.60381,15.8695
6989,37.4497,154.317,13.9056,3544.61,4.12065,15.8613
919,38.6286,161.533,14.9695,3546.2,4.18169,17.9205
7781,37.0938,112.464,12.7063,3511,3.03188,14.7028
2488,38.3394,131.45,13.3036,3524.98,3.4286,15.0586
8924,39.9096,129.686,12.202,3519.07,3.24948,15.2011
3854,38.9962,84.2991,10.2567,3476.82,2.16172,12.3868
6776,39.5646,116.585,10.9007,3507.85,2.94671,12.9423
8246,35.5067,128.166,12.059,3530.72,3.60964,14.1337
2273,35.1464,119.185,12.642,3523.77,3.3911,14.5156
6156,45.4411,154.726,14.4607,3524.22,3.40497,15.6849
2491,41.2134,95.8739,9.96827,3483.67,2.32628,11.5837
7872,42.9023,120.554,14.0539,3502.79,2.80997,15.6492
1013,33.5806,109.512,10.8459,3519.5,3.26115,12.5466
9095,37.6562,128.087,12.4761,3524.1,3.4015,15.015
3869,39.1332,116.409,14.8564,3508.89,2.9747,15.6631
7992,36.9194,118.61,13.3682,3517.7,3.21269,15.6591
4039,32.4083,107.246,10.7341,3521.12,3.30921,12.9699
1581,37.3434,96.1822,10.6496,3494.13,2.57562,12.8201
9781,41.9748,161.297,13.0063,3537.19,3.84272,14.5405
9124,34.7795,128.651,13.2398,3533.2,3.69905,15.9663
6225,38.7324,112.968,11.4394,3506.74,2.91662,14.2839
6149,42.4806,71.6024,8.91919,3448.23,1.68553,9.89349
2027,39.2616,119.77,10.0904,3511.7,3.05057,11.8785
9839,43.1767,124.016,13.1206,3505.1,2.87229,15.1485
3605,40.8206,123.965,11.58,3511.19,3.03683,13.8998
4113,38.3829,106.728,10.2829,3501.71,2.78061,11.5291
9097,35.8749,122.622,13.8687,3524.64,3.41806,15.6487
7407,36.2083,146.058,14.0709,3542.35,4.03382,15.9398
827,48.9022,74.9035,8.21143,3429.72,1.5317,9.75981
3031,36.9765,106.142,11.707,3505.03,2.87051,14.853
77,42.8003,99.5749,10.2239,3483.68,2.3265,11.8736
8946,34.1723,130.593,12.6371,3536.61,3.82159,15.1557
3534,33.1038,147.687,13.4815,3553.58,4.46135,15.7542
8645,42.5959,148.351,14.4482,3526.73,3.48276,15.4889
8117,39.8432,150.199,12.733,3535.17,3.76975,14.9948
715,45.9809,124.052,12.4083,3498.65,2.6979,14.4689
6644,38.5973,124.787,10.8594,3518.46,3.23305,12.6303
2629,37.1689,106.325,11.9943,3504.66,2.86059,15.408
5794,42.7252,159.13,11.8472,3533.91,3.72451,13.8566
6205,34.3385,107.248,13.6426,3514.39,3.12327,16.3656
745,36.9857,72.0159,8.75109,3467.9,1.94713,10.3347
2658,30.7694,142.44,15.1394,3558.07,4.62926,16.3335
5354,38.3427,116.168,12.0749,3510.92,3.02973,14.6133
8599,40.4386,141.505,14.203,3527.27,3.49926,15.5937
8933,38.2793,124.116,12.8232,3518.8,3.24239,16.0601
5772,36.8273,105.734,11.917,3505.05,2.87109,13.2813
6163,41.5819,120.977,13.5451,3506.47,2.90936,15.4656
2925,40.9907,142.629,11.5157,3526.63,3.47954,14.6257
9457,36.5906,107.955,12.5539,3507.99,2.95033,15.3216
3899,35.474,213.019,17.9637,3618.33,6.00495,20.4832
8485,36.7523,119.675,12.643,3519.32,3.25626,14.1948
270,35.8518,134.193,13.1112,3534.42,3.74299,15.7778
8021,33.3396,105.27,12.6343,3515.66,3.15751,15.3443
8156,39.0003,131.762,12.8662,3523.36,3.3785,14.8313
6748,32.1672,127.539,14.7841,3540.55,3.96489,16.6877
2884,40.9009,63.606,7.56701,3432.78,1.55513,8.20935
4538,45.4845,65.577,7.97096,3418.33,1.44174,9.29478
1181,47.5716,110.883,9.97803,3483.89,2.33087,11.5124
529,40.2375,115.839,13.4793,3505.34,2.87888,14.899
8350,39.5602,105.335,10.3727,3497.35,2.66265,12.478
7826,33.7078,173.534,18.5526,3572.71,5.14817,20.4091
3415,38.5055,124.053,12.7539,3518.04,3.22169,14.8148
2069,33.4059,106.659,13.3921,3516.97,3.19282,15.9363
8754,44.821,77.3637,9.25728,3451.99,1.72606,10.581
1785,40.3594,107.169,13.6513,3497.08,2.65537,15.4564
583,36.0956,144.194,13.8108,3541.33,3.99479,15.204
4417,47.9574,151.711,13.3666,3515.88,3.16345,15.1127
8027,37.2787,154.549,12.3211,3545.27,4.14577,14.9117
1797,48.0742,153.988,12.8541,3517.35,3.20313,15.2575
6829,41.2419,139.585,12.0847,3523.56,3.38455,14.2315
6727,38.2869,142.507,11.9561,3533.84,3.72209,14.8616
6545,38.4128,156.254,12.7333,3543.23,4.06776,15.0956
2655,32.7141,139.149,12.9031,3548.08,4.2535,16.3436
2434,39.8151,59.1527,5.8449,3423.82,1.48569,7.08353
5548,35.0358,108.755,13.5165,3513.68,3.10411,15.0573
9948,40.8028,143.468,11.8826,3527.81,3.51614,14.5651
287,32.2869,92.9655,10.6527,3505.36,2.87936,12.7553
661,33.6138,114.393,14.7583,3524.16,3.40315,16.0285
9179,44.2994,157.139,13.4158,3528.82,3.54721,15.5517
6037,37.3941,130.778,12.9866,3527.2,3.4973,15.3151
1313,32.1902,120.583,13.0975,3534.51,3.74594,16.5901
8719,37.7355,107.624,12.1649,3504.35,2.85207,14.0314
6324,31.9704,130.13,14.3633,3543.3,4.07031,17.3658
9946,37.6966,188.951,16.5505,3568.54,5.01242,18.2151
3896,31.2165,108.358,14.7272,3526.36,3.47117,15.8357
6390,39.0717,91.8354,11.9488,3484.79,2.35043,14.828
1995,42.4579,151.712,16.0416,3529.66,3.57323,18.7171
9231,40.8886,137.085,12.3805,3522.52,3.35264,15.5699
1937,36.7677,105.224,13.2388,3504.71,2.86185,15.5452
8855,26.7738,123.972,16.6194,3558.1,4.63036,18.8416
9251,35.7171,105.83,11.2928,3508.45,2.96301,13.0671
8571,38.5591,122.186,13.0403,3516.08,3.16879,15.3851
2801,35.5725,127.675,14.1413,3530.15,3.58915,15.3503
3557,38.8217,94.6744,9.75441,3488.85,2.4387,11.463
8811,42.5257,101.559,10.1963,3486.53,2.38819,11.9558
8521,42.4287,129.83,14.2305,3512.04,3.05996,14.7343
282,43.2026,145.467,13.8544,3522.99,3.36709,15.8314
2040,38.1018,128.644,13.5513,3523.29,3.37631,14.4938
701,35.252,64.1637,8.87028,3459.69,1.82014,10.2454
296,38.1968,133.436,12.8133,3527.08,3.49339,15.3663
4288,41.488,81.7961,8.11018,3469.47,1.97156,9.94336
5384,46.7757,62.1117,6.32183,3404.1,1.32786,7.17771
5802,34.9812,105.81,11.0718,3510.74,3.02477,13.176
2818,42.2557,132.908,12.5953,3515.21,3.14532,14.1812
2327,46.1187,87.1926,9.72641,3464.28,1.89061,10.6503
4003,45.2353,95.4848,11.0547,3474.91,2.11085,12.4311
2153,36.5552,124.153,12.2313,3523.94,3.3963,13.9878
8115,36.901,124.241,13.3898,3522.98,3.36689,15.3681
5916,38.782,124.333,12.8274,3517.45,3.20595,15.4059
5706,42.9445,107.546,9.88342,3491.5,2.5043,11.3364
9041,37.2746,106.143,9.55424,3504.18,2.84759,11.1743
8896,40.1444,133.379,13.4516,3521.55,3.32249,15.9779
2300,33.695,134.204,13.4328,3541.02,3.98291,15.6542
9466,39.3564,150.335,16.0003,3536.56,3.81984,18.5535
2326,38.9406,120.558,13.4692,3513.38,3.09595,15.6429
147,41.1695,131.216,13.4606,3516.76,3.18721,15.758
3826,41.033,145.665,13.8382,3528.91,3.54994,14.8983
5862,43.0139,154.648,14.057,3530.32,3.5953,15.4692
8849,38.4957,115.239,12.302,3509.58,2.99356,14.3242
8816,37.9349,125.089,12.3348,3520.74,3.29745,14.0467
9257,48.1847,77.7925,8.72216,3440.45,1.61447,10.1887
5369,43.6408,62.02,6.85351,3415.89,1.42115,8.01434
470,0,0,0,3166.59,0,0
9711,44.99,147.341,14.1944,3520.01,3.27497,15.5132
4335,33.5642,79.8829,9.36178,3486.15,2.38,11.0599
6978,35.1697,123.054,13.9217,3527.26,3.49887,15.4683
9383,46.6917,155.91,14.2303,3522.09,3.33914,16.7798
100,37.6114,112.742,12.5257,3509.73,2.99755,14.7037
9808,42.8125,56.1339,5.75834,3401.84,1.31116,7.19841
8274,38.6714,134.35,12.8229,3526.45,3.47413,15.2055
1695,42.3375,99.6026,10.2016,3484.89,2.35259,11.7832
9235,44.0315,108.246,8.92592,3489.76,2.45837,10.0972
2356,40.5393,137.088,13.9098,3523.46,3.3816,15.6175
1321,31.3348,137.365,14.8863,3551.51,4.38379,16.636
3379,41.5122,140.685,13.7923,3523.7,3.389,15.311
3900,33.6497,119.202,14.1278,3528.66,3.54243,15.9098
854,39.3926,135.636,12.069,3525.45,3.44318,14.3565
7108,46.4547,64.9285,6.73394,3413.11,1.39767,8.28412
5009,39.447,139.761,12.362,3528.68,3.54301,14.235
8479,38.8338,102.532,13.1627,3496.52,2.64029,15.6424
7927,29.9888,122.589,13.6982,3543.76,4.08781,15.5828
2677,38.0102,154.416,15.7247,3543.1,4.06249,17.014
333,38.1694,98.1194,12.221,3493.95,2.57063,13.3774
6540,34.6628,112.381,13.3368,3518.79,3.24211,15.9696
4684,39.8508,99.3882,9.71097,3491.12,2.49401,11.5365
1655,43.3055,118.527,12.3365,3500.09,2.73699,14.9929
5737,34.2082,87.9186,10.8844,3493.93,2.5701,13.2231
880,27.6514,113.824,14.0764,3544.5,4.1164,16.9249
9125,39.5646,145.855,13.9721,3532.85,3.68649,15.4089
3139,36.9075,58.2395,7.6135,3435.77,1.57799,9.21568
8030,38.0242,107.389,10.8772,3503.32,2.82422,12.6007
7490,35.0882,172.319,16.7891,3565.75,4.91102,17.7755
2144,35.3391,110.394,14.099,3514.41,3.12384,16.6142
9136,37.205,137.962,12.6031,3533.46,3.70816,15.4195
999,36.8414,110.235,12.0772,3509.53,2.99216,13.488
8993,31.8869,131.353,13.7617,3544.58,4.11933,15.3316
363,28.78,170.272,19.6362,3609.77,5.91634,23.3443
2745,34.695,130.724,14.5975,3535.11,3.7678,16.0897
9778,34.4195,127.605,12.4369,3533.43,3.70735,14.8185
7277,33.0352,113.11,12.3591,3524.83,3.42394,15.3837
6158,31.7208,114.72,14.1288,3530.91,3.61656,16.1183
324,34.6133,111.972,12.1189,3518.53,3.23495,14.2271
8625,39.238,126.054,14.2464,3517.7,3.21254,16.1205
4809,46.9742,90.5596,9.73576,3466.67,1.92786,11.706
7343,40.8057,122.863,12.8172,3510.23,3.01094,15.459
4013,38.3165,131.394,13.7623,3525,3.42918,15.4353
5834,36.8291,126.137,13.7507,3524.86,3.42493,16.1611
9619,33.537,128.615,13.6239,3536.98,3.83503,16.7849
5466,41.05,133.691,10.744,3519.34,3.25679,13.4275
1786,27.414,121.559,13.9708,3552.86,4.43419,16.7952
3236,42.2726,122.228,11.5351,3505.81,2.89142,13.0672
725,39.1493,124.085,13.3422,3516.1,3.16953,15.8983
3008,44.0866,50.4673,4.80495,3376.2,1.14473,5.48936
5705,40.2213,218.893,15.6171,3582.79,5.44222,18.7051
7351,35.7242,141.568,12.7827,3540.5,3.96281,14.9667
5788,37.8136,170.03,16.8163,3554.53,4.49653,19.6047
6509,34.9834,109.775,11.2556,3514.93,3.13792,12.938
5024,37.6146,125.022,12.6585,3521.59,3.32376,15.4168
9439,0,0,0,3166.59,0,0
1825,44.0069,126.487,13.8507,3505.17,2.87425,15.4109
35,35.303,124.541,13.3618,3528.19,3.52777,15.8473
400,25.7127,102.978,14.769,3541.6,4.00496,17.9027
3251,32.4837,141.534,14.2324,3550.8,4.35707,15.9764
6734,43.551,102.152,11.0801,3484.56,2.34557,12.5191
4042,37.2108,126.894,13.8569,3524.38,3.41013,15.0601
1053,40.1869,98.5012,10.3277,3489.42,2.45108,12.3233
7708,31.3796,114.154,14.0379,3531.5,3.63785,16.1023
1505,37.3991,138.339,13.1833,3533.2,3.699,15.1831
7590,38.4168,132.215,12.0175,3525.4,3.44161,13.7755
3435,32.553,86.6796,10.7183,3497.35,2.66272,12.5049
5096,39.4381,120.64,12.4748,3512.01,3.05898,15.0369
1199,33.4485,134.664,13.4587,3542.14,4.026,15.4616
2567,34.3159,123.888,12.6207,3530.74,3.61023,15.2026
6190,40.8602,120.204,13.1038,3507.67,2.94184,14.7149
4292,37.0536,117.811,12.8501,3516.47,3.17948,15.6352
2734,46.8207,165.625,13.4413,3528.5,3.53743,15.6956
9545,38.3257,125.02,14.5295,3519.53,3.26205,15.4393
2305,38.7416,138.476,12.9265,3529.7,3.57435,15.7902
6919,38.1444,104.656,11.5481,3500.34,2.74367,13.5597
9867,39.6885,178.047,15.3729,3554.25,4.48612,17.9211
3224,40.4233,107.951,11.9024,3497.64,2.67051,13.4655
1593,37.1503,174.192,16.3876,3559.67,4.68884,18.2423
5809,35.0717,166.312,15.2108,3561.12,4.74206,17.3057
9805,36.4529,103.805,12.6074,3504.19,2.84764,15.8762
1918,37.5263,119.616,13.4802,3516.77,3.18751,16.1498
8502,38.5433,131.007,13.9741,3524.02,3.39894,15.2368
4054,38.663,135.557,13.2172,3527.49,3.50613,15.8393
9935,43.9615,70.8343,9.08961,3440.1,1.61128,10.355
9458,39.9801,95.6823,11.2293,3486.76,2.39325,12.939
4493,35.339,121.593,13.9099,3525.37,3.44075,15.568
7425,35.9114,108.792,12.0629,3510.91,3.02945,13.9635
8347,37.7505,85.077,8.79882,3480.33,2.25366,10.1884
2281,39.6546,196.945,16.9752,3567.28,4.96651,19.5189
9598,42.9051,101.9,12.0081,3485.92,2.37502,13.338
4995,38.0122,134.724,14.0197,3528.72,3.54423,16.3295
8565,39.1554,131.94,12.6084,3523.07,3.36967,15.5219
3401,30.2946,106.969,12.9743,3528.29,3.53097,16.1761
1729,38.6887,87.2946,9.89616,3480.45,2.25633,11.7753
4463,40.6239,77.0754,8.72026,3464.71,1.89729,9.62232
2757,40.0236,128.525,14.1947,3517.65,3.21124,15.5239
6038,39.3475,86.1859,7.82562,3477.9,2.19038,9.10774
6881,33.9045,138.291,13.6048,3543.52,4.07885,16.0345
3687,41.8095,140.541,11.8119,3522.81,3.36146,13.574
7912,43.8623,142.952,14.3802,3519.42,3.2591,16.1801
1353,36.5393,197.531,17.0792,3581.38,5.40599,21.5904
8291,34.8335,103.929,9.44736,3509.22,2.9836,11.15
1260,39.1632,102.227,11.2099,3495.41,2.61028,13.3376
7109,38.4208,152.002,12.9019,3540.33,3.95624,15.5069
1432,40.219,67.6561,8.38551,3447.86,1.68219,9.36921
533,32.164,104.781,13.9128,3519.37,3.25771,15.9967
3045,43.3134,133.243,13.5125,3512.65,3.07626,15.1951
7652,38.4786,149.017,14.142,3538.03,3.87271,15.7504
9989,38.4327,113.865,13.0246,3508.44,2.96271,15.4742
1218,38.9332,138.041,13.1073,3528.77,3.54558,15.082
6909,36.8188,122.733,11.9634,3521.9,3.33343,14.2256
2089,36.1632,143.816,13.1786,3540.86,3.97687,15.222
8298,40.3002,151.496,13.8513,3534.87,3.75918,15.3279
5381,40.9027,154.986,14.587,3535.71,3.78913,15.728
1030,39.0071,97.6126,11.328,3491.43,2.50243,12.9717
6580,43.7377,116.95,11.9178,3497.76,2.6739,13.4356
6762,39.2547,170.249,13.7234,3550.26,4.33705,16.0994
8017,42.8007,90.4967,9.97237,3475.05,2.11438,10.6139
83,33.6468,117.211,13.9903,3526.76,3.48356,16.0566
9285,30.2445,180.207,16.9846,3613.81,5.95834,19.8846
768,0,0,0,3166.59,0,0
7574,38.3993,141.34,12.4833,3532.7,3.68079,15.6702
1548,41.7015,135.343,11.818,3518.92,3.24553,13.2369
7880,35.8292,89.0296,10.9296,3490.78,2.48483,12.3222
8617,40.1023,109.182,12.032,3499.56,2.72257,14.044
2761,44.0573,145.906,14.3699,3521.2,3.31174,15.7598
4974,42.3289,177.102,13.5928,3546.26,4.18396,15.8488
3915,35.7128,146.727,14.1763,3544.3,4.10853,15.7992
3496,52.6823,84.5027,9.70195,3439.17,1.60401,10.8319
8690,42.1847,118.641,11.8007,3502.88,2.81242,13.6417
1594,35.6665,120.735,13.9773,3523.57,3.38513,16.3939
577,35.3387,99.1198,13.0012,3502.6,2.80485,16.5222
6179,37.482,118.574,12.8846,3515.88,3.16349,15.3877
8383,42.1344,126.735,11.2802,3510.11,3.00787,12.1416
4218,41.2611,88.5598,9.20241,3476.24,2.14633,10.6571
3058,34.4173,126.291,14.1973,3532.38,3.6694,16.0752
2846,37.1297,139.316,14.951,3534.68,3.75214,15.7203
4619,42.7947,90.772,8.84465,3475.3,2.1211,10.2847
4376,37.007,57.6242,7.66017,3433.04,1.55712,9.25184
6253,38.6293,126.153,13.5033,3519.67,3.26575,15.2711
8981,37.9172,77.8177,10.3095,3472.72,2.0523,11.3886
2743,41.6391,122.282,13.0905,3507.48,2.93672,15.8087
9159,42.2153,75.2457,8.88223,3456.6,1.78243,10.4623
428,39.1757,115.891,12.949,3508.28,2.95823,14.1964
4487,42.7191,89.6468,10.2287,3474.45,2.09852,12.2828
6581,44.3801,168.36,13.4357,3535.83,3.79359,15.1644
6432,40.7365,147.199,13.1433,3530.83,3.61345,15.3152
4159,34.7979,112.118,13.7808,3518.05,3.22197,16.0731
9929,43.5259,104.895,10.7236,3487.53,2.40994,12.814
3247,45.4784,153.642,13.8412,3523.36,3.37835,16.8132
1795,42.5425,158.974,12.3257,3534.25,3.73683,15.3793
6920,35.9935,141.329,14.7935,3539.52,3.9265,15.6236
6533,36.449,173.335,13.1096,3561.49,4.75554,15.5466
1238,41.392,121.198,11.8264,3507.16,2.92804,14.0008
2599,40.3568,115.807,12.7355,3505,2.86959,15.154
5840,35.8528,134.906,13.6038,3534.97,3.76276,16.0327
5264,37.4598,149.827,13.7816,3541.46,3.99967,15.415
9069,36.5121,122.121,12.709,3522.27,3.34467,15.4491
8313,31.4497,138.152,13.706,3551.75,4.39278,16.0949
9726,43.1045,113.684,10.1366,3496.42,2.63741,12.253
8395,38.2596,117.851,14.4252,3512.8,3.08031,16.4777
6192,40.9692,139.782,13.8039,3524.44,3.41189,15.4118
1536,42.0213,140.718,12.6853,3522.4,3.34873,16.1252
1095,36.0041,121.903,13.7809,3523.6,3.3858,16.119
6109,36.7054,114.388,13.0381,3514.13,3.11637,15.6086
841,41.5183,73.6946,9.49402,3455.99,1.77499,11.2142
2307,36.415,93.0886,8.75805,3493.42,2.55633,10.5069
7791,31.1371,101.553,13.4531,3519.51,3.26147,16.1327
8202,45.4439,71.4631,7.39976,3435.06,1.57256,8.79652
2630,36.625,106.195,13.6475,3506.11,2.89952,15.5601
3355,32.3385,149.771,13.3505,3558.13,4.63134,16.6299
2190,43.6314,125.128,12.4168,3504.93,2.86784,14.9425
3020,34.0283,112.985,10.711,3521.48,3.32033,12.996
4313,45.2621,71.4392,8.08745,3435.81,1.57834,9.87962
1489,42.7821,72.5287,8.25257,3449.29,1.6953,9.67767
1644,39.7721,74.3404,8.47139,3462.9,1.86916,9.84649
7402,48.6499,77.105,8.70749,3436.67,1.5849,10.0122
9129,45.065,116.043,12.9167,3494.11,2.575,15.6014
1895,39.9385,121.581,13.729,3511.46,3.04422,15.14
3986,40.6306,63.2117,7.55398,3432.86,1.55576,8.98491
2155,34.1041,131.272,12.5873,3537.37,3.84916,15.7739
4051,38.1373,143.263,14.0977,3534.8,3.7565,15.5212
374,38.794,131.838,13.5102,3524,3.39841,15.7193
4187,34.9831,158.432,13.6716,3555.39,4.52883,15.6505
4449,36.2306,146.646,14.8147,3542.71,4.04756,17.4973
3756,37.9676,120.72,14.3763,3516.48,3.17955,15.9313
667,37.9838,123.051,13.5803,3518.7,3.23956,15.8361
9334,40.1679,82.345,10.4636,3472.63,2.05002,10.965
7354,46.7321,170.814,15.5277,3531.99,3.65519,16.6412
8004,44.0626,145.544,13.7673,3520.92,3.30312,16.0381
3782,35.9139,124.268,13.9258,3526,3.46016,16.4592
7777,34.3616,136.267,14.0634,3540.57,3.96568,15.9937
9832,39.8004,132.534,12.5704,3521.79,3.32995,14.2261
7249,49.0422,78.6116,11.3691,3439.03,1.60294,12.7938
1616,38.3778,149.966,13.7602,3539,3.90763,15.6255
859,44.6236,157.468,13.4926,3528.22,3.5288,15.7637
3106,35.6479,103.928,13.4742,3506.69,2.9154,15.6188
4625,40.547,126.566,14.3449,3514.32,3.12147,15.9772
7515,37.5417,163.774,13.6274,3550.94,4.36245,15.879
399,37.3793,127.098,12.2424,3524.06,3.40023,14.0569
7518,40.466,132.448,12.6806,3519.94,3.27307,14.9152
6503,33.8883,90.5411,13.203,3497.68,2.67175,15.1523
834,42.9136,143.684,12.7581,3522.38,3.34822,15.7437
7043,39.1565,107.344,12.1289,3500.25,2.7414,15.505
8015,33.8747,109.898,14.0381,3518.87,3.24425,16.1828
297,32.0632,124.66,12.2132,3538.45,3.88796,14.4819
8907,39.6171,148.49,13.7445,3534.57,3.74814,15.3059
8331,33.926,122.321,12.6085,3530.61,3.60554,15.0925
2194,35.6191,134.279,13.3188,3535.17,3.76985,16.1271
9473,38.0032,162.229,13.5786,3548.48,4.26884,15.7418
1022,38.0526,117.029,12.8001,3512.62,3.07546,14.0966
6505,32.8884,152.662,15.3479,3558.41,4.64181,18.2995
6975,43.1073,83.8257,9.93954,3467.74,1.94458,11.9331
5155,37.4436,87.5522,9.44184,3484.23,2.33824,11.4688
4726,46.0219,57.5358,6.03935,3392.35,1.25018,7.25029
6894,34.5493,137.272,14.8279,3540.77,3.97322,16.202
2774,32.9214,166.608,15.9273,3569.87,5.06079,18.755
9613,41.4325,130.834,13.2212,3515.67,3.15777,15.9101
1590,38.2755,125.638,13.3593,3520.25,3.28247,15.7818
4660,36.8438,102.722,14.277,3501.98,2.78804,16.3854
1093,36.3226,131.996,13.0573,3531.4,3.63397,14.7852
4456,40.7996,148.381,13.7162,3531.48,3.63682,16.4791
1870,37.0169,170.602,16.8337,3557.53,4.60876,19.8956
94,37.2906,108.579,12.3577,3506.56,2.9117,13.4829
1535,39.7194,159.711,12.4254,3542.01,4.02099,15.6588
4858,37.0184,99.9684,11.1703,3498.74,2.7005,14.2223
9139,35.7666,84.1952,11.4894,3484.95,2.35402,13.4716
9485,36.7853,125.893,11.4834,3524.78,3.42237,13.6187
4367,42.7775,164.83,14.3467,3537.48,3.85319,15.9637
1711,31.1631,116.562,14.5257,3534.35,3.74037,16.7398
8276,35.5843,112.155,13.4373,3515.45,3.15183,15.6924
9375,35.4962,144.108,14.5072,3543.03,4.0598,16.6982
6621,41.0407,113.472,12.8608,3501.12,2.76485,15.468
6183,34.9814,115.124,13.3093,3520.53,3.29099,15.6243
8355,38.6642,138.64,14.0224,3530.06,3.58576,16.3553
3642,42.6954,142.115,13.8515,3521.75,3.32857,15.6633
3812,44.3449,93.578,10.7305,3474.89,2.11023,11.6681
5945,45.0874,80.0339,8.26717,3456,1.77508,9.89321
1511,40.2632,135.039,13.7382,3522.56,3.35391,15.5671
6036,31.0077,121.633,13.6035,3539.41,3.92267,16.1238
3879,43.3196,142.728,13.6991,3520.65,3.29477,16.4256
4368,33.2409,107.167,12.6643,3518.12,3.22396,15.3586
3786,39.0446,88.6762,10.4794,3481.14,2.27115,11.6506
9160,31.2987,123.15,13.9777,3539.75,3.93467,16.8182
8514,34.6904,112.677,13.6589,3519.02,3.24808,16.6374
2922,37.2034,140.082,13.1353,3535.04,3.7653,15.422
2393,37.1779,120.464,12.4947,3518.72,3.2402,15.5032
5331,31.446,128.311,13.3694,3543.56,4.08038,16.5611
3301,41.6924,104.278,9.60116,3491.39,2.50113,11.2558
1046,40.5534,155.263,14.7337,3536.8,3.8286,17.7244
1970,47.5178,135.273,14.0023,3504.15,2.84678,14.3189
7495,39.613,134.649,13.0805,3524.03,3.3991,14.8011
7831,33.9924,144.447,13.1133,3547.97,4.2494,15.9073
462,40.1439,127.692,14.7062,3516.53,3.18087,16.0588
7886,33.03,122.74,13.8555,3533.67,3.71603,16.5049
7718,45.0903,111.551,12.1305,3490.38,2.47395,14.4265
1790,35.9629,131.414,13.2809,3531.96,3.65415,16.0885
2055,39.066,137.009,13.3409,3527.52,3.50711,15.5234
3078,34.1545,132.437,15.8723,3538.16,3.8776,17.8972
7013,35.4914,116.668,13.5487,3520.41,3.28723,16.2123
3804,31.9544,144.086,15.3034,3554.86,4.50911,17.5269
631,36.5546,121.045,13.7939,3521.19,3.31136,15.3583
9554,42.492,104.757,10.6876,3490.06,2.46534,12.9084
262,44.4906,111.662,13.608,3491.71,2.5098,15.4301
1068,38.4269,137.948,14.1466,3530.17,3.58989,15.933
9675,32.439,128.784,14.0539,3540.69,3.97004,17.0259
8452,36.8355,95.855,11.4907,3495.12,2.60225,12.8943
8800,31.9954,99.6883,12.9226,3514.11,3.11571,14.8323
4636,36.4125,115.08,13.7707,3515.77,3.16045,15.4477
9834,39.1971,131.138,13.0132,3522.3,3.34561,15.66
86,45.6891,91.9538,10.4062,3471.23,2.0126,12.4715
2952,34.895,104.042,10.3049,3509.14,2.98157,12.4328
7357,40.6672,148.99,13.3551,3532.22,3.66364,15.5922
6091,37.6618,122.614,13.3651,3519.3,3.25567,15.7776
6723,34.1007,107.343,12.3144,3515.3,3.14784,15.2379
590,34.0404,185.502,20.0812,3583.08,5.44947,21.2293
5200,41.7538,48.5591,5.82172,3378.71,1.16299,6.88431
8003,36.3131,120.937,13.2413,3521.8,3.33041,14.9487
8094,36.3254,146.455,13.421,3542.29,4.03176,15.8638
71,38.5169,129.198,12.4952,3522.58,3.35432,14.4012
5121,36.8557,107.986,11.7887,3507.23,2.92996,13.7314
500,35.2816,121.737,12.7246,3525.69,3.45043,15.4339
5397,40.809,109.025,11.12,3497.68,2.6716,12.8479
1004,34.9235,79.5971,8.27826,3481.51,2.27918,10.0739
2347,40.8716,142.399,13.4154,3526.78,3.48405,14.5722
8638,43.5039,106.281,9.77017,3489.05,2.44303,10.9619
1390,41.391,155.955,14.7334,3535.11,3.76785,15.874
6185,46.0468,148.517,13.1264,3518.17,3.22535,13.9344
6692,38.283,82.0193,9.42244,3476.1,2.14245,11.3001
4259,34.6303,99.0743,10.9179,3504.68,2.86091,12.7343
1591,34.1677,83.915,9.92167,3489.65,2.45598,11.614
7803,39.803,150.568,13.7698,3535.53,3.78282,15.7664
8240,42.7453,124.975,14.3205,3507,2.92372,15.7614
9816,38.4391,129.106,13.5589,3522.72,3.35872,15.246
6294,37.2592,107.988,12.4307,3506.06,2.8983,15.1307
9248,38.8597,125.717,12.8366,3518.54,3.23516,15.0444
998,47.6079,130.534,13.8414,3500.27,2.74186,16.2395
7314,40.0923,143.261,14.4535,3529.66,3.57328,15.7471
3491,41.5205,129.268,14.0035,3514.02,3.11336,15.8518
319,32.9926,179.496,16.7876,3582.73,5.44048,20.1403
1602,37.733,150.023,16.6452,3540.84,3.9759,20.6796
2848,35.0965,128.66,14.3999,3532.28,3.66588,16.3741
4173,32.0039,93.614,13.0182,3507.05,2.92508,16.0956
2487,38.0781,180.007,13.878,3560.71,4.72731,16.4322
2191,39.8107,110.423,13.7838,3501.45,2.77372,15.7325
5297,45.4547,68.7803,7.56969,3427.34,1.51316,8.64647
8338,35.19,157.979,17.1086,3554.33,4.48931,20.8438
4653,36.1747,126.716,12.2621,3527.39,3.5029,15.7805
7443,33.4956,108.035,14.4584,3518.17,3.22534,15.974
1573,32.0687,158.996,17.5713,3567.04,4.95798,20.0016
7369,33.2132,118.48,15.3942,3529.47,3.56727,17.475
5474,36.6479,102.251,12.4476,3502.06,2.79008,15.9381
3226,41.1235,131.773,13.0068,3517.39,3.20432,15.476
553,36.2275,106.017,13.1395,3507.1,2.92643,15.6375
5421,35.9686,110.741,12.6596,3512.74,3.07883,13.6279
1502,41.5202,138.027,14.3288,3521.61,3.32433,15.981
8520,45.2819,79.7265,9.33429,3454.82,1.76067,11.0473
1195,38.1289,174.749,12.9432,3556.84,4.58313,15.9439
3034,37.7544,110.003,10.6149,3506.63,2.91365,12.969
9637,40.736,109.751,9.65548,3498.51,2.69419,11.9248
403,37.8055,136.887,12.5186,3531.03,3.62082,15.0564
8830,38.4272,94.6626,10.9125,3489.99,2.46343,13.1115
4123,34.9933,130.772,13.8718,3534.26,3.73705,16.1091
6865,32.9951,93.0761,9.79325,3503.2,2.82091,11.3263
9994,38.3338,113.423,12.0252,3508.3,2.95884,13.2853
6550,36.4719,98.4328,10.5873,3498.68,2.69886,11.8911
5776,35.6903,94.703,11.4678,3497.01,2.65346,12.84
1426,37.3268,146.382,14.7927,3539.39,3.92164,16.4124
1955,41.2976,191.454,17.224,3558.25,4.63594,19.7436
576,30.7624,123.986,13.0948,3542.26,4.03043,15.2129
2892,40.3624,147.306,13.459,3531.83,3.6496,16.0298
3659,42.4598,101.415,10.3583,3486.54,2.38849,13.0835
9679,33.1924,88.9927,11.9286,3498.03,2.68112,13.3351
8883,43.9427,165.03,12.4972,3534.77,3.75557,15.2795
2309,42.3282,81.0563,8.98618,3465.84,1.91495,10.9993
5866,33.8437,118.889,12.2446,3527.71,3.5129,14.1757
387,35.359,141.065,12.6455,3541.19,3.98952,14.3348
7138,37.1431,150.46,13.9089,3542.79,4.05082,14.8122
5753,38.8113,133.391,14.0155,3525.25,3.43691,16.4311
1220,41.433,147.427,13.5914,3529.17,3.55822,16.4087
6266,36.8946,102.54,12.2915,3501.66,2.77928,15.9005
9685,39.699,109.405,12.8862,3500.79,2.75586,14.7263
6096,37.6684,137.163,12.5316,3531.6,3.64132,15.3762
198,38.3717,113.139,11.9397,3507.92,2.94851,13.5855
3306,39.5911,97.9192,12.9822,3490.36,2.47327,15.3346
4429,41.6508,136.026,12.2984,3519.67,3.26586,14.6773
9388,43.7688,113.42,10.7813,3494.72,2.59133,12.5972
8822,32.9933,129.023,14.1617,3539.08,3.91058,17.3634
9571,34.8126,135.572,14.8874,3538.63,3.89435,15.5792
4222,37.0181,157.825,14.2236,3548.34,4.26346,16.5454
2833,34.4238,160.409,13.3646,3558.89,4.65981,15.9872
5464,37.2763,113.909,13.7303,3511.89,3.05579,15.8621
4717,35.9296,128.088,13.2593,3529.39,3.56496,16.0603
6996,38.1307,87.5696,9.9536,3482.31,2.29656,11.429
2107,41.2632,109.274,13.1228,3496.81,2.64822,15.9166
7784,37.3566,100.349,10.7512,3498.22,2.68623,12.2008
9331,31.0882,129.741,14.6423,3545.99,4.1733,17.723
5732,34.9224,115.396,13.4402,3520.96,3.30435,16.4454
3944,37.8012,101.608,12.3126,3498.28,2.68794,13.9463
3393,38.8324,152.221,14.955,3539.34,3.91993,16.2674
3290,36.8625,134.02,13.3025,3531.44,3.63567,16.3038
3335,40.8228,151.592,12.8564,3533.6,3.71341,15.8374
7430,41.2716,111.389,12.1037,3498.69,2.69892,14.6208
4465,37.2186,108.83,11.0207,3507.01,2.92408,12.5555
9869,37.4388,78.234,9.48094,3474.12,2.08965,11.1708
8415,45.1771,108.491,9.77912,3487.14,2.40145,11.7492
2810,44.5252,77.808,7.48125,3453.74,1.74751,9.01343
4019,42.2496,140.132,12.8977,3521.36,3.31678,15.9511
5075,38.0691,152.248,12.8808,3541.45,3.99925,15.8816
1342,38.7092,243.539,19.7653,3657.53,6.29151,22.0079
4666,36.1143,109.558,14.3611,3511.07,3.03365,16.9275
1421,38.9162,157.7,13.1598,3542.83,4.0523,15.8157
7066,42.2493,143.907,13.5148,3524.25,3.40614,16.2778
3628,33.341,108.039,14.4225,3518.73,3.24042,16.0835
2878,39.4073,76.5033,9.4838,3467.53,1.94135,10.3768
7258,39.869,144.272,14.1241,3530.97,3.61864,15.7248
3846,33.9784,128.6,12.7795,3535.58,3.78476,14.3666
7556,34.9506,127.545,14.6674,3531.82,3.64929,16.2557
3873,37.45,121.908,13.2535,3519.28,3.25522,16.1805
675,32.6154,145.762,13.7358,3553.79,4.4691,16.5988
469,33.4287,119.988,13.0613,3530.16,3.58937,15.883
6535,42.198,81.5123,8.49206,3466.91,1.93166,9.68394
9936,34.4005,130.459,14.4002,3535.79,3.79236,15.7484
3974,36.8434,97.9941,12.3134,3497.24,2.65975,14.2041
1164,32.1816,126.36,14.1284,3539.52,3.92646,16.8004
2370,34.6731,147.888,14.351,3548.38,4.26522,16.5764
501,42.2375,135.823,13.7113,3517.82,3.21569,15.2577
7660,38.122,125.313,14.0485,3520.4,3.28715,15.5779
6248,32.9448,126.745,13.6827,3537.32,3.84718,16.3539
8131,37.2175,139.16,13.9371,3534.32,3.73911,15.5935
6514,37.624,148.61,13.8362,3540.16,3.94986,15.3853
3992,35.9527,134.012,13.5782,3533.99,3.72747,15.4403
2430,40.6515,152.449,13.3969,3534.62,3.75015,16.503
2246,34.9278,107.871,12.6148,3513.1,3.0884,15.0784
8317,53.5978,74.008,6.98444,3411.12,1.3808,8.23997
7921,29.4272,129.488,14.7816,3551.95,4.40029,17.3576
5963,38.8474,141.697,13.7234,3531.77,3.64752,15.8832
3483,44.8466,100.681,9.35058,3479.94,2.245,11.0833
7457,46.7716,80.7655,9.55858,3452.05,1.72681,10.4936
4789,35.0976,174.427,15.9971,3567.37,4.96978,19.2848
4724,38.454,115.652,12.9117,3510.1,3.00753,14.5864
3947,45.9694,162.486,13.9301,3528.41,3.53466,16.1542
912,38.7163,151.715,14.2978,3539.3,3.91864,15.9064
5736,43.2148,159.204,13.1811,3532.79,3.68403,15.733
6275,42.5189,134.096,14.6224,3515.52,3.15381,16.2384
3970,38.5291,215.868,19.226,3589.04,5.60272,22.0267
5953,38.565,130.728,13.094,3523.73,3.3898,15.8033
7868,36.9431,116.388,13.3605,3515.4,3.15047,16.2212
3946,42.1513,108.312,11.0682,3493.91,2.56961,12.5247
3039,28.6549,129.117,14.8265,3554.78,4.50593,17.0981
4251,42.9861,143.989,13.9154,3522.43,3.34965,15.723
4211,41.0502,146.497,14.0223,3529.51,3.56872,16.3409
4474,34.9572,137.053,15.9389,3539.36,3.92059,18.0978
2927,35.2078,188.494,19.52,3579.45,5.35374,22.692
8107,40.8265,132.652,13.7374,3519.06,3.24918,15.9072
4403,46.5886,93.7279,11.5062,3471.2,2.01182,12.9993
6875,36.8571,124.491,14.3849,3523.33,3.37767,16.2459
6674,38.5177,195.87,14.4959,3570.64,5.0852,16.5846
2320,35.6328,144.98,14.2581,3543.26,4.06872,17.8163
8113,41.5293,104.753,11.9191,3492.17,2.5224,14.6301
7166,46.0714,83.7807,11.8799,3459.56,1.8185,13.4813
9799,46.2071,56.8406,5.81952,3389.14,1.23012,6.64189
899,43.2306,113.645,13.2259,3496.1,2.62881,15.1037
3273,39.0704,126.584,14.737,3518.71,3.23989,16.1598
9614,39.2953,160.723,13.8614,3543.82,4.09012,15.4822
8669,43.0942,81.2359,7.51349,3463.92,1.88508,8.72442
4983,44.2529,145.703,13.927,3520.58,3.2925,16.7432
3325,43.9947,141.6,14.0786,3517.92,3.21858,16.4676
9739,37.1881,118.468,14.5777,3516.7,3.18566,16.0686
6370,38.0515,77.8327,9.55857,3472.46,2.04546,11.4839
5937,41.9155,45.7441,5.35085,3369.26,1.09134,6.08379
1618,38.235,154.346,14.1351,3542.42,4.03676,16.716
2610,0,0,0,3166.59,0,0
4541,39.8598,109.876,13.849,3500.82,2.75655,15.9649
6263,42.0297,147.349,14.2466,3527.48,3.50584,16.1721
9643,43.4365,141.991,13.1815,3519.79,3.26893,15.4455
6019,33.0962,102.597,12.1459,3513.53,3.09997,14.6825
613,39.3191,120.276,12.6474,3512.01,3.05897,15.0169
3918,35.8615,147.98,13.1225,3544.76,4.12642,15.6712
3043,36.0337,119.233,13.4122,3521.11,3.30892,15.8154
2756,41.0558,119.06,13.9102,3506.12,2.89995,15.535
1015,34.1066,85.8161,10.4552,3491.94,2.51611,13.0898
7707,39.668,114.432,11.8067,3505.56,2.88475,14.0919
4923,41.4098,79.8448,7.76006,3466.69,1.92817,9.11487
105,38.1684,126.97,11.8687,3521.68,3.32658,13.0917
9828,38.6238,126.435,14.1084,3519.96,3.27349,16.8638
1160,42.257,165.475,16.1665,3539.23,3.91592,18.3278
2471,43.3006,133.119,11.8723,3512.58,3.07429,14.8863
4973,46.4832,167.041,14.1686,3530.27,3.59357,16.0979
9529,40.1057,131,12.7901,3519.69,3.26636,15.3936
1558,31.6183,140.131,16.7424,3552.8,4.43194,19.2544
4014,37.6435,124.652,13.1468,3521.19,3.31138,15.5944
8702,34.3765,168.495,14.6073,3565.49,4.90147,17.6562
3509,39.8282,126.228,13.8269,3516.1,3.16932,15.98
7907,37.8784,222.299,22.4805,3605.64,5.86875,23.5682
2749,39.5591,140.728,14.6657,3529.15,3.55742,15.886
3443,37.7936,160.16,14.1826,3547.67,4.23776,16.9147
4607,38.5853,119.227,11.4648,3513.16,3.08997,13.3023
5278,38.5662,152.205,14.1169,3540.07,3.94659,16.7406
9959,34.3156,148.583,14.1729,3550.07,4.32989,16.3727
8861,38.1834,131.666,13.5156,3525.62,3.44824,16.3394
885,41.4408,135.422,14.9164,3519.75,3.26785,16.1534
7944,41.805,120.548,13.6232,3505.52,2.88358,16.9658
5783,34.8212,89.9803,11.7829,3494.45,2.58406,13.6352
6480,39.455,121.466,11.5947,3512.74,3.07859,13.6553
7169,48.6443,96.0371,10.5212,3469.64,1.97427,12.0705
8149,51.1239,72.8907,7.59282,3416.44,1.42576,8.54174
1363,30.9036,115.776,13.1456,3534.52,3.74635,16.252
5821,38.4962,147.553,13.895,3536.92,3.83293,16.7236
3753,42.9955,170.334,12.885,3540.47,3.96167,16.1679
3963,33.1195,118.674,14.3814,3529.98,3.58321,16.8678
3972,34.4596,142.586,13.2759,3545.06,4.13778,16.1794
4851,47.754,97.8785,10.3913,3472.62,2.04964,12.1649
7173,39.8985,124.42,11.7137,3514.21,3.1184,13.5431
4032,37.6103,149.954,14.1714,3541.13,3.98705,16.1313
1917,34.458,147.597,15.2801,3548.86,4.28338,18.2839
2956,45.806,103.649,9.30131,3480.75,2.26279,10.1931
7699,33.3664,106.617,12.2694,3517.06,3.19535,14.3166
6635,40.4126,178.232,14.1813,3552.22,4.41031,15.8566
2755,40.7836,93.5614,10.557,3482.19,2.29409,12.4547
6142,35.7869,127.195,13.9297,3529.05,3.55425,16.6611
408,38.6004,127.44,16.0701,3520.87,3.3015,16.6576
9760,41.773,144.759,14.1924,3526.17,3.46537,16.0619
5283,32.0846,110.359,12.5233,3525.34,3.43962,14.7598
12,34.4844,142.861,14.0532,3545.19,4.14277,16.3528
5785,34.0346,169.401,16.5679,3567.57,4.97732,18.8779
9558,35.7379,157.436,13.6419,3552.09,4.4053,16.7022
8034,41.8711,50.9177,6.63403,3386.91,1.21606,7.65089
3821,40.7889,129.117,11.6271,3515.96,3.1655,12.8017
2398,36.8671,153.916,13.8324,3546.03,4.1749,16.2598
2953,33.7619,121.939,13.7808,3530.78,3.61173,16.4695
6965,37.5405,160.333,14.7409,3548.53,4.27093,15.5731
3814,33.1797,118.18,14.3253,3529.29,3.56181,16.4773
6141,37.9894,121.82,14.1253,3517.48,3.20669,17.0879
7306,37.4426,97.8272,9.74774,3495.5,2.61272,11.8132
5189,39.9844,107.286,14.3282,3498.11,2.68319,16.4045
4697,39.1269,143.87,13.4526,3532.59,3.67701,15.5223
4382,48.2035,113.127,12.0769,3484.62,2.34687,14.339
6721,35.1868,92.1109,9.65892,3495.69,2.61777,11.7455
4657,49.5084,88.945,9.84205,3457.76,1.79656,10.1457
619,39.5739,141.578,13.9652,3529.8,3.57757,16.2554
5437,40.9653,112.029,10.4639,3500.01,2.73473,12.3255
7401,42.7232,139.7,14.244,3519.82,3.26989,16.6043
696,39.9967,129.213,14.7632,3518.37,3.2306,15.5036
4513,42.3137,136.664,12.846,3518.34,3.22978,15.0082
9779,42.3142,71.7212,8.43431,3449.26,1.69497,9.37746
8604,39.5279,141.815,14.7328,3530.11,3.58773,16.1884
6280,43.7003,249.51,19.2614,3594.66,5.70958,20.1219
3399,36.5929,76.665,10.0014,3474.32,2.09508,11.0108
1817,35.1379,124.939,13.7854,3529.09,3.55568,16.2444
7019,37.7756,120.99,13.8258,3517.34,3.20287,16.1907
3461,40.3451,73.6778,9.07435,3460.15,1.82619,10.2707
3536,32.9948,124.772,14.3878,3535.49,3.78156,17.2798
2549,38.6319,109.911,12.5615,3504.09,2.84507,15.2598
4157,43.381,94.2037,11.1055,3477.19,2.17154,12.4072
188,33.647,150.048,14.595,3553.53,4.45948,16.7599
2970,41.5874,166.178,13.0058,3541.36,3.99588,15.547
7914,46.1467,86.338,10.5831,3463.02,1.87095,10.8058
1380,37.3445,106.062,10.8796,3503.91,2.8401,12.2484
2596,36.6768,87.9272,10.4855,3486.95,2.39735,12.6938
7059,32.7717,146.261,15.6299,3553.63,4.46302,17.0439
5145,40.9554,142.043,12.8228,3526.26,3.46823,15.6222
7396,36.001,137.908,14.5358,3536.86,3.83068,16.4396
7371,46.3124,75.6658,6.87302,3442.57,1.63381,7.93332
7521,42.8601,135.322,13.0687,3515.65,3.15731,15.0051
1665,39.4091,114.494,12.3781,3506.32,2.90528,14.0483
2977,44.435,60.9882,6.58457,3410.14,1.37253,7.25184
2634,38.482,174.177,15.1363,3555.32,4.52619,16.2511
4699,48.2457,91.5901,9.88536,3464.78,1.89841,11.208
2189,35.7075,168.416,15.0384,3560.42,4.71654,18.2728
3205,38.3227,143.148,13.5009,3534.21,3.73533,16.1048
8590,49.316,82.5002,9.39559,3446.84,1.67289,11.2312
979,33.192,186.488,17.4473,3589.65,5.61847,20.374
5067,40.3492,139.383,13.7386,3525.82,3.45442,16.7245
3071,41.567,138.621,13.2738,3521.95,3.33487,14.8769
5608,50.1943,80.6028,8.45638,3439.41,1.60582,9.72924
8938,33.6884,134.364,14.9072,3541.17,3.98845,16.7306
1292,45.6782,140.884,12.7391,3512.95,3.08428,14.7027
8665,40.3717,115.303,12.3516,3504.5,2.85604,13.6855
3229,37.2245,145.128,14.5209,3538.75,3.89872,16.4231
2094,35.5549,136.438,14.5029,3537.05,3.83739,17.1233
4586,35.7486,101.012,11.3902,3503.37,2.82563,12.8336
3713,40.1553,131.581,14.2212,3520.07,3.27681,16.0617
4874,34.7726,88.9884,10.8346,3493.53,2.55915,12.1014
9694,42.632,146.854,13.7593,3525.5,3.44469,15.6413
1996,36.2926,119.754,13.5851,3520.81,3.29967,16.4776
567,31.1454,171.543,20.0657,3585.35,5.50783,24.0552
7969,33.0501,134.868,14.4369,3543.57,4.08072,16.0228
8786,39.6583,129.205,14.1734,3519.38,3.25796,16.1546
1385,35.387,184.499,18.102,3574.86,5.21374,20.7584
6757,44.8541,138.164,12.1157,3512.8,3.0803,14.0935
4381,39.9217,148.526,14.5906,3533.8,3.72045,16.1471
7594,36.1999,115.298,11.5601,3516.68,3.18505,13.7906
4909,33.8437,114.532,13.5569,3523.54,3.38415,15.9542
9190,36.4217,146.724,13.7964,3542.21,4.02848,15.2444
3286,37.3129,144.717,13.594,3538.19,3.87848,15.448
7543,32.2383,131.563,14.5664,3543.58,4.08096,16.7368
2867,43.5186,156.561,14.373,3530.38,3.59757,16.3857
2460,41.0955,63.454,8.11458,3431.33,1.54406,9.98105
4345,44.4065,62.9137,7.09645,3415.37,1.41677,8.30611
816,32.71,101.21,11.4112,3513.31,3.09416,13.3325
5177,43.0635,137.268,13.7395,3516.77,3.18757,16.3526
8836,39.8886,151.985,13.7313,3536.29,3.81023,16.1616
9689,43.5914,145.626,15.079,3522.14,3.3407,16.797
1335,36.1971,132.796,13.6591,3532.36,3.66869,15.7449
8926,40.9114,132.793,14.5668,3518.93,3.24586,17.191
2493,35.8808,92.3169,10.5967,3494.03,2.57287,12.7232
541,37.6045,123.516,15.0242,3520.32,3.28462,16.6983
2338,40.8132,141.976,12.9371,3526.6,3.47867,15.6256
7415,40.7684,160.83,13.5039,3540.03,3.94497,15.9031
165,35.3006,201.08,17.9053,3593.9,5.69621,20.471
4470,41.1688,127.869,13.5261,3513.75,3.10597,16.5879
1256,33.1652,116.355,12.9969,3527.56,3.50834,15.2564
6737,37.3781,143.428,13.854,3537.04,3.83723,16.306
8268,33.7202,147.828,15.4905,3551.52,4.38397,16.914
1464,34.4617,103.629,11.249,3510.08,3.00707,13.1357
9669,35.1711,104.57,13.766,3508.83,2.97319,16.748
8718,42.463,164.313,15.3803,3537.94,3.86957,17.2335
2950,38.8744,130.012,13.8214,3522.26,3.34442,15.8885
3206,37.5622,168.704,15.1236,3554.39,4.49133,17.2983
6308,33.1826,136.412,14.5596,3544.36,4.11095,17.4935
5724,44.8896,144.604,15.3869,3518.02,3.22133,15.9094
7976,39.9717,133.966,12.4838,3522.49,3.35153,15.0196
8608,34.0653,119.531,14.0973,3527.58,3.50889,17.0214
2199,39.6628,123.212,15.152,3513.77,3.1065,16.7089
7985,39.3022,109.156,11.8463,3501.59,2.77736,14.0904
2847,39.5774,155.351,14.6168,3539.49,3.92524,16.3503
7259,29.7317,121.004,14.8712,3543.29,4.06987,17.1435
6522,39.6844,107.325,13.8553,3498.89,2.70448,15.7374
8256,48.0364,60.6658,6.70983,3394.41,1.26291,7.80619
2949,41.8125,121.03,10.8469,3505.92,2.89458,12.2921
4419,33.5781,164.325,15.3435,3565.28,4.89382,17.438
9088,33.9874,119.327,12.9343,3527.64,3.5109,16.7651
9595,40.0442,141.494,12.99,3528.37,3.53346,16.1641
5429,36.3813,222.741,19.6806,3629.29,6.12238,22.9658
4747,36.5295,124.253,15.2114,3524.1,3.40144,16.5745
3634,35.6941,225.911,20.1885,3663.71,6.32909,22.5699
8683,40.6476,108.611,12.764,3497.69,2.67202,14.5693
1394,38.7794,131.211,14.377,3523.52,3.38353,15.5026
4369,43.704,215.014,18.0871,3566,4.91978,19.4871
5099,39.0833,144.114,14.8527,3532.88,3.68734,16.1345
3957,36.2302,140.396,13.977,3538.09,3.87511,15.9917
7456,41.409,189.831,15.4237,3556.87,4.58428,18.462
6832,38.1972,108.125,11.8143,3503.56,2.83069,14.9483
2462,37.8273,145.569,14.0456,3537.35,3.84827,16.0889
653,36.5744,103.112,12.892,3503.13,2.81923,15.9603
211,36.2985,114.231,13.1616,3515.27,3.14699,15.3943
1322,34.9266,137.769,15.0277,3540.02,3.94453,16.598
286,33.9035,128.163,13.9639,3535.46,3.78023,16.526
2572,33.474,179.349,18.1023,3579.59,5.35787,23.7079
5400,34.9663,163.142,18.1928,3559.05,4.66569,22.1495
3790,38.3055,202.225,20.6399,3577.01,5.27926,23.314
5224,33.6557,185.916,19.182,3585.98,5.52405,22.5832
5236,41.5155,163.538,14.5208,3539.87,3.93919,16.1072
2866,39.5844,133.928,13.6658,3523.52,3.38337,16.3901
3574,43.1543,140.143,14.226,3518.99,3.24748,16.641
6159,47.1738,109.191,12.0135,3483.14,2.31466,14.6183
4622,38.1059,160.872,17.5662,3547.25,4.22172,19.5445
4805,35.9959,93.3179,9.85723,3494.76,2.59246,10.7805
3759,32.743,117.367,14.5691,3530.02,3.58448,16.8387
4844,38.759,133.126,13.3064,3525.18,3.43471,15.0378
5360,35.7443,163.077,13.0272,3556.28,4.56233,16.9506
8167,39.251,113.425,11.9887,3505.74,2.88975,14.4226
9436,40.7283,112.372,10.694,3500.91,2.75907,12.4081
4501,36.8143,87.7886,10.123,3486.36,2.38464,11.8073
3438,35.2615,139.738,15.7395,3540.5,3.96289,17.3203
6722,45.2584,135.667,14.9584,3509.73,2.9976,17.2667
3170,32.765,134.779,15.5315,3544.43,4.11351,17.0019
9328,39.2229,159.405,16.0599,3543.14,4.06408,17.6011
8572,32.4771,125.235,15.0035,3537.57,3.85612,17.1572
2108,44.8647,103.693,11.6418,3482.98,2.31125,13.3374
1359,39.6316,138.642,15.2159,3527.24,3.49827,16.3571
1463,37.3665,113.211,12.9964,3510.93,3.02976,14.8811
8873,41.992,113.995,11.0707,3499.27,2.71468,12.9214
8001,34.9026,198.792,16.3543,3593.87,5.6956,19.157
1252,42.0759,120.835,14.0338,3505.08,2.87183,16.1515
1778,42.5347,173.299,14.8601,3543.4,4.07429,16.1407
5972,40.7406,132.499,14.4679,3519.17,3.25225,16.8126
8681,40.2644,158.593,14.162,3539.86,3.93878,16.356
2270,38.5673,99.8756,12.5002,3494.65,2.58965,14.2677
5447,35.2716,116.809,14.4878,3521.2,3.3117,15.3988
1999,33.3603,141.393,14.9917,3547.68,4.23835,17.3202
4558,39.6908,147.818,13.9671,3533.9,3.72423,16.2898
144,39.2317,121.721,12.372,3513.63,3.10263,13.9404
6962,40.8994,134.591,14.2375,3520.52,3.2908,15.7702
9193,43.3546,146.231,14.348,3523.18,3.3729,17.4067
6329,35.9797,116.678,13.4585,3518.82,3.24287,14.7754
6335,41.3078,182.879,14.2904,3552.67,4.42723,16.9307
3728,41.8465,136.913,13.6981,3519.89,3.27179,16.8772
9662,37.0299,100.843,11.2661,3499.59,2.7233,13.2392
3830,37.3395,116.712,13.7068,3514.48,3.12568,15.9412
7095,40.4192,106.263,11.9333,3496.11,2.62902,14.2084
2351,40.5528,138.935,13.5177,3524.9,3.42603,16.5998
5683,33.1869,148.383,15.9145,3553.85,4.47112,18.3438
9927,33.1449,151.054,14.6702,3556.15,4.55737,17.3391
2222,35.5495,119.91,14.2525,3523.18,3.37305,16.9145
8741,37.0506,118.406,12.6426,3517.08,3.1958,13.6621
1770,32.853,146.948,15.9946,3553.89,4.47288,18.3459
5359,36.291,115.593,14.5124,3516.68,3.18517,17.2059
2986,34.9135,126.515,13.1746,3531.11,3.62368,16.6979
7623,35.9536,180.95,20.0984,3569.1,5.03287,23.0747
4414,40.1761,80.5566,9.17946,3470.95,2.00509,10.7922
6180,39.5272,151.024,15.6294,3536.58,3.82077,17.0655
1347,43.0823,102.897,13.2269,3486.53,2.38837,15.9414
9049,38.966,228.841,20.0292,3606,5.87283,22.326
4864,37.0702,141.143,15.5949,3536.21,3.80746,16.9819
5258,44.023,113.969,14.9534,3494.62,2.58885,16.4782
7093,42.7169,148.824,15.6043,3526.77,3.48396,16.8579
7885,39.8922,86.9946,8.61886,3477.53,2.18074,9.97972
2019,42.8493,150.681,14.0762,3527.83,3.51654,16.2865
4055,37.3955,131.142,13.6942,3527.51,3.5069,15.3507
8870,37.131,145.828,14.168,3539.55,3.92739,16.8774
5624,39.6214,201.659,16.927,3570.79,5.08965,18.9756
7039,35.3778,144.376,15.0983,3543.58,4.08099,17.0317
4691,41.151,148.182,13.9596,3530.48,3.60093,16.4993
5691,47.8361,114.976,14.1272,3487.23,2.40354,15.8623
5253,38.6024,115.788,13.4884,3509.8,2.99951,16.3511
1128,39.2921,156.906,13.8359,3541.29,3.99333,16.6411
6791,31.0587,123.882,14.427,3541.17,3.98866,18.1591
1382,35.2942,120.89,14.0108,3524.87,3.42521,16.7809
4437,36.381,129.015,13.7784,3528.79,3.54623,16.7109
8449,40.964,151.792,14.1266,3533.38,3.7055,16.6326
8126,34.3582,154.967,14.4785,3554.89,4.51035,17.5474
5685,43.1967,120.854,13.8857,3502.34,2.79776,15.845
6425,35.9337,109.541,10.9581,3511.62,3.04841,13.8075
6790,37.5577,152.9,13.6489,3543.32,4.07108,16.4057
1197,41.0847,142.45,14.3391,3526.23,3.46723,16.6666
6088,36.3511,114.213,12.6873,3515.08,3.14192,15.7721
3690,34.3755,126.993,14.8431,3533.07,3.69429,17.2232
2537,41.3353,146.936,14.0508,3529.06,3.55473,16.5638
6391,48.7859,83.0759,9.17745,3450.09,1.70286,11.2843
9305,42.1513,152.398,15.0319,3530.88,3.61549,15.9004
5813,40.2799,167.605,14.7319,3545.66,4.16099,16.8454
3791,39.1922,159.827,16.5839,3543.5,4.07803,18.6606
2466,36.7686,118.736,14.6577,3518.32,3.22927,17.2356
4305,41.1659,146.16,14.713,3528.93,3.55052,17.3467
8556,34.3868,107.751,13.365,3514.77,3.13351,16.1193
2795,33.5172,180.007,18.6165,3580.01,5.3706,20.4268
1001,37.7352,105.077,11.8053,3501.85,2.78458,13.7161
9872,40.5629,141.538,15.234,3526.95,3.48935,18.2686
9407,34.5226,105.986,13.7211,3512.42,3.07003,15.3681
5324,39.8732,136.924,13.4145,3525.16,3.43399,15.9091
7329,40.4174,124.31,14.9201,3512.63,3.07567,17.2086
3488,36.0311,132.49,15.0696,3532.59,3.67712,16.852
965,36.0354,150.692,15.0402,3546.21,4.18178,17.2632
5675,35.2957,136.536,14.1495,3537.9,3.86833,17.019
7372,41.5315,123.007,11.4365,3508.41,2.96177,13.4753
8019,42.4415,88.351,9.79729,3473.82,2.08171,11.6722
8961,34.3505,132.923,14.3434,3537.94,3.86962,17.5142
185,43.9731,118.428,13.9531,3498.47,2.69318,16.3349
4209,34.6225,133.113,12.5695,3537.25,3.84469,15.3146
7304,45.3109,98.5902,13.0413,3477.35,2.17586,15.0785
1521,36.4003,115.495,10.8295,3516.23,3.17293,13.4437
1096,42.4362,74.1844,8.59868,3453.8,1.74814,10.8117
1329,44.5031,72.8539,8.78491,3442.92,1.63705,10.2848
6463,44.5122,139.872,13.2543,3515.1,3.14233,16.7623
9277,41.8961,160.043,14.402,3536.56,3.82,16.6813
4898,36.7514,158.586,15.4084,3549.68,4.31511,17.2126
638,47.9687,156.229,14.0679,3519.34,3.25691,15.842
2659,36.0663,107.298,12.6518,3508.9,2.97502,14.5468
1409,40.3193,95.1041,10.4248,3485.17,2.35877,10.899
5781,44.6162,155.916,13.7552,3527.12,3.49461,16.0635
4994,37.552,156.019,14.4641,3545.5,4.15473,17.1034
8885,46.4569,147.52,14.0689,3516.32,3.17541,16.0843
3561,43.87,69.653,9.04186,3437.04,1.58771,10.8408
3997,51.1717,74.955,10.1083,3421.14,1.46477,12.1237
322,35.1454,109.692,11.8837,3514.31,3.12109,13.6856
7843,39.9618,141.901,15.6804,3528.94,3.55091,17.916
5860,30.3195,116.996,13.575,3537.64,3.85876,17.0234
3558,37.429,147.153,14.6194,3539.66,3.93151,16.4928
6715,46.5391,121.281,14.1346,3495.26,2.606,16.9757
5767,36.6278,179.675,16.2749,3565.6,4.90543,18.4296
5995,47.3014,123.357,13.4709,3495.33,2.6079,16.6298
4365,36.569,80.9835,9.95736,3478.8,2.21454,12.2207
8384,40.7907,121.468,14.0112,3509,2.97785,17.0375
5152,37.4796,134.662,13.9074,3530.26,3.59293,15.9833
1670,35.7507,140.953,14.5945,3539.97,3.94268,17.2957
7806,34.7423,151.937,14.3696,3551.23,4.37325,17.0622
3700,32.4962,127.794,14.0172,3539.69,3.93258,17.6933
5479,40.9395,127.333,12.608,3513.91,3.11027,15.8325
7795,41.5785,125.987,13.7879,3510.94,3.0301,17.0483
1430,38.9665,142.936,13.8512,3532.35,3.66818,17.0246
2484,50.4714,91.632,8.99806,3459.31,1.81552,9.82468
4533,35.6973,214.381,19.0375,3618.39,6.00551,23.4003
8982,42.052,162.864,13.2774,3538.03,3.87293,15.81
3796,46.1001,74.3054,8.72393,3440.16,1.61183,9.96512
1601,45.7805,96.1147,10.9566,3474.49,2.09947,12.627
4307,36.3345,150.168,15.287,3544.93,4.13294,16.415
758,38.3781,170.621,14.4996,3553.17,4.44579,16.6623
6187,35.8061,143.276,15.2037,3541.5,4.00144,17.4761
2780,44.5655,96.8995,10.2071,3477.29,2.17432,12.1066
6236,44.054,142.092,15.0553,3518.18,3.22541,16.0271
6207,40.8329,161.536,15.4553,3540.32,3.95602,18.0796
3738,37.0953,188.509,16.2816,3570.53,5.08175,19.3429
7934,38.8432,135.501,15.0633,3526.92,3.48841,17.4497
6132,37.604,156.652,14.2574,3545.79,4.16582,16.1236
544,39.8201,124.265,13.7019,3514.29,3.12066,16.3015
7832,38.0453,125.925,12.5338,3521.14,3.30987,14.9261
5619,31.9717,154.8,18.338,3563.85,4.84177,21.7083
9579,41.4711,153.196,14.7911,3533.06,3.69405,15.6516
5591,34.7808,152.527,15.5445,3551.55,4.38538,17.9669
2887,41.4582,167.519,15.9107,3542.53,4.04066,17.2914
4598,41.2959,138.153,14.1323,3522.29,3.34544,16.0599
2104,35.7778,105.402,12.715,3507.83,2.94603,15.0346
6005,34.3087,128.393,15.2023,3534.4,3.74227,17.7269
7542,41.4733,165.9,14.7317,3541.47,4.00015,15.94
4121,38.835,141.449,13.9156,3531.63,3.64231,16.0254
1271,50.7921,71.1316,7.28064,3413.44,1.40045,8.61301
1473,32.955,124.682,15.2982,3535.55,3.78341,18.4878
7322,38.2103,154.801,14.5367,3542.8,4.05129,17.0084
1266,36.772,152.856,13.842,3545.56,4.15686,17.3989
9587,35.0592,146.023,14.4419,3545.77,4.16505,17.2144
6651,42.0677,144.378,14.6926,3525.09,3.43203,16.9569
2636,37.6231,160.169,14.8684,3548.17,4.25719,16.8339
1268,45.5212,139.851,13.677,3512.5,3.07222,16.4761
4692,45.8792,104.079,9.11045,3481.02,2.26854,10.9367
4216,31.8075,174.131,20.3668,3584.05,5.47453,22.2544
3697,38.7712,143.551,14.4105,3533.3,3.70252,16.9645
3868,37.8251,143.859,14.7748,3536.1,3.80327,16.7606
2157,35.8769,112.114,13.644,3514.45,3.12495,17.3301
6921,40.6332,93.1095,12.0265,3482.07,2.29147,13.972
4122,40.6277,123.034,13.7808,3510.87,3.02834,16.0364
7022,39.6243,94.9554,12.251,3486.9,2.39639,14.1641
8367,47.4549,89.4613,9.2228,3463.93,1.88518,11.0265
9626,41.2798,143.867,14.3955,3526.81,3.48517,17.1958
466,33.8579,130.472,16.2527,3537.49,3.85353,17.6488
42,40.8342,124.31,13.7128,3511.46,3.04425,14.9596
5252,37.5409,143.1,13.7139,3536.34,3.81184,16.1427
281,37.3938,167.061,17.5061,3553.75,4.4676,19.9044
6652,45.091,146.648,15.1099,3519.17,3.25227,17.0356
4176,35.7492,144.19,13.9036,3542.34,4.03336,15.0748
238,38.7388,116.125,13.1364,3509.74,2.99763,14.5127
2674,42.6279,153.843,14.0521,3530.7,3.60898,16.4907
6232,41.5956,223.154,20.2712,3579.82,5.36485,21.7459
7681,36.2623,108.825,14.7459,3509.86,3.00105,17.4741
6915,37.3482,126.419,14.4037,3523.57,3.38487,16.7275
523,37.1042,131.743,14.6664,3528.93,3.55064,16.7696
5021,36.8775,91.0553,9.45229,3490.2,2.46913,11.5529
4757,44.4537,106.211,11.8801,3486.58,2.38926,13.7588
4395,39.9857,119.777,11.7587,3509.66,2.9955,14.6336
6453,43.6604,136.901,14.647,3514.85,3.13558,16.5693
8281,34.3251,163.981,15.1652,3562.08,4.77728,16.9775
5068,37.6233,155.63,18.6127,3545.03,4.13654,22.1884
7790,33.4697,127.846,14.8093,3536.56,3.81974,17.6266
1661,39.8479,144.227,14.1748,3530.99,3.61943,16.419
7850,39.4141,166.49,14.5198,3547.31,4.22412,17.3203
9271,35.8093,106.749,14.0429,3509.12,2.98104,17.4143
28,42.8109,104.853,14.287,3489.34,2.44921,16.1868
6217,37.2948,128.606,13.4265,3525.62,3.44838,16.6501
4791,33.8357,157.776,16.6747,3558.97,4.66299,19.6067
8758,32.6904,142.945,14.8577,3551.21,4.37268,18.2246
7648,43.9836,104.727,10.5096,3486.2,2.38104,12.847
6366,35.5214,138.061,15.1469,3538.42,3.88671,17.2479
9052,37.5428,149.601,15.3402,3541.07,3.9848,17.7828
6423,47.7453,124.955,12.9651,3495.67,2.61713,13.6665
250,40.9703,161.196,13.2323,3539.74,3.93446,16.6973
5564,38.5628,128.004,13.7668,3521.45,3.31936,14.9861
1115,39.5044,133.274,14.39,3523.2,3.37364,17.1748
6990,38.8886,143.138,14.4307,3532.69,3.68071,17.1522
8375,35.3061,120.114,14.0537,3524.12,3.40207,16.8545
6643,33.3433,180.739,19.3086,3581.95,5.42057,22.0081
8152,31.5996,133.317,17.0127,3547.18,4.21894,20.0031
6905,43.3153,107.789,10.6835,3490.92,2.48847,12.4938
4732,34.3106,119.572,14.2164,3526.81,3.485,16.3698
5967,41.9156,85.0118,10.5909,3471.81,2.02817,12.3778
5681,31.885,100.793,13.4876,3515.79,3.16115,17.4845
3911,42.7677,129.325,13.4738,3510.71,3.0239,16.6193
9155,40.5999,142.321,14.4689,3527.47,3.50545,16.7959
674,36.6458,142.835,15.7919,3538.72,3.89772,18.0079
2543,42.2718,105.69,10.0042,3491.35,2.50025,12.0854
1054,43.1029,152.644,14.7741,3528.63,3.54138,17.0592
9397,37.6744,154.102,14.7,3543.82,4.09035,16.5848
2389,38.7255,137.368,14.5421,3528.82,3.54721,16.8288
8052,40.1236,99.0877,11.1972,3490.22,2.46956,13.4362
6922,50.679,96.5488,10.6196,3465.21,1.9051,12.7192
6705,35.9931,121.46,14.0362,3523.23,3.37454,16.9214
1506,40.9948,139.683,14.1861,3524.29,3.40733,15.4015
1866,50.2616,93.659,10.3821,3462.53,1.86343,11.5475
7815,42.8016,86.3525,9.48284,3471.41,2.01751,11.4383
9130,38.9201,152.707,14.1598,3539.44,3.9236,16.9362
1276,43.2127,119.662,12.6904,3501.28,2.76915,14.2733
5338,38.2737,115.686,12.9609,3510.66,3.02261,15.6621
3305,39.4388,206.125,20.7974,3575.28,5.22644,23.6396
1476,41.8655,129.372,14.0004,3513.16,3.09019,17.2404
1851,44.8285,165.774,14.8875,3533.17,3.69797,17.0804
6123,35.2088,144.191,14.4929,3543.95,4.0953,17.1737
2410,45.3984,144.522,16.4534,3516.62,3.18342,17.5661
320,48.9854,111.525,12.255,3481.39,2.2767,14.3272
1530,38.9928,131.054,15.7288,3522.79,3.36097,17.6166
6655,36.411,159.355,16.6605,3551.32,4.37657,18.4786
1952,34.2869,115.993,14.897,3523.51,3.38302,17.8014
1662,42.6779,125.195,13.8307,3507.36,2.93348,16.5957
5799,37.6352,240.983,19.7708,3674.38,6.40314,23.9597
2209,34.8423,131.473,13.2165,3535.27,3.77339,15.1747
3384,39.2376,157.853,14.6475,3542.07,4.02302,16.8405
9374,34.1297,156.982,13.8781,3557.28,4.59956,16.9497
1657,39.5966,231.501,19.0842,3603.71,5.84647,21.622
8778,39.5667,134.904,12.8229,3524.36,3.40954,14.7463
6772,37.1592,119.94,14.4279,3518.26,3.22772,17.0971
4891,36.6409,131.556,12.6024,3530.19,3.59041,15.4373
3336,39.8196,190.237,14.7474,3562.09,4.77746,17.3854
4883,37.4617,118.162,14.3359,3515.54,3.15422,16.7025
7739,47.7389,144.454,15.4396,3510.78,3.02591,17.7262
9261,43.8552,256.747,23.7667,3604.4,5.85443,25.3456
9589,42.3727,160.979,16.1248,3535.98,3.79912,17.1848
3708,34.0527,108.811,13.3765,3517.06,3.19537,16.0791
325,36.6042,149.103,14.785,3543.38,4.07339,17.5175
3276,45.9778,146.711,12.933,3516.9,3.19091,14.6911
7697,45.804,180.301,14.7866,3539.79,3.93636,16.5653
4915,34.135,80.2277,9.87673,3484.78,2.35031,12.7474
1350,46.7235,111.073,11.4604,3486.02,2.37723,14.1978
5132,41.867,132.785,13.1501,3516.18,3.1716,16.2078
3927,40.6536,88.7873,9.80401,3477.66,2.184,11.6785
4053,35.0888,159.107,14.3731,3555.54,4.53442,17.2362
2671,0,0,0,3166.59,0,0
237,41.4124,164.481,14.9455,3540.73,3.97178,16.8654
6817,37.4232,121.864,14.1897,3519.32,3.25638,17.147
1888,43.5273,118.492,10.952,3499.55,2.72224,13.5156
7778,44.6881,180.812,16.0633,3542.67,4.0461,17.0011
7597,40.8332,137.847,13.0609,3523.27,3.37585,16.116
1138,37.2904,149.116,15.3736,3541.43,3.99877,17.2464
4411,42.282,84.8069,9.8648,3470.97,2.00574,11.5885
60,41.8088,177.037,14.4936,3547.58,4.23445,17.0516
9920,39.591,174.072,15.6934,3551.86,4.39674,16.5745
2835,43.3104,165.378,14.8436,3536.52,3.81844,16.5775
2934,42.0527,143.075,15.1825,3524.13,3.40228,16.8749
1073,39.9722,124.899,15.1067,3514.44,3.12465,16.7594
8478,36.0478,164.073,15.0848,3556,4.55155,17.7527
9360,32.0196,130.948,15.1496,3543.8,4.08964,17.8566
2391,38.8807,138.142,14.744,3529.01,3.55297,17.8221
6238,29.8931,113.511,15.7227,3535.93,3.79725,18.3756
1077,41.4189,72.0403,8.82876,3453.07,1.73931,10.2761
4680,35.8073,131.719,13.9985,3532.63,3.67856,17.2453
3714,30.7247,140.735,14.927,3556.77,4.58052,18.3979
2010,41.5945,119.479,12.8944,3505.1,2.87248,15.3514
3669,43.6732,167.634,16.0521,3537.07,3.83839,17.8298
3968,38.7713,225.229,22.5233,3600.48,5.80916,25.0353
2160,41.2168,126.818,13.1955,3512.67,3.07685,14.6369
4200,37.9452,99.4711,11.9687,3495.83,2.62144,13.4658
7341,39.5897,107.474,13.0197,3499.27,2.71469,14.8639
6834,50.0304,65.1762,6.50905,3400.7,1.30273,8.2564
5947,32.8494,128.892,14.007,3539.44,3.92373,17.0923
1300,38.2295,109.206,14.6658,3504.52,2.85659,17.1311
9366,36.2082,150.693,15.3131,3545.69,4.16184,17.376
9492,39.4977,154.635,13.6075,3539.2,3.91504,16.1494
5822,37.5159,145.83,14.7863,3538.43,3.88715,17.5518
3283,30.3396,99.562,12.4959,3520.22,3.28158,14.0583
9191,37.1265,149.173,15.8386,3541.93,4.01796,17.5565
6199,38.3754,174.321,15.2637,3555.75,4.54251,16.837
1561,47.9547,156.763,14.944,3519.79,3.26898,16.5921
7813,37.6893,120.18,13.2558,3516.82,3.18869,13.9347
5094,38.1027,147.969,15.3131,3538.32,3.88344,16.8568
360,43.3546,145.839,14.6548,3522.89,3.36388,16.8315
4582,38.0184,144.784,16.1741,3536.24,3.80825,19.0785
6416,0,0,0,3166.59,0,0
3543,40.1797,100.271,12.1098,3491.18,2.49557,13.3011
5210,52.4026,94.6255,10.5761,3458.51,1.80574,12.9741
2526,35.1203,152.749,16.9407,3550.59,4.34932,19.9567
2613,41.1082,140.537,14.8269,3524.66,3.4187,18.173
3277,36.0599,182.5,18.8468,3569.87,5.06102,21.5274
6311,46.0348,67.3793,7.67949,3420.99,1.46366,8.28344
4880,39.4231,120.087,12.5883,3511.53,3.04611,14.5654
2299,42.0694,127.179,14.4872,3510.68,3.02308,15.4877
4140,34.6188,115.652,15.8496,3522.14,3.34072,17.67
2260,41.2857,91.9014,9.77885,3479.23,2.22599,11.8982
8537,44.5315,67.1007,7.41547,3426.53,1.50682,8.75204
8277,36.3853,147.388,16.3459,3542.79,4.05076,19.1925
5147,40.7288,141.097,14.9124,3526.14,3.46431,17.289
4069,38.2499,133.264,13.6665,3526.78,3.48404,15.6779
5529,36.3867,181.689,16.5694,3568.01,4.99329,18.8413
4700,38.785,153.795,14.3019,3540.56,3.96533,16.818
4934,38.0248,224.439,19.5183,3608.56,5.90242,22.1463
4867,39.7765,148.78,15.1805,3534.35,3.74041,17.131
6315,46.4677,146.475,16.9832,3515.46,3.1522,19.2123
4115,41.6327,124.717,14.0346,3509.66,2.99566,16.5416
2392,43.9066,100.372,10.8121,3481.82,2.28603,12.4605
4015,40.2717,143.756,14.7931,3529.55,3.56965,17.5161
3778,36.2312,121.77,15.6993,3522.79,3.36093,17.2414
6028,41.8924,146.253,14.161,3527.01,3.49115,16.9082
3136,38.792,157.552,14.4728,3543.07,4.06145,17.1304
7668,35.5693,93.3295,11.5282,3495.92,2.62388,13.222
6916,34.2197,147.253,17.1327,3549.37,4.30317,21.4854
9999,42.4594,80.9304,10.5125,3465.27,1.90607,12.1345
2723,36.6677,121.224,14.3503,3521.02,3.30602,17.0948
7348,46.126,109.298,11.2249,3485.67,2.36955,13.3902
246,32.508,123.258,15.656,3535.77,3.79162,18.6253
2563,41.8132,218.786,19.3259,3575.47,5.23247,21.2862
131,38.6168,140.71,13.322,3531.67,3.64374,15.3215
732,38.4319,142.228,14.7229,3533.25,3.70078,17.3537
6724,44.6475,156.985,16.2451,3527.81,3.51609,18.1752
623,38.9793,129.737,14.4275,3521.74,3.32837,17.2331
4760,36.2951,107.722,14.1443,3508.64,2.96795,17.3916
1490,37.6115,161.055,15.1628,3548.82,4.28207,17.8271
8196,38.8893,145.985,16.8614,3534.73,3.75387,19.0972
8400,41.5744,122.397,13.0416,3507.75,2.94403,15.3986
7955,35.7535,147.336,13.7379,3544.62,4.12088,16.8879
224,33.6556,138.379,14.9924,3544.38,4.11162,17.0141
8423,39.0965,127.861,13.5599,3519.84,3.27039,14.7462
1338,36.3466,121.989,15.398,3522.64,3.35626,17.9935
6648,45.7216,142.133,14.3948,3513.85,3.10867,17.2692
9649,40.2996,101.771,13.1206,3492.28,2.52536,15.7421
249,38.8272,148.71,14.5229,3536.84,3.83005,17.2666
5642,37.9568,134.65,15.0716,3528.83,3.54745,17.3
4754,40.0792,112.794,13.0253,3502.95,2.81428,14.165
3015,37.9192,173.898,16.6827,3556.92,4.586,17.8161
2145,36.0131,144.138,15.2311,3541.53,4.00238,18.1535
9765,39.5898,97.3567,11.2339,3489.79,2.45914,12.8145
7116,48.5174,89.4906,9.82274,3461.32,1.84451,10.7096
2930,39.0195,89.951,9.6853,3482.71,2.30528,11.1171
2097,39.9389,136.247,14.7607,3524.42,3.41139,17.2544
9250,35.7734,200.261,21.0185,3588.86,5.59806,23.0437
9585,32.2312,93.5548,12.4177,3506.22,2.90261,13.7668
1956,40.7935,95.8055,11.2045,3484.7,2.34855,13.0799
217,37.7935,139.032,15.2473,3532.64,3.67873,17.6002
8723,40.9194,127.907,15.573,3514.49,3.12582,17.5567
202,40.2999,144.068,13.5835,3529.72,3.57491,16.7246
1841,42.9067,106.143,10.3715,3490.38,2.47381,12.2291
4936,38.3032,127.798,12.8335,3522,3.33647,14.8406
2575,32.4853,138.426,15.4058,3548.28,4.26121,17.4535
9715,36.2946,133.549,13.6331,3532.66,3.67957,16.8986
2936,42.5188,156.618,15.099,3532.77,3.68349,16.8871
1571,34.696,133.081,14.689,3537,3.83563,17.5555
3331,33.7994,156.954,15.7285,3558.46,4.64369,17.4785
1906,41.2018,170.516,16.6716,3545.08,4.13854,17.7194
3570,43.7076,142.292,15.0029,3519.29,3.25555,17.2954
4623,36.5971,214.116,22.2096,3604.07,5.85063,25.5594
4037,35.8319,177.429,19.7556,3566.87,4.95171,21.5642
1343,31.5161,105.681,13.545,3522.54,3.35323,16.5829
6618,43.6581,129.487,15.5722,3508.56,2.96593,16.8554
4082,41.1033,170.972,15.8742,3545.63,4.15958,16.5141
7334,38.867,217.657,20.5023,3588.94,5.60004,23.1401
5371,36.8575,99.8658,10.2515,3499.08,2.70951,12.4946
7330,37.0515,148.722,14.3491,3541.83,4.01392,16.5191
7474,36.5995,85.3358,10.8273,3483.92,2.33161,13.1261
2110,42.1838,160.243,14.954,3535.97,3.79868,17.3711
4300,41.3134,166.983,14.6588,3542.56,4.04185,17.2308
670,37.3834,129.387,12.5444,3526.03,3.46108,15.4976
9908,32.2438,158.138,17.7634,3565.57,4.90443,20.1298
6437,41.7263,175.241,15.5389,3546.68,4.19977,18.146
9212,40.2167,96.9634,8.89068,3487.58,2.41102,10.9091
3364,34.0608,114.885,12.2159,3523.18,3.37296,14.729
2660,40.3505,113.032,12.6359,3502.47,2.80125,14.9415
9887,35.5694,121.077,14.6935,3524.18,3.40396,17.4796
7741,41.9464,145.61,13.7799,3526.36,3.47134,16.3429
9559,38.2895,143.187,12.4949,3534.33,3.73958,15.5135
2531,39.4895,106.407,12.1542,3498.53,2.69457,14.7914
6822,38.565,145.767,15.8281,3535.45,3.77978,17.5569
8227,47.6674,154.061,13.9959,3518.42,3.23201,16.8758
6711,43.3168,66.3425,7.31429,3429.7,1.53156,8.3249
7120,43.9918,82.4208,9.52554,3463.18,1.87355,11.6093
3260,39.4104,180.027,15.8038,3556.44,4.56802,18.7707
5991,38.161,104.952,12.482,3500.58,2.75025,14.053
4118,33.9025,146.048,17.5602,3549.5,4.30788,21.0701
9204,37.0443,140.401,16.0502,3535.73,3.79007,17.8931
7602,44.7642,159.337,14.7649,3529.22,3.55947,17.2825
5173,40.3283,152.077,15.2185,3535.2,3.77096,17.4257
8695,38.1647,117.043,11.36,3512.3,3.06679,13.8575
6357,34.5054,126.695,14.3969,3532.45,3.67176,17.7052
9012,41.9785,161.33,14.8717,3537.21,3.84317,17.2029
9024,43.9472,98.563,11.3727,3479.86,2.24276,12.8819
6449,33.7498,148.819,14.5159,3552.2,4.40949,16.9563
305,38.5755,161.879,16.0817,3546.59,4.19641,17.5688
4939,44.6551,78.267,10.0943,3454.17,1.7527,12.166
9515,40.8731,92.7445,10.7904,3481.04,2.26908,13.4262
2168,42.4733,150.311,15.3814,3528.55,3.53894,17.5226
6767,37.6781,109.192,13.0926,3506.05,2.89801,15.0585
4342,32.9308,145.813,17.1841,3552.69,4.42786,18.4786
9273,38.6936,131.372,13.0126,3523.9,3.39519,15.8199
3032,38.9385,171.344,16.3299,3551.95,4.40036,18.2601
3012,41.2207,118.077,12.1033,3504.81,2.86451,14.0511
2183,41.2155,143.436,14.1254,3526.65,3.48015,17.208
2627,39.4782,143.223,15.4829,3531.23,3.62791,17.1941
6004,39.5285,149.009,15.7469,3535.16,3.76965,17.9752
4917,40.4279,144.537,15.1821,3529.72,3.57519,17.4247
27,35.9908,123.625,15.532,3525.19,3.43491,17.8888
4482,44.0812,169.623,14.332,3537.34,3.84797,17.1844
5692,41.3395,138.19,15.346,3522.21,3.34281,17.6125
6299,33.3869,143.163,14.2683,3548.98,4.288,16.8935
1792,38.6895,191.202,17.6438,3566.6,4.94195,19.2913
295,47.1085,157.141,15.631,3521.98,3.33572,17.9482
5184,32.5142,167.524,18.0041,3572.84,5.15233,21.4139
7638,34.7844,212.081,21.9807,3626.94,6.09701,24.2727
1750,37.2261,165.54,14.4606,3553.2,4.44688,16.6851
2602,41.3789,128.581,12.6179,3513.8,3.1074,15.8257
6013,51.1348,93.9655,9.73141,3460.88,1.8376,11.2371
4786,35.44,102.355,10.9735,3505.68,2.88812,12.3513
2597,32.3307,159.864,15.8145,3566.68,4.94466,18.5015
6678,33.2819,124.994,14.359,3534.77,3.75561,16.3497
3692,39.9434,141.157,13.7638,3528.39,3.53393,15.6269
7172,33.2671,107.609,12.1505,3518.52,3.2347,15.8859
7465,33.5557,141.29,14.0322,3546.96,4.2106,17.3579
4438,36.2159,122.63,15.0587,3523.61,3.38608,17.2409
5717,35.1496,178.313,16.5867,3570.24,5.07297,20.7224
9580,36.0964,149.002,16.7834,3544.8,4.12791,20.9105
1298,40.1168,127.418,14.1495,3516.35,3.17618,17.048
7510,38.5963,116.74,11.816,3510.74,3.02465,14.1938
3295,48.4467,179.238,15.2838,3533.22,3.6997,17.4408
3249,36.747,127.117,15.5513,3525.97,3.45926,17.625
3357,33.6575,120.55,15.8407,3529.93,3.58168,17.8411
7828,35.8339,144.124,15.4802,3542.04,4.02201,18.9965
9855,40.6439,162.544,15.5351,3541.45,3.99921,17.8442
1911,38.737,141.229,16.2398,3531.73,3.64584,18.1056
3486,36.7849,181.805,15.2414,3566.62,4.94239,17.5466
9597,42.3166,162.235,16.2662,3536.95,3.83382,17.9293
9203,41.8221,162.109,14.6529,3538.12,3.87615,17.2237
8651,37.9164,170.986,16.0287,3554.87,4.50955,18.1925
8480,33.5714,144.858,15.4323,3549.68,4.31493,18.1795
882,39.4256,117.069,13.8937,3508.69,2.96937,15.7466
7442,41.419,132.55,12.278,3517.24,3.20021,14.3799
9561,39.4616,121.214,11.7015,3512.48,3.0717,14.4212
7728,38.1718,169.472,13.9638,3553.01,4.43973,16.8542
6144,38.7875,82.9216,10.137,3475.93,2.13784,11.5058
5640,40.3263,165.727,16.3705,3544.33,4.10965,17.8269
6854,40.3158,154.56,14.2131,3536.94,3.83372,17.2935
9664,40.6693,143.962,13.8811,3528.58,3.53983,16.7729
6740,52.0278,84.5748,10.0942,3441.66,1.62557,11.8006
6495,41.23,245.418,21.4817,3613.24,5.95242,24.555
9080,35.4372,200.677,19.842,3592.01,5.66289,22.1056
7010,45.7225,168.549,14.598,3532.85,3.68635,17.7159
9564,33.2863,135.559,15.915,3543.36,4.07251,18.4637
3666,33.5227,159.043,16.89,3561.18,4.74433,19.1251
6323,40.1325,95.5055,9.99986,3486.14,2.37975,12.0262
7928,37.0844,220.756,22.7528,3613.27,5.95278,25.4143
7283,39.855,141.071,14.6438,3528.57,3.5396,17.5607
5601,41.0156,130.249,14.7219,3516.33,3.1756,16.7362
9355,38.7208,129.94,13.6511,3522.63,3.35582,16.06
3837,44.6672,169.273,16.1442,3535.72,3.78963,17.9251
4826,42.5115,149.857,15.0024,3528.1,3.52509,17.4192
5627,34.7696,190.709,20.6757,3584.46,5.48495,22.3129
3956,43.9471,141.76,15.2795,3518.19,3.22568,17.5776
5500,41.2437,128.515,11.4761,3514.12,3.11598,13.9664
585,36.8138,122.13,15.198,3521.39,3.31752,17.9007
3994,40.2104,141.885,14.8756,3528.22,3.52856,15.8048
716,46.4133,130.753,16.1285,3503.06,2.81714,18.0648
4495,36.7009,136.879,15.1815,3534.05,3.72959,17.7884
4773,42.0769,99.7563,10.0167,3485.73,2.37081,12.0618
5842,32.8134,131.035,14.8178,3541.29,3.99335,17.6529
51,42.7361,157.033,15.1512,3532.52,3.67449,16.7616
4572,38.827,149.316,15.1595,3537.28,3.84567,16.9682
2837,44.7556,169.885,15.8825,3535.89,3.79584,17.7788
890,40.3085,79.6826,9.57865,3469.81,1.97682,11.0116
4472,35.7894,123.357,16.0043,3525.57,3.44675,18.274
5320,46.3776,157.04,14.9834,3523.61,3.38612,16.3126
2905,35.5525,131.971,15.7015,3533.56,3.712,18.3539
3376,34.5422,147.565,16.3723,3548.56,4.27202,19.3813
5418,40.7051,82.9909,9.30309,3472.21,2.03883,11.2428
9000,45.879,76.1853,10.5699,3445.49,1.66057,11.6777
7310,44.9378,151.053,13.2711,3522.81,3.36139,15.7889
2615,37.7552,163.51,15.2508,3550.09,4.33079,16.9708
2933,41.3778,137.122,14.8983,3521.27,3.31389,16.9207
5928,44.0479,88.4535,10.5266,3471.06,2.00812,12.2092
821,36.9364,152.016,14.3824,3544.48,4.11561,17.2217
8932,47.3827,148.78,14.112,3515.01,3.13997,16.4684
8321,45.375,124.816,12.8855,3500.6,2.75076,15.6222
1813,40.2081,175.831,15.8054,3551.22,4.37301,18.1192
7319,40.0686,170.248,17.9225,3547.96,4.24892,21.0146
7185,38.5208,129.668,13.2625,3522.96,3.36618,14.784
8684,45.7183,142.113,14.5746,3513.84,3.10846,17.2586
4498,40.6809,84.7703,10.2742,3473.9,2.08379,11.2393
5159,38.5014,136.387,15.919,3528.66,3.54239,17.4373
591,41.8311,148.722,14.8451,3529.08,3.55529,17.8228
5679,39.3181,143.972,14.2979,3532.17,3.66173,17.449
5127,40.4737,128.985,14.8424,3516.75,3.18689,17.6613
537,48.5598,91.7985,10.5363,3464.27,1.89042,12.9786
2530,45.3011,145.14,14.3252,3517.38,3.2039,18.4547
4561,47.3973,120.066,11.6903,3492.57,2.53318,13.1289
8369,38.756,131.297,15.0989,3523.66,3.38778,16.8114
759,42.0933,173.158,14.1976,3544.43,4.11367,17.6979
7266,41.8664,208.68,19.8961,3567.77,4.98442,21.9967
6732,44.833,131.87,14.4787,3507.65,2.94136,17.188
7014,47.8493,179.832,15.5621,3534.85,3.7583,17.1714
4920,38.5765,236.697,21.0935,3630.77,6.13577,23.8935
2468,38.0046,145.212,17.4408,3536.59,3.8209,18.2515
2279,47.1586,111.778,11.5929,3485.7,2.37026,13.7328
7611,41.4178,135.714,15.7643,3520.07,3.27671,17.5552
8288,29.5957,188.583,21.2257,3669.69,6.37196,26.1851
1932,41.2771,189.794,19.2895,3557.24,4.59804,23.1893
8356,42.5733,138.999,13.837,3519.64,3.26494,15.647
1184,37.3934,148.87,13.7591,3540.98,3.98118,16.786
801,34.3054,143.915,17.5473,3546.55,4.19511,19.905
463,38.7481,137.655,14.7787,3528.99,3.55257,16.7793
6125,39.5073,124.144,14.4829,3515.1,3.14231,17.233
5110,34.566,141.744,18.6631,3544.09,4.10068,22.1583
3647,43.0023,110.324,11.7427,3493.76,2.56554,13.8618
8760,40.3919,197.901,19.7959,3565.44,4.89953,21.3002
4002,38.0004,132.454,13.1539,3526.83,3.48559,14.7294
4675,39.6635,130.278,16.4905,3520.32,3.28457,17.6537
6182,39.1492,141.85,16.3411,3531.1,3.62331,17.4615
5077,36.4163,151.29,15.6368,3545.49,4.15447,17.1404
8462,30.9644,148.321,15.2694,3562.43,4.79006,18.9493
9838,38.2934,128.883,13.1876,3522.95,3.36567,14.8937
9987,43.435,124.556,12.5938,3504.93,2.86764,13.5553
1803,39.1684,144.802,16.4853,3533.14,3.69691,18.5966
2830,41.0967,129.167,13.2036,3515.12,3.14301,14.7522
9104,36.5037,120.731,13.1671,3521.06,3.30735,15.8482
7864,39.7714,147.609,14.6288,3533.55,3.71144,17.3697
4961,44.519,112.238,12.8483,3492.12,2.52112,14.7296
2252,38.7755,146.638,15.3725,3535.5,3.78171,18.7728
3211,34.9866,148.37,17.5678,3547.75,4.24077,18.6465
2381,41.6745,89.8407,11.823,3476.6,2.15577,13.2822
108,42.6002,75.5967,9.47602,3455.96,1.77456,11.3672
2714,39.2683,180.489,15.7769,3557.19,4.5963,17.755
8780,38.9853,165.945,14.8564,3548.16,4.25661,18.4063
5281,31.6329,166.481,18.5942,3576.47,5.26291,22.8876
7786,37.4135,202.683,20.7338,3581.83,5.41737,24.4303
9187,36.0268,128.129,15.6655,3529.12,3.55651,17.7742
5804,37.9477,101.458,11.0022,3497.75,2.67363,12.9878
4448,34.0339,126.951,16.234,3534.07,3.73013,18.4697
6818,43.5412,79.7992,9.56295,3460.56,1.83273,11.4482
1871,44.9252,145.14,16.0141,3518.37,3.2307,17.9467
1263,37.6108,167.801,15.6981,3553.59,4.4615,18.01
7,39.1025,144.719,16.9091,3533.26,3.70103,18.487
7525,37.3099,140.227,15.1533,3534.85,3.75843,17.3717
6680,37.6633,228.386,18.2219,3623.87,6.0639,22.0383
5588,42.1223,114.97,13.2603,3499.81,2.72943,14.6112
734,40.1632,251.162,22.1667,3649.18,6.25354,24.5616
172,38.1067,106.212,12.0304,3501.95,2.78723,13.707
7531,35.2719,132.303,16.0061,3534.64,3.75096,18.4521
5984,45.2388,194.023,17.5875,3549,4.28886,19.1381
2822,39.2643,137.004,14.2614,3526.94,3.48927,16.6286
9761,27.3242,126.145,16.3681,3557.73,4.61659,20.451
5288,41.7754,157.56,16.7864,3535.22,3.7716,18.4801
1249,40.3732,163.432,13.8421,3542.72,4.04802,16.9334
8711,36.2949,219.445,20.3605,3622.23,6.04616,23.1495
2515,41.4566,172.081,15.8412,3545.4,4.15088,17.2876
2292,39.2183,230.324,21.1219,3606,5.87288,23.703
1809,40.3876,142.482,16.5088,3528.19,3.52786,18.3182
663,41.0704,93.3077,9.73693,3481.17,2.2719,12.3298
2646,49.8028,85.4262,11.0648,3451.11,1.71529,12.426
6349,37.1115,153.562,16.1272,3545.06,4.13786,18.1356
2060,34.85,161.063,16.8074,3557.87,4.6216,19.5811
7085,40.5074,252.886,20.778,3647.19,6.24296,24.4444
5165,40.8075,137.198,14.4108,3522.83,3.36208,17.2079
6808,40.8227,180.216,16.0018,3552.34,4.41462,18.3929
1624,43.3937,258.948,21.616,3614.69,5.96742,23.7648
7919,46.6325,171.227,14.4337,3532.45,3.67184,16.7655
3191,31.6271,163.163,19.0441,3573.06,5.15897,22.2512
4326,42.8427,65.2852,7.06598,3428.71,1.52384,8.31256
5914,44.4325,91.2579,11.4127,3472.78,2.05385,13.346
9733,38.9883,143.428,15.6978,3532.64,3.67875,17.8707
9133,40.8194,112.411,14.1542,3500.72,2.75386,17.7481
3905,37.0679,105.053,14.7217,3503.68,2.83407,18.079
4079,39.9009,139.721,16.204,3527.35,3.5017,18.6789
5444,41.0315,128.912,14.7987,3515.08,3.14179,17.3483
6482,38.7609,149.391,14.9367,3537.51,3.85416,18.705
6738,32.7834,104.076,12.2239,3516.3,3.17467,14.4553
1541,33.3272,152.324,16.383,3556.5,4.57055,18.8982
2240,45.2694,121.844,13.8402,3498.41,2.69154,15.7846
6899,33.353,140.921,16.3672,3547.34,4.22514,18.988
6811,43.6229,160.722,15.698,3532.8,3.68435,17.4633
4695,34.5175,179.971,21.159,3574.86,5.21391,22.6212
5848,37.7885,121.6,12.7003,3517.9,3.21792,15.226
8018,44.2204,148.015,13.7306,3522.35,3.3472,17.3841
2870,39.8696,135.603,14.1349,3524.09,3.40118,16.0724
478,40.4741,123.306,15.333,3511.55,3.04653,18.0226
4415,35.7863,174.646,21.2535,3564.91,4.88025,22.7956
8949,33.559,131.472,16.373,3539.27,3.91764,19.5471
2699,39.2204,140.917,16.5574,3530.26,3.59295,19.3764
7871,40.2236,185.297,15.7708,3557.47,4.60668,17.9205
4818,33.278,189.212,20.4258,3593.31,5.6858,22.1915
3411,37.6765,132.407,15.3491,3527.75,3.51431,18.2638
1503,43.8099,149.247,14.883,3524.27,3.4067,17.1375
630,44.9171,96.8287,10.8066,3476.6,2.15572,12.4545
5506,35.0926,100.343,12.9464,3504.62,2.85937,16.283
5117,37.2487,145.516,15.9097,3538.97,3.90662,18.6926
6824,33.5489,140.512,16.2295,3546.38,4.18827,18.1332
6605,33.4275,160.905,16.5381,3563.08,4.81354,18.919
9066,39.5813,160.057,15.0673,3542.61,4.04376,16.9084
8652,38.5056,156.001,14.4994,3542.81,4.05137,17.3624
7337,42.7695,218.398,19.4617,3571.34,5.10639,21.9854
8304,43.3245,151.113,14.9626,3526.9,3.48794,17.6539
7937,36.4473,151.933,15.5354,3545.86,4.16858,18.4925
4980,34.476,203.957,22.036,3609.73,5.91593,27.0979
7441,43.0785,176.702,15.3591,3544.12,4.10185,16.8817
838,32.5997,95.54,12.0489,3507.26,2.9307,13.9324
1896,37.3788,166.689,16.4231,3553.53,4.45946,18.4277
9850,46.8943,279.893,20.6512,3614.81,5.96859,23.3259
6219,33.6713,112.159,13.9329,3521.82,3.33099,16.261
3984,46.0806,167.428,15.6625,3531.38,3.63337,17.4183
57,44.839,132.579,12.5214,3508.22,2.95679,14.7716
3390,42.748,163.804,18.2926,3536.89,3.83185,22.5208
8378,34.1858,154.704,16.4169,3555.3,4.5254,19.4138
3281,43.4057,168.085,14.396,3538.02,3.8724,17.4371
47,40.5452,126.96,13.0915,3514.69,3.13132,15.4363
858,35.5919,151.767,16.4126,3548.35,4.2641,19.0184
4901,43.7779,128.104,12.0609,3507.09,2.92623,14.4924
3030,37.2291,140.951,12.9334,3535.62,3.78605,16.2349
7150,44.6431,203.616,17.3074,3556.25,4.56098,20.2944
8713,38.6439,175.078,16.8012,3555.43,4.53055,19.3208
8976,37.1381,202.085,21.0438,3582.76,5.44144,24.6993
2595,32.6615,113.118,12.965,3526.11,3.46335,15.1887
5316,36.8551,146.74,15.3934,3540.98,3.98153,18.644
7618,33.6627,127.731,14.3688,3535.85,3.79443,17.851
6753,35.8474,89.3847,10.7833,3491.1,2.49348,13.0504
4865,35.8214,141.442,16.1162,3540.12,3.94854,18.574
5639,36.1833,115.87,14.8286,3517.32,3.2023,17.0435
9270,41.7766,241.075,24.387,3598.12,5.77057,26.1616
6256,34.3295,137.214,14.1155,3541.39,3.99698,17.0876
8838,33.7629,143.488,15.2629,3547.98,4.24988,18.5394
1664,45.5374,82.372,9.64763,3458.77,1.80888,11.2754
4933,44.8159,267.82,18.3834,3615.53,5.97601,21.6753
5183,43.0662,177.538,15.958,3544.66,4.12245,17.1565
6058,42.4252,121.243,11.7589,3504.56,2.8578,14.9691
1008,36.4105,127.374,15.8328,3527.24,3.49828,19.0949
6966,34.5148,205.585,20.6503,3613.63,5.95643,24.2264
3171,39.7301,171.332,15.0026,3549.61,4.3124,17.4607
636,40.5533,163.458,15.4132,3542.27,4.0307,18.1652
5329,40.7166,142.351,15.1591,3527.17,3.49613,16.2157
6410,43.4119,149.03,14.3849,3525.12,3.43293,17.8066
9467,37.7986,184.668,19.264,3565.06,4.88558,20.8705
1076,41.3625,176.995,15.9843,3548.75,4.27911,17.8476
7374,36.1283,129.821,16.6748,3530.27,3.59333,18.6171
3658,38.0444,157.279,14.9517,3544.96,4.13408,17.8327
7752,45.2661,165.675,16.7726,3532.12,3.66003,17.8241
4024,39.4897,117.041,11.752,3508.48,2.96382,14.4645
427,42.2055,152.265,14.4042,3530.67,3.60772,17.6516
3825,41.0469,122.215,16.0621,3508.99,2.97746,17.64
5766,33.7142,112.161,14.0372,3521.69,3.32681,16.0269
3541,38.2096,110.795,15.9004,3506.11,2.89966,18.8391
1567,40.9882,128.824,12.9899,3515.12,3.14294,15.7903
4608,41.8576,135.074,14.5395,3518.23,3.22698,17.3833
422,33.1882,107.784,11.9028,3519,3.24766,15.3631
1207,38.2348,210.604,19.8321,3585.36,5.50819,24.4989
3719,45.9181,179.62,14.4095,3539.11,3.91173,17.3844
3449,46.7046,114.771,11.4469,3489.71,2.45739,12.9782
5055,42.4737,90.8287,10.8695,3475.95,2.13847,13.2086
8188,38.7183,88.1856,11.9134,3481.43,2.27762,15.0455
8997,35.1291,172.646,18.4318,3565.85,4.9146,21.0499
637,39.5716,167.663,15.2664,3547.65,4.23696,17.3226
5951,36.4324,110.637,12.202,3511.19,3.03677,14.1654
7208,44.6476,247.329,21.176,3586.58,5.53959,26.2441
5575,39.703,117.286,14.0874,3508.12,2.95408,15.9191
1816,33.9457,138.889,15.3565,3543.85,4.0915,19.2111
3023,33.984,138.935,15.7165,3543.77,4.08826,19.4803
6932,35.4529,147.463,16.1584,3545.62,4.15942,18.2902
5826,42.011,158.112,16.0196,3535,3.76359,18.8699
8580,34.4848,176.348,20.6711,3571.58,5.11381,22.4721
4682,38.2713,134.763,14.0577,3527.98,3.52126,16.4133
5102,39.1398,164.794,15.5594,3546.95,4.2104,18.3582
9986,37.1487,152.717,15.1725,3544.36,4.11097,18.4658
74,48.8514,90.7619,9.62167,3462.18,1.85792,11.5167
9099,39.2562,154.931,17.3714,3540.08,3.94668,21.3172
2241,41.7991,171.716,16.1272,3544.29,4.10813,18.0584
3402,43.3167,167.31,14.6819,3537.74,3.86248,17.3325
300,40.022,97.8664,10.4419,3489.16,2.44532,11.7577
6319,35.7991,139.559,15.2844,3538.74,3.8984,17.6588
3966,40.0861,136.14,14.8934,3523.93,3.39618,16.8994
5458,40.2212,248.62,22.1135,3636.87,6.18133,25.7326
3528,36.5631,116.05,14.7234,3516.27,3.17395,16.7792
5379,39.5452,142.783,15.3958,3530.75,3.61062,18.5719
8557,37.757,142.417,14.5756,3535.23,3.77193,17.3842
5938,38.7071,150.76,14.0923,3538.64,3.89489,17.4992
5962,32.0432,127.594,15.5346,3541,3.98195,19.0397
1898,38.7108,103.357,12.3201,3497.62,2.66998,14.7898
8103,45.9111,169.099,14.2991,3532.76,3.68319,17.4915
406,40.1204,153.023,15.1481,3536.4,3.8141,18.0427
1543,45.9438,155.75,16.7675,3523.73,3.39002,18.1805
5415,31.3033,145.196,16.9854,3558.32,4.63836,20.5236
8884,40.7209,125.862,12.7684,3513.19,3.09084,15.141
4615,41.0368,128.93,12.93,3515.08,3.14182,15.163
2017,43.6482,141.752,16.7725,3519,3.24762,18.0518
1124,36.6923,143.908,14.6968,3539.4,3.92202,17.9389
1048,32.879,152.795,16.4643,3558.55,4.6472,19.1464
876,39.1178,166.45,16.2193,3548.12,4.25511,18.2572
2993,32.6174,184.234,19.165,3591.19,5.64833,22.9387
993,35.2729,183.878,20.7418,3574.83,5.21301,23.0607
2501,34.9249,107.679,14.6098,3512.9,3.08317,17.2606
2770,46.6869,155.109,14.2199,3521.54,3.32232,16.0364
2983,43.5997,170.847,14.8744,3539.3,3.91853,18.2347
5216,42.9626,149.902,14.7248,3526.94,3.48913,18.0707
8247,39.0575,152.522,15.6822,3538.92,3.90505,17.5048
5162,41.3632,183.262,14.7636,3552.76,4.43057,17.7519
705,38.7711,125.385,13.7083,3518.49,3.23399,15.737
329,38.0117,177.035,19.9793,3558.82,4.65739,24.6275
9876,42.0707,130.336,15.4287,3513.46,3.09803,18.2224
1272,46.7996,165.287,16.1107,3528.32,3.53181,18.2741
6262,44.5376,147.355,15.4403,3521.1,3.30856,17.624
5831,40.5194,132.832,14.3465,3520.12,3.27824,17.2526
4188,36.5138,116.977,13.3736,3517.37,3.20363,15.0002
7492,39.3991,176.305,15.8933,3553.95,4.47485,18.3792
833,38.326,164.609,15.9827,3549.16,4.29496,17.9519
5836,39.761,213.025,22.5491,3579.58,5.35763,24.8683
1892,36.3698,165.069,16.9727,3555.65,4.53863,18.2517
8061,41.0227,132.134,14.5637,3518.01,3.22101,15.9253
4531,34.0776,156.099,16.8472,3556.78,4.5807,20.0152
1620,32.3403,151.717,16.143,3559.73,4.69126,18.2841
4982,40.9589,130.767,13.4562,3516.96,3.19264,15.6619
5773,38.3001,226.761,22.8195,3610.16,5.92064,23.7812
5698,36.403,145.251,16.335,3541.21,3.99008,17.9934
4308,40.4491,135.9,15.6479,3522.75,3.35978,17.9834
9584,36.5531,128.878,16.3173,3528.13,3.52578,19.1324
1736,34.1457,135.305,15.2835,3540.49,3.96258,17.781
8014,32.9529,148.135,16.0732,3554.49,4.49536,18.8038
7895,40.4514,227.868,18.1862,3590.33,5.63312,20.8794
5093,40.8505,80.7795,9.46962,3469.85,1.97744,11.1963
1123,37.4973,164.402,16.5482,3551.53,4.38438,18.6979
4174,47.7579,78.4105,8.3453,3443.44,1.64183,10.3837
5245,44.6052,129.596,14.6092,3506.32,2.9054,16.5848
473,40.4396,86.8757,11.4118,3476.32,2.14828,12.028
7986,44.8508,183.11,16.5231,3543.62,4.08264,19.1601
2479,38.0107,169.563,16.8749,3553.57,4.46093,18.8676
7551,46.4465,84.3867,9.74998,3459.42,1.81686,11.376
9551,43.7753,133.359,15.4095,3511.54,3.04644,17.5021
1578,35.8699,133.82,15.1803,3534.08,3.73071,18.5038
3338,38.3785,207.885,20.1289,3581.8,5.4167,24.7497
489,34.9249,103.767,11.9083,3508.76,2.97115,14.1658
4370,44.1025,149.612,15.2736,3523.81,3.39237,18.1315
9663,38.9241,95.192,10.733,3489.17,2.44558,13.0619
3223,35.795,149.108,18.2122,3545.79,4.16562,19.2766
4979,42.3197,188.939,16.0971,3553.67,4.46457,16.8898
6113,44.8396,116.984,10.5825,3495.37,2.60895,12.635
7276,37.0579,118.415,12.3606,3517.06,3.1954,15.5642
3985,33.34,141.775,17.3167,3548.05,4.2524,18.8295
7030,39.0555,111.335,13.0547,3504.3,2.85069,14.4732
9003,42.9368,148.503,13.75,3525.95,3.45864,16.6096
8846,37.7126,218.971,19.3307,3600.23,5.80631,21.2935
4737,39.0702,196.01,21.1775,3568.66,5.01687,24.6662
4171,40.4375,198.289,20.0663,3565.55,4.9036,22.739
4253,37.9468,136.099,15.0628,3530.08,3.58657,17.6965
997,44.7377,80.8573,10.1852,3458.64,1.80736,12.0683
9287,38.29,146.054,15.2586,3536.41,3.81441,18.6079
1110,36.3777,228.1,24.9033,3652.78,6.27031,27.7201
321,35.6875,140.231,15.4692,3539.6,3.92941,19.2538
4233,34.4651,134.133,15.845,3538.56,3.89184,18.7026
9025,44.8549,169.017,15.7172,3535.12,3.76808,18.0988
9817,36.8757,114.552,14.1041,3513.77,3.10644,16.3637
7008,44.168,95.533,9.65664,3476.87,2.16295,12.5756
1802,38.6356,154.507,15.7607,3541.44,3.99909,18.7771
4405,43.2231,154.677,12.9576,3529.83,3.57856,15.7551
9648,41.8246,167.789,16.5595,3541.77,4.01172,18.5683
2701,44.7739,156.941,15.5305,3527.46,3.5052,18.1151
906,34.5131,97.432,11.5918,3503.28,2.82304,14.5643
7023,42.9994,160.698,15.8475,3534.26,3.73721,18.5972
4971,39.5442,244.915,24.4852,3638.49,6.19346,28.9145
5039,38.3289,141.307,15.3309,3532.86,3.6867,18.9616
49,39.0772,157.878,16.0838,3542.51,4.04016,18.2239
9412,46.9297,167.953,14.274,3529.84,3.57882,18.2065
9364,41.9629,128.349,14.6935,3512,3.05863,19.2015
5716,44.9543,168.133,17.3015,3534.34,3.74008,20.7823
5795,38.9476,149.927,16.0988,3537.38,3.84946,18.2362
986,44.3266,134.092,15.2248,3510.75,3.02508,17.1424
3269,48.6624,95.7591,8.96883,3469.23,1.96783,10.8955
3858,34.6433,182.906,17.3157,3577.02,5.27971,19.3202
7913,46.6769,112.052,11.0607,3487.1,2.40059,13.1381
9015,38.5114,169.026,15.7432,3551.65,4.38898,18.1791
7300,35.218,147.236,16.6787,3546.18,4.18069,18.8997
8262,39.4269,175.257,16.5924,3553.15,4.44512,18.024
7264,38.8292,125.944,16.4401,3518.85,3.24355,18.4225
3468,44.6418,135.512,14.2484,3511.14,3.03553,17.7086
7439,44.5243,187.767,15.732,3547.13,4.21718,18.0092
3566,38.1734,148.442,14.4009,3538.47,3.88861,17.4932
1117,36.8084,119.522,15.1418,3518.98,3.24714,19.4132
5964,38.4565,147.945,16.3621,3537.31,3.84706,17.8325
4799,39.7109,128.682,15.6581,3518.73,3.24047,18.4677
3686,49.6468,81.9961,9.02003,3444.51,1.65159,11.7437
1646,44.283,128.116,16.5245,3505.87,2.89312,17.4906
6821,34.6964,104.232,11.983,3509.98,3.00412,13.3014
8834,45.7972,156.018,13.5153,3524.27,3.40672,16.1782
2896,37.6987,104.098,12.8229,3500.99,2.76133,16.2065
4080,35.1534,141.998,14.9788,3542.49,4.03938,17.4082
3072,35.3687,127.056,16.2371,3530.24,3.59232,18.9645
5725,41.7681,140.303,15.8021,3522.73,3.35911,17.562
2007,38.9874,131.436,15.5044,3523.13,3.37124,18.542
5592,42.5645,128.898,14.8975,3510.87,3.02831,17.3393
1886,36.6594,163.317,15.4683,3553.41,4.45498,17.5718
6126,39.7192,175.961,15.8834,3552.75,4.43011,17.7577
6436,39.0821,148.415,15.9608,3535.94,3.79753,18.4623
4603,37.4077,222.706,21.3715,3613.34,5.95347,26.6785
3312,46.0989,150.923,14.986,3519.97,3.27389,18.3985
3469,37.5475,132.427,13.341,3528.16,3.52692,15.4324
6936,39.5476,167.645,15.7392,3547.7,4.23907,18.3015
459,36.8199,136.235,15.6958,3533.23,3.70004,18.399
4895,32.7214,153.129,17.2294,3559.42,4.67979,19.1936
4230,42.4951,121.572,14.7784,3504.67,2.86084,18.149
3203,36.7053,199.07,21.8625,3582.06,5.42348,25.7967
7455,34.7823,114.474,13.3633,3520.53,3.29115,15.196
7751,39.0108,154.869,15.4289,3540.68,3.96989,17.9675
904,39.8563,112.473,13.1691,3503.24,2.82196,14.7267
263,42.3704,142.404,15.8345,3522.79,3.36093,18.282
7308,43.2667,144.73,15.1838,3522.28,3.34507,17.863
922,45.7391,234.2,21.8623,3571.79,5.12035,23.5924
6368,34.0652,151.29,16.6285,3553.05,4.44119,19.2898
70,41.0912,131.182,16.8861,3516.95,3.19247,19.008
5867,33.9144,136.387,15.9476,3542.03,4.02151,19.4031
4774,39.2373,141.653,15.4907,3530.73,3.61017,18.3799
1703,38.6537,113.506,13.8429,3507.47,2.9365,16.8085
8513,36.2648,122.368,14.7505,3523.22,3.37428,16.8273
9567,39.9812,132.789,14.3263,3521.51,3.32128,17.3238
4614,40.3081,182.778,16.5202,3555.54,4.53453,19.1663
8037,38.9848,233.328,21.0666,3616.41,5.98511,23.9463
1014,40.8398,86.636,9.58278,3475.31,2.12136,10.979
9538,39.2242,120.5,12.6523,3512.49,3.07209,14.17
2317,41.9861,261.336,20.5357,3643.69,6.22435,23.5251
2111,44.0238,168.177,16.5702,3536.57,3.82014,18.3967
3889,42.2673,165.409,14.5158,3539.16,3.91341,16.5888
3456,41.9914,153.785,15.9621,3532.18,3.6623,18.964
5178,33.3068,186.631,19.3749,3589.07,5.60339,22.3109
5470,38.0587,106.011,11.6147,3501.89,2.78547,13.5558
2958,36.3858,165.732,16.9232,3556.08,4.55487,20.7255
1279,39.2094,120.412,14.7931,3512.45,3.071,16.5895
1071,45.5234,138.55,14.4547,3511.43,3.04348,15.7907
9658,36.8553,168.759,16.6615,3556.73,4.57897,18.5859
5857,31.7892,145.233,16.0639,3556.45,4.56864,19.0991
2100,46.5074,99.6507,11.0614,3476.11,2.14269,11.7312
8469,33.5938,132.189,16.1584,3539.75,3.93492,18.8474
8770,38.3374,242.171,22.3173,3662,6.31685,26.4985
8199,36.9337,116.845,12.4178,3515.89,3.16364,15.4691
1213,38.7659,111.981,14.793,3505.7,2.88865,15.9725
1981,41.6472,123.945,13.0979,3508.94,2.97607,15.1797
9132,42.3059,157.465,16.0322,3533.84,3.72205,19.1564
5745,42.211,183.073,16.1967,3550.26,4.3371,19.2122
8334,40.2921,113.67,14.0176,3503.21,2.82115,15.3096
4195,41.5413,201.426,16.7873,3564.05,4.84882,18.854
4505,34.9596,115.611,12.7915,3521.05,3.307,15.7015
8903,40.6365,164.972,15.2754,3543.02,4.0597,17.2159
4606,39.6563,110.947,13.6317,3502.34,2.79772,15.6381
3977,41.5904,126.82,15.002,3511.65,3.04926,17.6846
9264,47.3708,96.0268,9.9491,3471.77,2.02713,12.1959
3026,44.9026,267.601,23.47,3613.93,5.95959,27.6386
7878,39.4602,170.961,15.7191,3550.14,4.33248,18.371
6172,33.5997,114.265,14.4876,3524.08,3.40077,18.516
2369,36.4513,143.442,16.023,3539.76,3.93517,18.5451
7467,39.6454,143.493,14.7518,3530.99,3.61941,17.2437
6154,48.9718,72.3702,8.45798,3422.81,1.47779,10.1094
9727,38.0337,117.865,13.9503,3513.49,3.09895,16.4707
6670,41.1821,242.475,23.0165,3607.3,5.88789,26.2963
7633,33.9052,155.285,16.3134,3556.76,4.57996,18.7139
1793,33.8524,130.299,15.6444,3537.37,3.84903,18.7588
4067,43.1076,114.884,12.9328,3497.44,2.66505,14.1536
6426,41.0984,138.316,15.1502,3522.94,3.36549,17.847
3933,37.8238,145.472,16.3704,3537.29,3.84603,18.6802
3757,38.3937,161.554,16.9829,3546.89,4.20782,19.7098
528,34.5889,162.466,17.398,3559.88,4.69705,19.4406
4028,42.1087,132.182,13.0352,3514.98,3.13906,16.436
857,39.8799,141.102,16.1497,3528.53,3.53817,18.3771
9389,40.8091,142.725,15.2061,3527.21,3.49739,18.0322
8285,50.3,95.4997,12.4231,3464.79,1.8986,15.3217
2851,41.8472,125.569,14.8111,3509.85,3.00066,18.2077
6080,38.9616,64.5622,8.46469,3445.11,1.65707,10.5608
9704,41.7361,177.629,19.7654,3548.14,4.25601,22.9508
9841,45.2565,167.759,15.234,3533.42,3.70686,17.1257
2447,39.0629,151.615,16.4056,3538.27,3.88131,19.3949
8734,39.9283,156.474,14.4906,3539.31,3.91888,18.0399
6968,37.6858,132.596,14.4868,3527.89,3.51847,16.6425
2343,40.838,124.147,16.4301,3511.3,3.04,18.6196
1269,34.0462,146.557,17.0884,3549.41,4.30465,20.9414
6152,42.0088,116.182,13.136,3501.15,2.76566,15.5784
952,42.823,190.581,16.8012,3553.29,4.45043,17.9252
274,41.5532,100.369,11.4824,3487.78,2.41544,13.9635
5750,36.3197,139.423,15.2708,3537.08,3.83878,19.0031
7514,40.9992,104.175,10.9403,3492.85,2.5409,13.6831
9568,43.3916,243.052,19.0062,3588.99,5.60135,22.079
1920,41.4497,129.074,15.6405,3514.05,3.11398,17.5616
3553,39.4554,152.808,15.9688,3538.03,3.87293,19.4072
9166,34.6025,133.234,13.232,3537.41,3.8504,16.5478
2859,39.4232,153.883,15.2744,3538.88,3.90336,17.665
2838,45.7069,147.294,15.0589,3518.07,3.22258,18.9203
1116,42.6762,194.884,18.2971,3556.4,4.56658,22.2467
3951,40.5023,144.591,16.7004,3529.55,3.56995,19.6485
3459,37.4544,143.377,14.7566,3536.79,3.82803,17.1712
8322,44.5209,180.46,14.0929,3542.86,4.05338,17.9077
6935,38.0074,192.649,16.5468,3570.1,5.06871,19.0105
8710,39.5742,103.764,12.8631,3495.85,2.622,15.1271
910,40.2532,160.885,14.3752,3541.38,3.99683,16.962
3575,39.6804,130.061,16.2271,3520.1,3.27772,18.7382
8940,43.7363,133.434,15.1102,3511.71,3.05088,16.3976
9666,40.6498,169.829,16.2136,3546.1,4.17786,17.9914
8996,38.4142,148.075,16.5159,3537.53,3.8547,19.7196
3051,46.5131,117.376,14.3606,3492.21,2.5235,16.9061
6671,41.9756,131.874,15.0925,3515.07,3.14168,19.7693
7298,39.6951,119.167,14.9931,3509.9,3.00205,18.2992
8691,39.7937,127.327,14.2862,3517.22,3.19969,17.1359
8805,34.1277,136.599,15.6146,3541.53,4.00258,18.7014
3888,34.4758,149.376,16.6542,3550.15,4.33278,19.837
1381,41.8668,151.216,16.2311,3530.78,3.61184,18.4411
5130,49.4155,75.504,10.1853,3429.24,1.52794,11.7634
1865,38.7888,134,15.4083,3525.82,3.45461,18.6339
690,40.2192,133.424,16.2203,3521.38,3.31743,19.2647
1448,40.7353,116.638,13.1264,3504.77,2.86332,15.109
1717,45.2136,164.643,16.393,3531.6,3.64145,18.8415
9888,34.474,143.322,16.4073,3545.57,4.15741,19.2417
7719,43.6211,224.054,19.122,3572.32,5.13637,22.5618
4669,37.5369,115.622,12.6152,3512.8,3.08023,16.1542
6404,43.137,175.385,16.6482,3543.18,4.06577,19.4935
5864,37.9408,150.711,16.2,3540.74,3.97228,18.5248
8391,42.137,151.102,15.2254,3530.06,3.58596,18.3104
2769,37.8793,150.46,16.3004,3540.74,3.97209,19.7396
928,36.3278,146.866,18.3844,3542.58,4.04281,19.7057
5305,45.141,78.2334,9.62061,3452.56,1.73309,11.6582
9655,37.147,137.812,15.7065,3533.51,3.70991,18.7828
8335,41.1011,163.748,16.4753,3541.05,3.98402,18.4752
272,39.8283,115.689,13.4229,3506.3,2.9047,14.0226
3358,43.8169,156.434,14.736,3529.56,3.57018,18.3078
6246,41.5918,158.217,14.7359,3536.12,3.80405,15.8728
2044,36.8631,139.577,14.4442,3535.63,3.78636,18.6787
3077,35.8747,201.611,20.6405,3589.71,5.61988,22.8345
2172,40.5459,168.819,15.5326,3545.73,4.16365,18.6526
792,38.3572,139.177,16.3915,3531.24,3.62844,18.629
9892,39.5313,119.206,13.0297,3510.4,3.01549,14.9994
8555,36.9423,162.319,16.6315,3551.78,4.39387,19.1111
9790,45.4419,146.872,14.0875,3518.42,3.23208,15.7299
7837,36.4983,114.474,14.454,3514.88,3.13641,16.9484
6208,46.7943,155.805,16.1928,3521.78,3.32958,18.8581
1941,37.9116,143.013,16.4659,3535.24,3.77226,19.2551
530,33.8553,126.744,16.3672,3534.44,3.74369,19.2836
5471,36.9626,156.275,16.1498,3547.41,4.22791,20.3139
1931,36.1688,205.261,22.691,3592.71,5.67509,25.8851
4468,44.1431,165.787,15.1231,3534.78,3.75568,18.2362
2558,41.4404,126.281,15.7956,3511.58,3.04731,18.9201
3477,37.6375,127.737,16.9672,3523.86,3.39389,19.9953
1169,41.0326,206.332,17.7369,3568.98,5.02849,20.9811
9633,42.4356,151.425,16.8631,3529.5,3.56836,19.3275
5501,40.9503,155.917,16.5078,3536.21,3.80746,19.4277
3694,40.4476,132.033,13.742,3519.62,3.2643,15.3411
6523,33.9339,170.603,18.1273,3568.95,5.0275,20.3666
2512,39.1677,190.946,17.6392,3564.77,4.87508,18.535
9667,35.6704,166.416,16.9726,3559.04,4.66536,19.5324
5153,38.6063,161.415,16.9824,3546.19,4.18107,18.9302
5284,38.0024,158.991,17.8372,3546.26,4.18372,21.3843
7647,39.0945,132.886,16.5209,3524.03,3.3991,20.124
6350,43.1719,141.226,18.4554,3519.87,3.27125,21.6826
1074,37.4373,139.82,17.6082,3534.2,3.73478,19.0453
4087,36.6395,181.754,16.7784,3567.12,4.96059,20.1977
3945,42.3052,135.117,15.6989,3517.01,3.19386,18.1574
4009,36.6059,152.068,15.3703,3545.49,4.15421,19.3961
5621,48.7519,111.911,13.6394,3482.26,2.29552,15.6156
8663,34.0394,146.968,15.9598,3549.75,4.31757,18.9566
9628,35.4675,130.161,16.2436,3532.39,3.66986,18.6854
4064,43.9382,255.66,22.3618,3601.3,5.81863,25.5226
6049,36.8722,206.378,22.7157,3588.82,5.59713,24.8917
1923,40.5879,169.71,20.5525,3546.19,4.18129,23.3884
4756,42.9107,147.189,15.6033,3525.03,3.43011,18.5435
7230,40.2609,126.823,16.2501,3515.38,3.15003,18.7485
9134,36.3217,139.391,16.4483,3537.05,3.83767,18.5296
2742,36.1998,126.644,14.3779,3527.24,3.49846,16.8191
85,39.7591,149.583,15.7662,3534.96,3.76224,17.8108
1607,38.3178,157.504,19.2683,3544.35,4.11046,21.3086
8377,35.2873,152.219,17.1242,3549.65,4.31371,20.0419
1522,44.9061,134.643,16.5798,3509.76,2.99832,19.5381
9849,39.7326,229.217,22.2286,3598.03,5.76901,24.5949
1337,40.5219,131.852,16.0075,3519.23,3.25384,18.5883
2690,41.7942,130.44,15.7952,3514.31,3.12101,17.695
1510,38.9137,132.651,17.0508,3524.34,3.40885,19.3397
383,43.5944,158.534,16.5275,3531.47,3.63656,19.1023
4532,36.9337,126.855,13.5388,3525.18,3.43467,16.9671
6813,42.7504,193.938,14.7421,3555.59,4.53652,18.3701
7427,39.334,109.456,12.8005,3501.78,2.78274,15.5468
4232,39.654,143.057,16.1359,3530.66,3.60764,18.9691
614,43.3197,89.6875,9.36766,3473.4,2.07036,11.2362
8448,39.5401,145.549,15.8305,3532.7,3.68106,18.4028
2061,43.1106,149.439,15.8991,3526.2,3.46642,18.8655
8875,42.0891,210.454,19.8963,3568.2,5.00022,24.2325
5993,37.8561,144.121,16.7918,3536.2,3.80708,19.6995
1796,32.3087,207.478,22.1917,3677.19,6.42175,26.4065
7524,37.8105,159.286,16.2629,3547.01,4.21274,19.9228
481,34.8251,160.21,17.7616,3557.3,4.60041,20.3058
5843,45.7722,108.228,11.6896,3485.43,2.36449,13.5406
6796,39.6638,154.177,16.2485,3538.43,3.8871,19.1703
2057,47.8132,98.3461,11.9233,3472.89,2.05688,13.9034
6515,42.2691,172.87,17.872,3543.81,4.08976,20.8721
7713,40.8156,160.423,15.6684,3539.63,3.93042,18.8546
4871,41.3345,154.049,15.0625,3533.98,3.72688,17.6631
2018,34.3923,177.726,19.2889,3573.34,5.16761,23.1731
6561,39.171,156.295,16.2011,3541.21,3.99007,18.1928
7808,37.0317,202.847,22.201,3584.17,5.47766,25.6671
8454,41.5061,129.185,13.591,3513.99,3.11243,15.8865
2779,39.3971,139.089,16.3446,3528.28,3.53044,19.7172
6669,37.9095,162.114,16.9228,3548.67,4.27633,19.1366
4930,36.6928,197.831,21.165,3580.82,5.39153,22.9141
2803,37.869,114.336,14.2442,3510.54,3.01925,15.69
6001,38.7517,130.008,14.8699,3522.6,3.35491,17.3383
4912,35.7427,166.337,18.0814,3558.73,4.65373,20.841
9185,37.0379,141.921,15.8563,3536.89,3.83178,19.1564
5197,34.714,140.071,18.21,3542.38,4.035,19.7338
1884,45.8163,203.411,16.7413,3553.01,4.43971,19.0293
2216,40.9573,161.315,16.1745,3539.86,3.93861,18.8774
9199,40.9484,116.368,14.4091,3503.97,2.84181,16.4866
8515,33.5969,138.702,17.0237,3544.81,4.1284,20.6115
7252,39.9189,141.21,15.5036,3528.5,3.53743,18.9052
4181,35.2692,122.71,15.484,3526.62,3.47922,18.0689
5519,44.5257,105.84,12.0326,3486.01,2.37705,14.6988
633,34.2951,188.343,20.3667,3584.72,5.49183,23.9071
4610,42.2389,195.681,17.2256,3558.17,4.63271,19.4149
7381,38.5376,146.783,15.2159,3536.25,3.80882,19.158
9969,33.8373,138.457,15.9187,3543.86,4.09184,18.2935
380,38.4781,135.295,15.9876,3527.81,3.51616,18.3865
9156,40.1513,122.158,13.8522,3511.4,3.04244,16.9921
9905,39.9548,170.266,14.9948,3548.29,4.26148,18.0244
8900,39.9445,154.766,15.646,3538.08,3.87453,17.8421
1126,45.726,202.309,21.753,3552.6,4.42437,24.1193
7262,36.2111,154.44,16.8492,3548.38,4.265,19.3594
9788,41.4892,248.995,19.4812,3617.99,6.00144,24.1504
1433,39.9371,161.985,18.7299,3542.93,4.05602,21.9651
9703,52.6699,101.709,10.7368,3466.87,1.93107,11.7221
2625,41.6917,120.131,13.4792,3505.44,2.88143,15.1965
2418,41.1302,116.647,11.892,3503.76,2.83605,13.8498
2236,38.4923,145.491,16.3208,3535.44,3.77974,19.6357
2525,44.3801,258.17,22.5895,3601.18,5.81724,25.212
2753,46.9165,162.644,15.1924,3526.21,3.46666,19.2109
366,42.8664,180.682,16.4496,3547.07,4.21501,19.3878
8455,40.5843,241.86,21.6089,3613.92,5.95944,26.6638
5885,38.3256,148.66,16.85,3538.2,3.87888,18.8701
3367,41.0711,121.546,15.0883,3508.32,2.95941,17.7833
3935,43.583,155.458,16.3537,3529.46,3.56693,19.3833
3448,38.7087,239.344,21.1298,3637.12,6.18321,25.4442
831,43.1687,172.485,17.2234,3541.35,3.99561,19.3505
1904,37.5247,118.972,13.6894,3516.14,3.17051,16.828
6331,35.0966,171.633,19.63,3565.19,4.89028,23.1149
6230,38.2838,131.261,14.7404,3524.98,3.42862,17.429
3630,45.5733,154.721,15.7653,3523.89,3.39498,18.2642
9636,38.3032,156.224,16.1449,3543.52,4.07863,18.7999
7869,33.9875,163.449,17.4438,3562.96,4.80908,19.7527
578,34.3671,149.599,17.5782,3550.69,4.35298,19.6618
516,42.6901,153.683,16.3847,3530.45,3.59996,19.5897
3926,43.63,154.343,16.8422,3528.51,3.53755,18.6464
8176,41.5715,103.477,13.5141,3490.94,2.48913,15.4472
2656,34.8432,168.415,19.2196,3563.63,4.83351,19.9264
9690,45.905,178.427,16.5666,3538.42,3.88688,19.8959
1610,46.0414,151.929,16.707,3520.82,3.29983,19.5753
8717,39.5942,147.704,16.2259,3534.08,3.73045,19.3514
171,40.903,241.08,24.5907,3607.83,5.89394,26.3809
7256,39.0186,188.713,18.0721,3563.71,4.83648,20.4522
9402,40.9713,147.217,17.6523,3530.26,3.59316,19.5286
6616,37.2632,181.9,17.2319,3564.94,4.88149,21.8726
825,43.177,149.416,17.1588,3526.02,3.46055,19.4542
2448,38.9678,131.667,14.7359,3523.37,3.37886,16.9534
7876,41.278,155.084,17.968,3534.81,3.75707,20.2624
1694,27.72,142.271,19.8747,3572.19,5.13244,25.5401
5921,39.1779,138.265,14.8663,3528.24,3.52917,18.0468
5330,43.1071,134.6,14.8653,3514.36,3.12245,16.5076
7386,44.9739,148.383,16.2292,3520.8,3.29931,17.4813
6992,36.937,105.863,13.2037,3504.87,2.86606,15.3779
3049,34.5033,144.277,17.754,3546.2,4.18155,19.7076
1354,45.2392,137.525,16.0806,3511.3,3.03995,19.6242
2608,34.7723,151.574,15.767,3550.85,4.35905,19.668
7383,40.445,144.078,16.0423,3529.31,3.56232,19.5508
9870,36.5855,142.394,17.1169,3538.56,3.89208,19.8296
5348,37.9939,105.236,11.5497,3501.31,2.76981,13.6441
1706,40.0483,83.3062,10.4382,3473.76,2.08014,12.4516
1978,39.1056,199.55,22.6656,3571.22,5.10286,23.8016
6360,42.7331,150.812,14.4748,3528.24,3.52917,16.6617
4049,38.3086,144.32,16.1042,3535.1,3.76731,19.331
3315,40.7248,182.075,16.3931,3553.84,4.47086,18.4459
7840,40.145,148.752,16.7008,3533.38,3.70537,19.5177
7959,41.9937,250.159,22.0202,3613.69,5.95706,23.4468
5511,41.8247,141.853,14.9128,3523.78,3.39162,17.6758
6045,34.9404,151.856,16.9719,3550.51,4.34614,19.8867
1642,43.104,78.4023,9.23403,3459.59,1.81891,11.7368
9391,40.6494,157.327,15.9588,3537.96,3.87033,19.7287
3342,43.282,260.92,24.2233,3620.58,6.02837,27.7461
6483,42.8081,256.301,20.6083,3616.61,5.9872,23.4651
5029,40.5722,92.4105,10.1764,3481.44,2.27768,13.3377
4234,41.2159,92.5479,12.4643,3479.96,2.24544,14.098
8402,41.4547,216.644,22.1488,3575.26,5.22604,26.2837
5523,45.465,199.82,19.0272,3551.81,4.39504,20.8102
9008,43.3876,140.325,14.1829,3518.5,3.23421,15.9425
6624,43.4159,104.571,12.2124,3487.47,2.40859,14.4898
8985,40.3834,181.803,15.8815,3554.67,4.50192,18.6278
6513,36.6496,138.297,16.8705,3535.27,3.7735,19.4029
2411,35.6971,221.485,22.8488,3639.98,6.20456,26.5811
6209,43.2491,150.431,17.0194,3526.59,3.47824,20.4283
7770,39.335,201.589,19.6653,3571.94,5.12494,22.2405
8641,40.6126,173.409,17.0517,3548.5,4.26983,18.6221
5441,48.248,91.2035,11.1211,3464.26,1.89031,13.0351
4765,41.1915,140.034,14.3542,3524.04,3.39959,17.6432
5114,41.9896,104.827,11.3298,3491.21,2.49651,13.092
7994,43.2995,153.239,16.9731,3528.56,3.53906,19.5734
7575,40.5145,154.835,17.3323,3536.61,3.82172,19.7766
3239,39.1394,148.552,16.5364,3535.88,3.79546,19.2672
7186,44.0943,160.379,17.1198,3531.48,3.63717,19.8611
6519,39.4859,159.544,16.2084,3542.52,4.04052,19.3264
1344,42.2379,129.779,14.1114,3512.51,3.07258,16.8764
3512,45.7695,152.188,16.272,3521.63,3.32511,19.1134
7584,38.1186,198.975,22.6413,3575.06,5.2199,26.5152
9721,38.2423,182.014,16.4653,3561.6,4.75951,20.0727
3917,41.4621,103.515,11.7842,3491.22,2.49662,13.3077
8598,37.913,150.941,15.8042,3540.98,3.98123,17.8816
8208,35.6528,145.533,16.6573,3543.6,4.08197,19.1262
5389,40.9223,198.66,18.1343,3564.2,4.85455,18.5321
8429,43.087,161.935,17.0056,3534.85,3.75832,18.497
2459,33.9178,168.012,17.2777,3566.92,4.9535,20.1659
7794,35.9797,118.396,14.8494,3520.52,3.29063,18.407
7393,34.2118,125.548,15.3663,3532.39,3.66974,18.5671
9541,35.333,154.321,17.1546,3551.08,4.36761,20.1694
2098,41.0983,172.684,16.0151,3546.73,4.20174,19.9346
842,41.4669,141.466,17.5251,3524.43,3.41155,19.8957
8808,35.6518,151.336,17.426,3547.85,4.24484,19.9377
1739,42.686,147.896,15.6787,3526.15,3.46474,19.3698
3851,41.987,260.598,23.1097,3640.36,6.20664,27.78
3672,37.4829,145.998,16.4761,3538.65,3.89505,19.1284
6566,40.0389,156.634,16.2219,3539.12,3.91203,19.3848
3161,39.1602,158.762,16.714,3542.88,4.05417,19.5555
2550,40.1181,165.496,15.4553,3544.73,4.12522,18.1178
4845,34.9764,158.844,16.2936,3555.73,4.54146,20.0996
6926,39.8014,226.943,22.2278,3594.23,5.70187,26.5578
7802,43.9059,169.39,17.8129,3537.62,3.85802,19.6941
426,37.526,212.782,19.5756,3592.43,5.67025,22.0322
40,39.2903,184.404,17.7969,3559.79,4.69338,18.7201
3304,39.7858,142.282,18.1142,3529.76,3.5762,18.7482
7787,40.7465,221.738,20.1405,3582.78,5.44189,22.9829
9030,39.9896,169.533,19.0779,3547.71,4.23943,23.4447
2679,41.8064,136.366,16.0257,3519.53,3.26185,19.439
9290,34.1776,195.104,18.9522,3594.6,5.70854,22.9907
4272,45.1101,191.569,17.4157,3547.9,4.24671,19.4202
7800,47.1593,266.185,24.6204,3590.96,5.64437,27.6014
5814,39.3925,136.113,16.0578,3525.85,3.4553,18.7582
8504,39.0191,136.707,15.5574,3527.41,3.50359,19.6092
8215,41.5239,252.232,23.1422,3624.84,6.07437,26.4994
7906,43.7339,222.657,23.3673,3570.84,5.09117,26.3046
4178,45.8251,174.406,16.5618,3536.17,3.80591,18.7492
3135,42.2452,239.771,23.204,3592.74,5.6757,24.5397
3815,41.9659,82.683,9.93151,3469.39,1.97024,11.1575
3450,38.7832,224.844,24.1345,3599.65,5.79747,27.4372
4722,38.586,153.819,17.8523,3541.11,3.98639,20.138
7909,40.5977,145.027,15.6703,3529.63,3.57229,18.6118
7975,41.5546,196.063,18.0434,3560.46,4.71821,19.9757
8947,42.0603,249.436,21.6464,3611.11,5.93044,24.0758
9417,37.7495,149.754,16.9519,3540.61,3.96706,20.1136
7564,42.0552,182.912,18.7195,3550.59,4.34932,19.2162
7257,33.1498,159.756,17.0365,3563.23,4.8192,19.568
822,33.1569,155.199,19.3708,3559.45,4.68074,23.3983
3007,43.0396,111.68,13.0958,3494.84,2.59481,14.9153
54,40.0812,142.03,13.6433,3528.7,3.54357,16.7901
1404,41.3175,100.097,11.8021,3488.11,2.42262,13.3126
2564,36.6938,162.267,19.308,3552.54,4.4222,22.9446
9237,40.5127,155.566,15.6159,3537.12,3.83992,18.6446
7507,44.8724,158.626,16.8612,3528.42,3.53503,19.7617
8578,45.1505,200.579,18.7175,3553.08,4.44244,22.1182
29,46.7061,199.431,20.5406,3548.51,4.26991,23.089
2303,41.5502,234.879,20.8912,3591.45,5.6529,23.0725
6584,35.8467,142.09,15.9222,3540.52,3.96384,18.0133
3271,41.5712,239.326,25.0805,3597.35,5.75701,28.9943
128,40.149,144.214,15.2727,3530.23,3.59197,18.1546
2819,35.5109,156.74,16.3447,3552.32,4.41386,18.2716
3591,41.5983,162.175,16.4014,3538.75,3.8986,18.7174
8747,38.3825,156.519,17.6921,3543.5,4.07787,18.9237
8023,45.4235,276.939,24.912,3626.92,6.09684,28.3325
3989,36.0746,203.53,20.8188,3590.82,5.64191,24.9446
9670,50.4926,96.5467,11.4928,3465.66,1.9121,12.6514
9325,44.6026,162.044,17.9788,3531.37,3.63306,19.8331
8040,40.2614,157.398,17.5942,3539.05,3.90941,19.685
6206,38.8168,137.651,15.0258,3528.79,3.54618,17.3471
3220,33.7173,153.269,18.2427,3555.84,4.5457,20.4991
5023,43.8328,152.744,17.3336,3526.8,3.4847,19.2746
2442,39.3689,140.675,14.8858,3529.66,3.57326,18.4437
6593,43.2237,179.964,16.7254,3545.73,4.16355,19.3259
5448,40.0241,166.961,16.3687,3545.94,4.17151,19.1853
5118,42.9412,182.276,21.23,3547.85,4.24477,25.0525
1408,42.069,154.558,16.0022,3532.51,3.67391,18.985
6002,39.7293,136.282,16.8744,3525.04,3.43027,19.6761
4511,44.516,145.371,17.1267,3519.66,3.26559,19.8742
4690,46.2176,115.503,15.3391,3491.31,2.49912,16.8267
6851,40.0777,140.253,14.9148,3527.28,3.49953,18.1666
5065,50.3903,274.468,21.8376,3582.97,5.44684,25.6857
7370,41.8771,136.778,13.5426,3519.69,3.26617,15.7689
3498,38.2515,209.529,19.3887,3584.17,5.47767,24.3963
8824,42.1926,143.056,15.462,3523.75,3.39056,17.9344
935,38.8543,171.747,17.1412,3552.49,4.42028,19.5223
5108,39.8477,143.317,16.3136,3530.36,3.59662,20.0188
7077,42.2868,156.725,15.9365,3533.4,3.70625,18.9084
8687,36.4553,149.004,17.6078,3543.74,4.0873,20.2176
2794,39.6662,218.557,23.2682,3585.43,5.50991,27.0246
6418,46.3752,142.1,16.3744,3512.2,3.06413,19.5879
5742,39.6967,99.4942,10.9889,3491.58,2.50636,12.9196
3091,38.7,154.73,16.477,3541.42,3.9982,19.875
2868,38.3897,179.445,16.5662,3559.28,4.67431,20.2643
1234,35.4322,164.688,16.4614,3558.57,4.64797,19.1549
7071,41.0491,142.991,15.7969,3526.76,3.48342,18.7171
7246,36.6155,153.437,16.9976,3546.43,4.1905,19.8466
6836,44.1177,147.315,16.5448,3522.09,3.33913,19.0625
8750,44.1174,164.181,15.0498,3533.83,3.72146,17.4836
3096,41.501,144.873,17.3516,3526.99,3.49083,20.9606
4694,40.0548,133.808,17.2632,3522.13,3.34062,20.7977
2436,43.2073,135.74,15.7029,3515.07,3.14159,19.3466
5481,37.9581,191.27,18.0068,3569.27,5.03898,21.05
958,41.5528,155.039,17.7265,3534.09,3.73113,19.8653
6356,38.6757,127.437,16.5957,3520.66,3.29501,19.7674
737,41.9291,243.381,20.9686,3600.08,5.8046,25.1204
9881,35.4153,207.778,21.4784,3605.48,5.86691,25.0301
4001,34.3101,128.481,15.4293,3534.47,3.74469,18.3966
511,37.1613,151.312,16.1831,3543.34,4.07176,19.9966
5655,44.405,164.105,17.0464,3533.11,3.69565,19.4291
5138,39.0508,153.831,15.2869,3539.87,3.93925,17.5694
414,47.2838,227.988,18.8455,3563.3,4.8217,22.1014
5568,38.4864,169.115,16.2022,3551.79,4.39416,20.0998
3444,43.1527,259.867,25.2101,3619.99,6.02202,29.2034
5478,39.7042,102.367,13.3164,3494.23,2.57825,15.9126
9096,38.6178,163.212,16.5096,3547.37,4.22634,19.7468
316,36.6101,153.184,17.7387,3546.27,4.18419,21.2938
6023,46.4523,291.158,23.353,3652.24,6.2679,26.5839
2399,43.8343,163.427,18.5874,3534.02,3.72829,21.593
7140,40.1271,158.35,15.7313,3540.06,3.94622,20.1117
3726,36.9923,150.232,16.6774,3543.06,4.06118,20.1246
9701,39.9231,150.1,15.8152,3534.89,3.75973,18.6941
9847,38.89,150.706,18.143,3538.09,3.87517,20.5388
4436,41.2052,120.82,14.3958,3507.31,2.93216,17.4247
1459,41.0252,237.074,22.9523,3598.59,5.77874,28.6278
3885,34.9884,139.087,19.0062,3540.82,3.97522,20.7804
4584,38.7703,132.225,16.7103,3524.39,3.41047,19.8563
8738,40.7132,117.911,14.0996,3505.98,2.89613,16.2339
708,36.8894,175.403,21.7553,3561.47,4.75484,23.715
3618,38.8775,231.622,24.4094,3613.75,5.95773,27.9697
1980,43.2017,226.485,19.9339,3575.8,5.24251,23.1954
5413,41.8033,163.26,16.4682,3538.94,3.90544,20.2322
2171,41.2911,156.649,16.6627,3535.83,3.79377,21.4304
2498,39.6655,148.85,15.974,3534.69,3.75262,18.8946
2187,40.1171,133.258,14.1071,3521.52,3.32172,17.3067
8923,37.3237,203.515,22.3045,3583.2,5.4527,25.616
9674,40.1934,115.423,14.4041,3505.08,2.87169,18.0015
9977,42.0009,152.398,18.4527,3531.24,3.62845,20.7551
7198,39.2399,165.774,18.9446,3547.32,4.22462,20.7428
1483,37.0358,141.39,20.0772,3536.5,3.81767,21.0012
763,39.3804,116.061,16.0155,3507.87,2.94718,18.2478
2032,43.7474,181.369,17.4452,3545.27,4.14582,19.9736
8301,43.9762,252.371,21.2583,3596.32,5.73882,25.0828
3955,46.2791,84.3495,9.66213,3459.89,1.82263,11.8684
1987,40.236,121.421,13.4497,3510.48,3.01773,15.9981
6563,45.3021,155.052,17.5684,3524.79,3.42262,20.4091
1436,39.8925,229.123,21.6283,3596.59,5.74353,25.3297
3795,42.6401,140.218,17.4079,3520.45,3.28841,20.4646
8336,40.7565,145.166,17.8962,3529.29,3.56178,20.384
8316,41.6257,217.954,22.2544,3575.59,5.23605,25.8299
8062,42.5006,132.365,17.5821,3514.06,3.11442,20.8802
5533,41.0436,179.282,17.1956,3551.09,4.3681,20.0714
9565,45.7862,197.243,18.7857,3549.5,4.30791,20.4399
3732,45.1109,175.607,15.7228,3538.58,3.89279,20.7682
6672,48.9355,286.343,26.26,3604.14,5.85144,29.4055
2224,38.1865,148.582,16.3187,3538.53,3.89095,19.5887
6858,34.1614,148.69,17.5661,3550.68,4.35258,19.992
1410,35.004,162.333,17.3359,3558.29,4.63756,20.671
9161,37.7156,189.771,21.0061,3569.07,5.03162,23.768
7641,45.8606,155.592,17.5851,3523.82,3.39271,20.9184
7810,45.9977,171.531,15.588,3534.04,3.72913,18.0916
5237,43.6609,96.355,11.6913,3478.51,2.2069,13.7898
6110,38.4939,158.054,17.0505,3544.23,4.10595,19.8065
1639,42.1482,98.7099,11.9475,3484.4,2.34197,14.1172
5395,33.7584,152.39,17.4366,3555,4.51412,20.9525
3797,46.5152,163.76,16.9264,3527.96,3.52056,18.9758
8812,43.2722,164.015,18.051,3535.74,3.7903,20.389
9013,43.2682,167.455,16.4572,3537.96,3.87017,20.6377
3950,43.1509,169.637,17.0998,3539.65,3.93127,19.4234
5849,39.6298,98.684,12.9105,3490.98,2.49015,15.8466
8553,39.1505,160.702,18.0391,3544.2,4.10473,20.9516
2335,42.1544,143.214,16.8684,3523.97,3.39737,20.851
4866,44.0393,135.776,13.8258,3512.9,3.08307,16.292
4688,39.9445,141.913,16.7103,3529,3.55274,19.3581
9512,45.3825,157.242,18.005,3526.15,3.46483,20.3863
9441,37.8612,166.229,16.8063,3551.69,4.39049,19.3604
4464,40.6844,145.315,15.8362,3529.61,3.57177,17.8019
9365,47.9342,166.749,15.3616,3526.6,3.4787,16.5863
6327,40.0127,246.256,22.2363,3633.27,6.15446,25.6685
8453,42.7077,165.883,16.2757,3538.34,3.88416,19.733
1924,34.6879,161.7,17.2331,3558.94,4.66156,21.0104
9411,44.2824,178.564,17.1213,3542.31,4.03241,20.9082
390,38.301,136.673,15.9181,3529.5,3.56838,19.9127
2282,40.7506,146.76,16.525,3530.49,3.60143,20.5448
694,38.3078,174.977,18.014,3556.43,4.56765,20.4513
1050,43.3569,92.973,11.2863,3476.17,2.14437,13.4385
9807,39.4606,208.47,22.8853,3577.13,5.28298,24.9212
1794,42.9203,137.64,16.6128,3517.49,3.20688,20.3737
891,40.9096,153.543,16.7783,3534.71,3.75323,20.7238
7086,32.2644,135.046,16.3631,3546.31,4.18562,20.5698
8473,43.4703,144.149,17.0954,3521.34,3.31604,19.9333
6267,33.7722,155.147,18.8759,3557.13,4.59392,21.669
379,42.1563,89.2757,10.5915,3475.17,2.11773,13.2915
1819,43.2205,127.989,11.7574,3508.39,2.96129,14.5598
4177,42.0689,186.62,18.1903,3552.91,4.43605,21.056
9608,45.9199,143.913,16.9213,3514.79,3.134,19.0578
487,41.9894,166.917,16.7924,3540.82,3.97522,20.712
7496,39.9134,113.662,13.5155,3504.19,2.84773,15.7371
532,42.5818,151.6,16.4557,3529.24,3.56021,19.5688
9011,40.1493,129.92,13.5164,3518.57,3.23592,16.692
8593,47.8775,131.018,14.283,3500.07,2.73653,15.3202
8998,35.8484,111.053,13.4993,3513.45,3.09785,15.9739
2807,41.6149,261.848,24.6875,3657.68,6.29218,28.4593
3610,42.9097,200.698,19.8465,3559.35,4.6772,23.8718
6568,42.9665,154.533,17.9617,3530.36,3.59659,20.8622
7615,41.7028,261.721,25.4409,3654.02,6.27585,28.1889
4261,41.7182,164.812,18.4986,3540.18,3.95059,20.1575
3264,46.3535,300.549,24.8207,3687.04,6.48384,28.1667
4504,36.6305,175.703,16.7092,3562.62,4.79664,20.5308
392,45.9345,68.6479,8.77601,3424.94,1.49448,10.13
3695,43.2647,256.917,25.9734,3611.87,5.93826,27.98
6127,37.6804,195.546,20.3391,3574.07,5.18958,23.9618
5205,39.1235,199.786,24.1386,3571.34,5.10654,26.9731
3545,35.0417,136.484,18.1888,3538.64,3.89491,20.4756
4991,40.9052,172.106,17.6308,3546.88,4.20743,21.4792
9793,48.1487,209.4,16.8681,3550.58,4.34902,19.7454
2201,40.2136,142.582,15.4454,3528.77,3.54561,18.166
4897,41.0745,162.757,17.6054,3540.49,3.96248,21.2108
9654,46.583,164.798,17.1658,3528.51,3.53772,20.0075
4270,37.5199,167.738,17.8369,3553.83,4.47065,22.2542
4091,31.7414,196.238,22.228,3637.01,6.18239,26.4592
8219,35.6595,131.23,16.2031,3532.68,3.68007,19.657
3044,35.3976,150.945,18.0719,3548.36,4.26427,20.5208
5863,39.137,144.501,16.7965,3533.01,3.69218,19.8761
6628,38.6005,200.772,20.9877,3574.45,5.20129,23.7849
5660,36.8601,152.743,16.3605,3545.22,4.14384,20.5029
2711,39.8863,151.148,15.8644,3535.71,3.78948,20.0688
6974,37.1287,149.074,17.8856,3541.86,4.01506,21.1644
7284,46.0853,153.524,17.0321,3521.83,3.33131,19.7586
5559,43.6913,127.416,14.8971,3506.73,2.91627,17.5374
8716,47.0608,259.6,22.0352,3585.68,5.51627,25.1862
547,37.8882,241.677,23.741,3670.68,6.3787,27.3932
1444,38.897,197.618,22.6349,3570.49,5.08055,28.4989
8733,38.4481,132.8,18.0507,3525.8,3.45401,21.1198
1051,41.1154,236.738,26.7899,3597.4,5.7579,28.775
4639,44.2467,105.452,12.8796,3486.3,2.38327,14.1086
5069,38.5833,109.162,13.1212,3503.51,2.82925,15.008
6314,40.0495,173.214,18.9593,3549.94,4.32501,21.3171
2524,44.6933,263.702,22.1006,3608.37,5.90026,25.6476
6964,32.3452,152.538,19.1304,3560.4,4.71596,22.6554
7015,36.6299,156.261,17.6266,3548.4,4.26595,20.048
9638,35.4776,164.176,19.0969,3558.03,4.62758,21.7429
3209,48.0985,178.158,18.9045,3533.34,3.70403,21.3859
6639,38.9085,175.295,19.1986,3554.76,4.50531,20.3423
4966,41.5446,149.28,16.8535,3530.26,3.59324,19.2701
1328,45.155,123.351,16.5349,3499.9,2.73173,19.1873
5587,42.6761,179.725,17.5355,3546.98,4.21138,21.1903
5764,34.9727,163.575,16.7818,3559.35,4.67721,21.2346
8726,40.4533,162.2,17.1723,3541.72,4.00957,19.2551
6952,48.045,288.938,25.262,3619.2,6.01391,29.0385
9158,44.4821,197.192,18.7594,3552.83,4.43307,21.1105
3346,46.1568,159.433,16.5994,3525.81,3.45417,20.4265
4025,38.3369,235.927,23.1591,3633.21,6.15404,27.9878
4878,39.85,211.319,21.0676,3577.78,5.30287,24.1115
3982,45.5303,265.812,21.0178,3602.99,5.83815,26.2074
7365,38.4632,167.753,17.8644,3550.91,4.36139,20.7151
787,40.2889,196.155,22.8404,3564.59,4.86872,25.9095
5485,40.8443,112.384,13.8012,3500.63,2.75152,16.5296
4063,43.1253,217.156,21.7016,3569.17,5.03547,24.6784
9122,42.6389,184.522,17.7228,3550.01,4.32755,20.27
8497,36.9951,171.136,17.4828,3557.98,4.6259,20.5916
692,41.0326,167.3,17.9982,3543.48,4.07726,21.564
9639,40.0842,137.315,16.4482,3524.89,3.42566,19.982
6675,38.4433,150.296,18.1401,3539.05,3.90954,21.0444
8135,41.1039,138.462,18.5944,3523.04,3.36859,20.84
682,42.7278,246.124,24.694,3597.54,5.76028,27.6423
7812,43.9067,141.392,13.3379,3517.99,3.22028,15.4157
6534,43.4156,152.812,16.9943,3527.93,3.51975,19.6787
3157,41.159,196.318,23.5005,3561.88,4.76974,28.0796
4442,45.521,241.749,20.8183,3578.04,5.31071,26.1416
2540,44.9247,146.369,17.029,3519.39,3.25808,20.7305
4022,42.5254,162.305,16.785,3536.47,3.81666,19.744
495,42.1366,178.047,17.7044,3547.35,4.22546,20.6906
712,32.7136,161.472,19.611,3566.44,4.93592,22.6972
7889,41.2387,243.743,25.5851,3609.27,5.91054,28.5193
4490,36.681,217.38,25.5225,3610.7,5.92622,28.5542
2015,42.6462,171.1,18.2321,3541.78,4.01209,20.924
3620,39.8093,149.668,16.5545,3534.89,3.75962,19.6799
5063,39.7228,131.237,13.8216,3520.94,3.30382,17.1568
645,36.069,166.062,18.1111,3557.4,4.604,20.6979
4343,44.0076,162.538,18.2886,3533.05,3.69342,20.0741
4686,43.8137,171.249,16.0448,3539.02,3.90856,20.3903
7321,39.3003,150.29,18.9714,3536.68,3.82415,20.8936
9435,39.2227,183.26,19.4663,3559.22,4.6723,22.9098
6620,38.6292,230.393,25.6545,3614.38,5.96421,30.1256
871,31.2774,134.717,19.9691,3549.48,4.30716,22.2716
5366,42.679,248.027,25.8639,3600.68,5.81145,27.789
7822,34.3188,151.866,17.7834,3552.62,4.42514,21.0753
573,44.5978,141.829,15.5749,3516.5,3.18017,18.5301
6891,42.6867,184.162,19.1514,3549.66,4.31428,22.4088
8496,40.2519,177.83,17.9317,3552.42,4.41793,20.6234
8396,44.1345,160.452,16.9259,3531.44,3.63553,20.7615
4733,44.6873,70.215,8.71855,3434.88,1.57125,10.6131
3793,40.692,263.514,27.7542,3685.75,6.47583,31.1917
7139,38.6953,177.703,17.903,3557.09,4.59236,20.4918
5933,43.87,115.105,13.2171,3495.91,2.62377,15.888
1533,38.8122,114.818,13.8228,3508.28,2.95829,15.2982
1925,38.3715,173.208,17.8183,3554.99,4.51396,20.8074
6583,43.8066,258.522,24.7159,3608.48,5.90144,28.5471
2704,37.679,93.6981,12.6224,3490.85,2.48675,14.6062
6988,34.3204,196.719,23.8336,3595.93,5.73184,27.7833
6994,36.7955,231.914,25.6343,3660.04,6.3028,30.7071
1534,41.7088,163.261,17.0206,3539.18,3.9143,19.4363
9111,39.1948,198.522,20.684,3569.98,5.06502,22.7015
3526,44.3204,142.042,16.7917,3517.42,3.2049,19.3824
929,37.2451,191.182,19.0797,3572.21,5.13308,21.3192
5925,43.2872,104.26,14.7103,3487.47,2.40857,16.9244
7346,51.1211,76.7368,9.24899,3425.79,1.50108,10.5267
6660,41.0064,159.26,16.6639,3538.33,3.88378,20.2943
535,38.8415,147.121,18.2642,3535.67,3.78773,21.0198
9645,34.633,148.628,18.6109,3549.07,4.29151,21.3733
2741,42.8441,128.507,14.0241,3509.8,2.99942,17.6227
7816,37.422,148.34,17.5851,3540.53,3.96399,21.4218
3569,41.4598,217.716,23.4964,3576.09,5.25124,24.1967
7223,45.6599,179.21,18.1316,3539.48,3.92488,21.6679
7540,43.0768,153.279,17.0383,3529.18,3.55827,20.1552
5613,44.2404,276.911,23.3147,3650.29,6.25923,28.0171
7248,45.3907,161.655,16.9286,3529.28,3.56141,20.8438
9301,42.0203,135.643,16.1119,3518.27,3.22803,19.6896
196,48.0609,220.369,18.4925,3556.9,4.5852,20.823
8204,36.1782,131.739,16.5237,3531.6,3.64139,20.6187
9523,40.7164,212.091,19.624,3574.7,5.209,22.7137
8588,40.5708,192.163,19.3946,3560.96,4.73648,21.1685
9363,36.0342,175.272,21.6402,3564.47,4.86404,24.6402
6380,36.5967,162.207,18.7278,3552.81,4.43229,21.4582
1910,40.5697,151.84,18.743,3534.42,3.74269,22.125
8724,43.3816,201.047,25.89,3558.21,4.63439,28.8161
4090,44.8759,153.344,18.4364,3524.61,3.41708,21.6814
3478,42.688,137.066,17.309,3517.64,3.21087,21.0203
8221,41.8498,191.746,22.5972,3556.8,4.58177,25.319
1498,42.7411,166.478,18.0012,3538.65,3.89503,19.7183
2093,43.2547,181.23,19.397,3546.42,4.18983,21.2281
5720,38.2772,171.452,23.8241,3554.06,4.47921,26.2611
1565,43.7237,276.388,27.5384,3662.61,6.32124,32.5024
7438,43.6047,132.445,16.3483,3511.21,3.0374,20.0143
7853,33.0658,144.222,18.4632,3550.92,4.36167,21.2258
1222,48.6989,175.055,17.9628,3530.3,3.59463,20.8435
7859,48.6919,177.641,16.6768,3531.79,3.64826,19.9561
326,42.5313,255.562,23.429,3618.71,6.0088,27.0014
1455,34.3482,101.718,13.2243,3508.39,2.96138,15.9263
3809,44.5717,160.176,17.6944,3530.28,3.59368,21.4778
4853,37.3864,163.366,17.5567,3551.13,4.36965,20.3788
6681,44.4805,217.795,18.343,3565.35,4.89642,22.9098
8468,43.8094,145.48,18.8344,3521.49,3.32074,21.4292
8937,42.3829,194.889,20.5633,3557.25,4.5983,23.7309
4440,38.1999,155.004,16.4081,3542.97,4.0577,19.891
8138,41.9031,186.534,18.7592,3553.32,4.45155,21.5802
5805,34.3615,163.517,19.6791,3561.57,4.75873,21.5297
1372,39.0041,194.492,19.0756,3567.83,4.98645,22.5358
2800,43.3104,179.438,18.7585,3545.2,4.14306,20.4194
1609,46.6879,188.229,17.8251,3542.29,4.03164,20.5955
2561,40.308,137.012,18.3819,3524.03,3.39912,21.2527
4189,43.5998,168.119,20.4793,3537.56,3.85597,24.4377
5522,39.0364,167.167,18.6332,3548.83,4.28234,20.6314
1113,43.3425,164.882,18.145,3536.12,3.80417,21.9435
6508,44.5964,177.737,16.4954,3541.09,3.98546,20.3254
2877,44.1552,276.658,25.3166,3651.72,6.2656,29.5375
7965,36.2286,162.339,17.3733,3554.11,4.48095,21.6989
1842,39.6911,163.297,17.0109,3544.44,4.1142,20.868
9544,36.5617,153.428,18.144,3546.59,4.19641,20.3814
5671,51.8292,319.674,25.1988,3635.06,6.16783,30.2798
4918,44.196,276.723,26.5848,3650.75,6.26126,27.9516
961,38.4256,133.113,15.8395,3526.13,3.46418,19.0378
586,38.6813,150.872,17.5853,3538.79,3.90038,21.4036
8891,35.5438,201.252,21.7585,3591.97,5.66209,25.4019
7694,43.6395,161.082,17.8408,3532.99,3.6912,21.567
5987,42.1922,197.78,18.7336,3559.63,4.68761,21.0499
8963,39.8895,181.619,18.1459,3556.04,4.55305,23.2764
970,43.9589,101.177,12.2637,3482.54,2.30163,13.8887
5059,33.6096,202.912,21.4501,3621.41,6.03733,27.3775
6530,39.2294,174.866,18.4186,3553.48,4.45753,21.695
367,48.6071,303.244,29.2655,3646.38,6.23868,32.5766
4981,43.7871,189.715,16.9446,3550.15,4.33267,20.9202
4882,37.959,122.854,15.0154,3518.59,3.23649,17.9042
3921,43.6084,164.886,17.1971,3535.48,3.78105,19.9499
6814,45.4868,173.556,18.4917,3536.44,3.81552,20.5417
8362,43.0712,179.826,17.1743,3546.03,4.17509,20.6479
5906,40.1439,176.734,19.0579,3552.01,4.40252,21.565
9594,39.5689,178.196,18.1893,3554.71,4.50345,21.583
4590,42.2179,217.211,21.5677,3572.6,5.14501,25.7944
2185,41.2613,204.556,19.0082,3567.03,4.95758,21.6769
9051,43.6969,101.477,12.0063,3483.49,2.32231,14.2513
4515,37.1104,118.287,14.9829,3516.77,3.18743,17.7767
5229,39.7972,152.089,16.6365,3536.61,3.8216,20.7869
6301,44.2179,188.35,17.2358,3548.24,4.25959,20.8258
6933,42.3387,198.116,18.1689,3559.41,4.6793,20.9205
8045,35.4515,142.176,17.7423,3541.74,4.01043,21.5136
9468,36.0612,148.648,19.051,3544.65,4.1221,21.1057
6558,38.9707,185.705,18.6191,3561.75,4.76525,20.6275
4406,36.7076,165.486,18.4151,3554.84,4.50822,21.9589
2146,38.6611,144.641,18.9295,3534.38,3.74124,21.7706
3555,39.5143,171.667,18.6548,3550.46,4.34444,21.0907
3696,42.1559,98.4077,10.9338,3484.05,2.33437,13.8664
1549,36.9247,161.716,18.2796,3551.4,4.3796,21.2821
873,39.5284,160.663,19.1579,3543.15,4.06449,21.8262
9848,44.4538,162.981,18.4737,3532.29,3.6663,22.2867
1072,42.1226,137.584,17.0433,3519.69,3.26627,20.9506
7884,46.3133,157.817,16.3507,3524.3,3.40759,20.3834
3210,42.1865,178.92,18.8801,3547.76,4.24116,20.546
724,39.1104,136.499,15.7295,3526.97,3.4901,17.8895
2900,32.9435,124.381,17.9506,3535.33,3.77561,22.4448
781,37.1144,191.989,20.3509,3573.52,5.1729,23.3778
9293,44.1244,249.584,24.2429,3591.65,5.65638,26.642
8007,37.1517,144.549,17.5794,3538.53,3.89078,20.8545
6857,45.6707,240.7,24.3431,3576.72,5.27033,27.7414
8610,41.2663,188.237,19.0137,3556.26,4.56152,20.6925
431,48.3519,168.123,19.0249,3526.55,3.47707,20.6405
2778,43.6855,139.785,15.9992,3517.23,3.1998,18.1938
4827,39.6177,122.993,13.5578,3513.7,3.10451,16.3211
133,34.6438,199.285,22.2759,3597.09,5.75241,26.8655
5243,38.2366,168.832,17.8315,3552.36,4.41544,21.6721
6291,39.1901,160.338,16.3387,3543.85,4.09127,20.2188
89,45.0513,158.503,17.83,3527.88,3.51827,22.1735
2917,39.1463,230.282,25.9186,3606.84,5.88259,28.8236
2266,42.3734,139.424,17.936,3520.51,3.29037,21.379
3582,44.0164,211.739,19.2111,3562.99,4.81046,21.8121
1600,45.6613,266.02,27.1123,3601.93,5.82594,31.3586
4762,40.5266,169.952,20.0916,3546.51,4.19358,23.9381
4790,43.7304,244.869,24.3015,3588.92,5.59953,27.358
9581,46.2257,215.459,17.4574,3558.92,4.66103,20.8861
344,38.961,170.336,19.1625,3551.2,4.37195,22.011
4583,41.8329,167.539,18.7827,3541.6,4.00496,21.595
3119,41.8621,242.515,26.3195,3599.41,5.79317,29.9232
9382,46.3313,206.593,23.3317,3553.52,4.45903,27.5325
7595,45.6356,184.584,19.4834,3542.63,4.04473,21.3694
7033,40.2406,146.687,18.0744,3531.71,3.64525,19.3718
8646,38.5387,188.706,22.7407,3565.36,4.89652,28.802
6073,38.4633,221.561,22.7441,3597.54,5.76033,26.9656
6184,44.1517,113.223,14.6725,3493.72,2.56442,15.8848
4744,40.1754,156.596,17.6781,3538.72,3.89781,20.4838
6653,42.0945,186.885,17.9022,3553,4.43964,21.7699
3565,43.6064,174.752,18.593,3541.66,4.00747,22.0707
4795,38.2705,156.499,17.2546,3543.8,4.0893,20.8868
7054,42.4864,164.445,19.1375,3537.97,3.87052,20.6192
4056,38.906,126.936,16.1376,3519.56,3.26263,19.2593
9794,41.9848,157.78,20.9419,3534.84,3.75802,22.2204
3406,40.1368,141.236,17.4907,3527.9,3.51888,21.2722
4620,43.9926,155.589,18.4991,3528.48,3.5367,20.3943
8181,39.5838,155.969,18.4662,3539.9,3.94021,21.7594
561,42.6982,151.227,18.1852,3528.64,3.54177,20.6544
1679,40.8788,122.261,14.8814,3509.48,2.99082,18.3803
6017,42.6392,165.704,18.8257,3538.4,3.88618,21.6851
959,39.3036,163.224,18.013,3545.45,4.1529,21.607
5917,43.0962,160.465,18.9503,3533.88,3.7234,21.62
2872,44.7131,110.811,12.9747,3490.54,2.47827,15.0368
6283,41.6845,171.233,19.0602,3544.28,4.10783,22.2038
6358,42.1735,155.242,18.3635,3532.7,3.68103,21.9683
5107,42.1502,169.338,18.4451,3541.92,4.01748,20.6799
5887,40.0711,239.016,26.1256,3614.44,5.9648,30.5874
19,43.008,147.205,19.4045,3524.79,3.42274,21.9647
3054,34.8143,186.638,23.4748,3579.69,5.36098,28.0903
4301,41.6492,105.794,14.9032,3492.82,2.54011,17.1608
2152,35.1497,216.864,24.6504,3635.31,6.16972,30.3647
9802,42.5341,181.438,18.8856,3548.4,4.2657,20.9029
8858,45.1088,255.937,26.0865,3592.63,5.67378,29.3596
4836,39.0686,164.287,17.7082,3546.81,4.2051,21.4102
5696,42.416,177.531,18.9229,3546.3,4.18547,22.5759
2885,40.7587,186.679,18.8549,3556.76,4.58009,20.9937
9825,36.3026,96.7326,12.2799,3497.42,2.66462,15.5702
6659,35.3437,151.342,17.3414,3548.82,4.28201,21.853
605,46.1548,275.028,27.6782,3613.86,5.95882,30.7083
8647,34.381,148.41,17.9454,3549.72,4.31663,20.6437
9863,41.044,194.256,23.6479,3560.87,4.73287,27.3334
6139,35.2116,165.084,19.5623,3559.65,4.68835,22.9752
5605,49.352,262.89,23.7903,3578.57,5.32683,27.9509
8600,39.4885,150.642,18.3461,3536.42,3.81484,22.2382
2712,37.0197,183.4,18.8087,3566.94,4.9541,22.2582
9197,45.0617,275.785,27.1446,3629.08,6.12015,31.4019
1150,36.4836,154.546,19.6116,3547.62,4.23604,22.5498
1003,41.2989,207.545,20.5872,3568.9,5.02545,23.7208
2897,39.8344,166.118,16.8531,3545.91,4.17021,20.6776
9260,41.2464,155.981,19.2366,3535.5,3.78168,23.343
3673,45.1941,227.531,20.1537,3569.14,5.03453,22.0124
63,34.0312,153.001,20.1739,3554.51,4.49591,22.2738
6106,35.765,146.349,15.86,3543.86,4.09196,19.9675
4758,34.5003,152.874,19.56,3552.78,4.43109,23.0898
1179,37.4764,138.792,15.4008,3533.33,3.70345,18.9208
8345,47.7367,180.019,19.9914,3535.2,3.77109,22.2231
8956,39.7956,143.578,20.3593,3530.67,3.60789,23.1214
441,44.6209,270.893,26.5258,3624.53,6.07098,29.2809
3103,43.0704,134.326,16.0682,3514.22,3.11875,19.9224
1367,42.5511,168.2,19.6587,3540.24,3.95288,21.5128
95,45.1398,147.744,15.9904,3519.94,3.27303,18.7303
1461,42.4648,246.672,25.4167,3600.45,5.80886,33.0681
9698,37.2041,171.326,20.0839,3557.43,4.60504,23.1713
2640,40.9883,117.273,16.5174,3504.68,2.86112,19.483
3245,44.5641,107.46,12.9574,3487.59,2.41135,14.2958
5513,41.7894,168.981,20.2605,3542.6,4.04363,25.4891
2154,42.8794,170.57,17.1173,3540.89,3.97791,19.6597
2546,48.1537,205.007,20.743,3548.18,4.25734,22.6479
5279,44.713,156.773,18.4238,3527.49,3.50621,20.0603
9620,44.868,192.022,18.2399,3548.76,4.27971,21.0441
8654,43.7877,152.241,18.9167,3526.54,3.47679,22.1549
61,36.9625,169.728,20.0002,3557.07,4.59189,24.0415
7433,42.2045,114.512,15.7629,3499.22,2.71326,19.2088
829,41.3794,141.549,18.6905,3524.73,3.42077,22.278
2482,41.4068,151.916,18.2199,3532.37,3.66887,22.189
7742,41.5596,129.56,19.8006,3514.18,3.11746,22.5736
1309,42.8803,172.799,22.0692,3542.24,4.02979,25.0713
8327,39.7096,153.664,19.544,3537.94,3.8697,23.4803
5570,41.304,247.048,25.2239,3616.03,5.9812,28.372
7814,40.2137,187.306,22.8134,3558.84,4.65777,25.1117
1899,45.5894,154.385,14.1759,3523.62,3.38643,17.2945
5758,41.521,143.801,18.5134,3526.11,3.46333,21.8855
278,47.344,266.823,23.9055,3590.48,5.63583,28.4669
4503,41.7989,151.286,20.329,3530.99,3.61937,22.4744
8953,45.1829,256.635,22.7193,3592.98,5.67992,27.0383
7047,42.4108,190.937,20.0093,3554.67,4.50209,21.9852
4792,45.311,188.2,18.4073,3545.47,4.15351,21.4267
7546,40.4401,154.959,19.7641,3536.89,3.83182,23.1029
1144,36.6583,131.927,19.9321,3530.42,3.59884,22.5897
6456,43.6536,196.023,20.8047,3554.36,4.49043,25.1376
4592,40.683,196.106,25.0177,3563.27,4.82035,26.4551
8002,45.4303,240.534,23.4921,3577.51,5.29457,26.8969
1395,48.5333,169.501,17.7046,3527.05,3.49246,19.8327
5314,43.253,132.871,14.4218,3512.49,3.07195,17.1381
1583,45.988,161.147,19.0867,3527.42,3.50411,22.2712
7378,37.4303,225.744,26.0109,3620.83,6.03106,29.6117
4798,45.0639,173.928,18.9162,3537.66,3.85959,21.6548
3081,48.9237,282.636,26.0387,3598.49,5.77708,29.4255
1061,46.0238,279.372,25.9315,3624.45,6.07017,31.5908
1310,49.0715,286.424,25.2906,3602.88,5.83688,28.2447
5688,36.546,176.243,20.1865,3563.33,4.8225,23.3722
6507,41.7355,173.214,18.1937,3545.39,4.15027,21.6283
7612,44.361,140.3,15.8488,3515.85,3.16268,18.5298
5285,36.891,217.672,23.0522,3608.39,5.90041,28.5752
2177,39.9329,222.273,23.3338,3587.62,5.56617,28.5972
4940,39.3955,162.394,21.3189,3544.65,4.12213,22.6167
9044,41.7219,156.641,19.2872,3534.74,3.75441,22.8751
1499,40.4379,163.985,19.3212,3542.91,4.05524,22.7534
2984,39.5272,181.744,19.2672,3557.24,4.59795,22.4857
6419,43.6413,271.328,25.8789,3642.35,6.21725,30.2535
7587,33.2648,159.604,19.4054,3562.65,4.798,23.6088
3765,41.5611,153.72,19.728,3533.19,3.69866,21.6597
599,43.4043,249.159,23.6561,3596.41,5.74042,26.8747
589,41.3096,264.423,25.9562,3674.06,6.40099,30.4809
9962,47.2333,275.409,24.4413,3602.35,5.83081,29.3254
9036,41.5734,207.961,18.5629,3568.26,5.00227,22.5216
2766,37.6084,111.425,15.5604,3508.44,2.96276,18.5552
8766,35.0945,191.41,21.1593,3583.26,5.45413,25.7003
1078,38.5728,145.415,21.0825,3535.17,3.76987,23.2972
2746,37.183,154.349,19.3859,3545.41,4.15106,22.985
139,35.3033,206.743,25.526,3604.55,5.85619,29.9798
867,41.8608,164.895,17.2233,3539.87,3.93913,19.8819
2852,42.8768,182.698,20.1764,3548.27,4.26099,22.8786
1142,49.5979,110.384,14.9716,3479.22,2.22557,17.4536
8087,40.7598,170.852,20.8962,3546.47,4.19168,22.6162
78,37.9648,172.865,19.1786,3556.04,4.5533,23.3827
4454,48.0957,282.313,25.6916,3605.73,5.86981,27.5272
9184,38.8005,159.073,18.1673,3544.07,4.09977,21.747
4281,42.3188,163.96,18.09,3538.07,3.87441,21.6263
5961,37.2167,174.052,20.6413,3559.34,4.67672,24.1241
143,37.8863,156.764,20.0062,3545.06,4.13776,22.8256
2600,36.7734,165.726,19.9148,3554.8,4.50669,23.4541
7627,43.7957,263.795,23.7039,3620.11,6.02331,27.926
2109,45.0748,78.1878,9.42443,3452.69,1.73462,12.0185
5260,38.4999,131.548,15.0547,3524.6,3.41684,18.0928
1315,41.6221,144.608,17.17,3526.46,3.47431,18.6336
2968,44.0155,211.17,22.1975,3562.64,4.79763,24.5976
2064,35.6728,171.412,19.929,3562.85,4.80512,24.1375
3863,40.2867,115.679,15.4452,3505.06,2.8714,18.1611
454,47.3488,173.359,19.0838,3532.16,3.66132,22.9501
936,46.0334,208.112,24.4586,3555.18,4.5209,29.7926
5311,41.1526,150.128,17.6949,3531.79,3.64808,21.9425
5800,43.0936,249.381,24.4748,3599.05,5.78698,27.7568
5238,44.6183,146.196,14.5272,3520.06,3.27659,17.1687
767,48.1753,220.955,22.0744,3556.93,4.58649,23.9104
4303,40.1423,229.782,25.4127,3595.49,5.72418,28.3675
4330,40.6448,127.577,19.2975,3514.97,3.13882,22.9554
3904,45.466,156.009,18.2734,3525.07,3.43134,21.9816
9751,43.201,212.916,23.5072,3566.23,4.92849,27.8401
3138,43.9722,165.635,20.8502,3535.09,3.76681,23.8766
1357,44.8251,167.831,19.118,3534.46,3.74414,22.5632
8548,38.7179,176.176,20.0921,3555.96,4.55023,24.0036
4285,41.7971,175.007,19.4796,3546.34,4.18707,22.3218
4650,42.9449,214.547,25.1203,3568.08,4.99587,28.7919
8385,39.4157,161.383,19.7274,3543.93,4.09439,22.7123
7572,46.8447,173.352,20.7838,3533.25,3.70058,23.0351
9297,40.0921,214.515,25.567,3579.35,5.35056,29.5666
3827,40.1261,173.006,19.5767,3549.59,4.31156,22.8952
486,42.2664,155.846,17.7823,3532.88,3.68724,21.6457
3676,41.7066,252.259,28.195,3622.44,6.04842,32.0898
9266,48.3543,226.139,24.64,3559.34,4.67671,28.0528
6543,37.1939,109.499,15.5517,3507.75,2.94401,18.7831
3474,37.9481,188.988,21.5964,3567.65,4.98017,26.1553
5277,40.3427,183.795,18.6322,3556.11,4.55583,22.8201
8438,42.2851,185.482,20.2136,3551.58,4.38646,24.3747
1784,41.8144,245.762,28.3984,3606.4,5.87746,31.3369
2973,39.308,249.44,24.2036,3666.04,6.34578,28.6703
2995,39.6901,188.961,19.6546,3561.63,4.76091,23.6787
2288,48.5202,177.185,18.7704,3531.89,3.65177,21.6472
5670,39.8409,178.926,20.0483,3554.38,4.49102,22.7384
7045,38.9412,187.167,22.6751,3562.88,4.80639,25.0848
680,39.365,188.907,20.2763,3562.68,4.79886,22.7997
8022,40.171,237.355,25.215,3609.1,5.90862,28.0923
937,43.7014,170.11,18.9867,3538.58,3.89256,22.1983
2820,43.2249,199.868,22.0597,3557.93,4.62392,23.5325
4020,43.0304,245.511,28.4362,3594.43,5.70553,33.0965
3607,41.5639,159.292,18.6683,3536.91,3.83247,21.1147
3267,47.88,275.996,27.3085,3597.77,5.76433,30.7402
64,43.9144,185.488,20.0224,3547.3,4.22384,23.2893
6098,42.6507,135.206,17.2464,3516.13,3.17007,19.8444
6948,40.2825,241.842,25.2099,3618.21,6.00365,28.7146
775,43.6204,163.372,21.4876,3534.49,3.74531,24.0827
4081,41.4305,213.269,23.8215,3572.69,5.14762,27.3714
668,37.0398,119.88,15.3108,3518.59,3.23651,18.8806
3187,47.5019,213.784,18.8715,3554.63,4.50053,23.0661
5154,37.5984,155.896,20.6046,3545.28,4.14636,24.5463
9980,36.3488,160.299,18.1793,3552.21,4.41001,23.1761
6622,41.2885,165.122,19.1625,3541.45,3.99923,22.759
9909,39.9585,191.707,19.3689,3562.64,4.79765,22.9782
9249,44.1453,236.519,24.6265,3579.58,5.35773,28.0987
6257,44.6542,124.449,15.2334,3501.94,2.78696,19.2043
7479,40.5311,180.128,19.2346,3553.13,4.44419,23.5595
5181,39.4577,191.261,20.3886,3564,4.84725,23.0662
703,39.3505,160.314,18.344,3543.4,4.074,21.1215
6173,44.7469,200.899,22.7955,3554.34,4.48966,28.3559
2688,38.4989,185.942,20.1769,3563.53,4.82981,22.8343
9021,38.5933,181.624,23.7432,3560.13,4.7061,27.9512
1912,34.4032,205.145,23.4844,3614.26,5.96296,27.2919
7577,38.3001,228.235,26.8729,3613.89,5.95913,30.361
2033,44.7269,269.712,27.2743,3620.75,6.0302,29.7786
6260,36.1268,172.272,20.3964,3561.84,4.76854,23.9584
2517,34.8469,167.536,20.6776,3562.92,4.80778,23.7002
8197,48.5947,291.105,25.0822,3616.93,5.99048,31.983
2874,39.2786,191.803,21.7495,3564.99,4.88315,24.4142
7497,37.8376,172.631,21.2137,3556.29,4.56242,23.2227
4165,35.9469,150.187,21.0784,3546.11,4.17802,23.7824
939,43.8679,164.858,20.0694,3534.84,3.75805,22.9977
3866,42.1438,183.935,19.0833,3551,4.36446,22.8508
7724,44.5244,266.667,27.9782,3616.81,5.98923,32.7135
3529,41.9897,249.833,26.5291,3612.99,5.94986,32.2789
9893,48.0643,184.069,19.5169,3536.83,3.82963,23.3422
1759,46.2736,282.21,29.59,3627.1,6.09872,33.4129
1671,43.1758,107.938,15.1694,3491.34,2.49997,17.411
3182,41.2096,218.98,22.2926,3578.14,5.3138,25.9236
1265,36.4753,229.097,28.5994,3655.15,6.28089,33.0698
455,40.8067,179.467,19.4791,3551.89,4.39799,23.7076
6334,43.3992,173.46,19.6972,3541.38,3.99684,22.5972
8878,47.9962,166.408,18.5609,3526.23,3.46711,22.1408
5038,42.6129,198.748,19.8956,3559,4.66402,23.6661
195,41.4061,196.669,19.9936,3561.33,4.74976,24.1115
3145,40.2092,172.251,19.8349,3548.87,4.28386,23.18
364,42.1405,186.243,21.3576,3552.47,4.41956,23.1578
3678,45.4918,212.52,22.9203,3559.21,4.67162,24.6737
2362,47.0571,255.855,22.9631,3582.6,5.43712,27.6124
6332,39.0499,190.322,20.331,3564.73,4.87381,24.6844
241,46.1643,181.418,18.1198,3539.61,3.92982,22.7902
4299,48.9319,290.11,28.7035,3610.95,5.92885,32.1991
5656,39.2709,206.948,20.9347,3576.7,5.26976,24.7301
3743,41.3966,131.77,14.6402,3516.61,3.18312,18.597
3635,38.3109,184.486,19.6826,3563.13,4.81549,23.8943
6759,45.7267,282.025,28.1728,3635.03,6.16762,32.645
9767,47.2622,227.093,22.05,3562.84,4.80496,25.192
4243,47.7635,308.123,32.1055,3681.73,6.45101,34.2207
3731,39.9413,157.844,18.2425,3540.21,3.95191,22.6917
878,40.1406,150.85,16.7167,3534.84,3.75804,19.79
2025,35.2561,141.04,20.0809,3541.48,4.00045,24.0103
136,41.5461,196.786,21.7292,3560.97,4.73658,25.1669
4062,45.7513,291.423,30.5438,3669.38,6.36973,33.7998
5702,44.6735,163.981,18.8246,3532.41,3.67066,21.6493
3522,41.8989,157.933,18.0245,3535.16,3.76939,20.9512
7285,45.1742,184.6,20.0731,3543.72,4.0864,22.9113
2346,34.6382,165.787,19.704,3562.33,4.78625,23.5155
9210,38.1261,231.652,27.1507,3624.99,6.07594,32.7127
3452,42.0797,145.706,19.3376,3526.08,3.46262,21.4341
3501,47.4875,196.912,20.3958,3545.29,4.1466,23.5328
805,36.4106,121.397,17.2695,3521.92,3.33411,20.0687
7754,42.4112,127.35,16.5526,3509.92,3.00275,20.08
7789,44.5879,167.751,18.2229,3534.96,3.76225,21.3691
9428,43.1566,158.003,18.8067,3532.15,3.66115,23.3854
975,38.0883,179.497,19.934,3560.31,4.71265,24.5957
2923,41.1516,185.917,20.5465,3555.1,4.51787,23.5214
1047,45.2289,152.264,19.5829,3522.97,3.36653,23.1605
2773,36.9454,223.129,21.6266,3621.6,6.03943,26.8916
9822,46.0208,185.368,19.7514,3542.19,4.02791,23.3637
4850,39.18,204.37,22.9055,3574.94,5.21618,26.4796
7830,46.2963,293.852,27.5146,3666.24,6.3472,30.7214
5710,37.6592,152.183,18.1921,3542.54,4.04105,21.4373
2449,40.5444,164.679,19.1735,3543.08,4.0617,23.4883
4273,42.8755,141.876,17.2773,3521.11,3.30903,19.7204
1838,41.0345,194.991,20.5053,3561.39,4.75187,23.7035
7856,49.2194,307.348,29.4979,3647.47,6.24444,33.2512
1856,34.963,169.043,21.6031,3563.67,4.8349,24.8803
5299,48.0885,279.98,29.8492,3601.61,5.82219,34.5565
4542,36.5256,155.921,18.269,3548.48,4.2688,23.3937
4364,43.4807,235.108,27.8422,3581.43,5.40717,30.9779
9883,44.204,263.457,28.7917,3613.98,5.96004,34.8635
6473,45.909,233.603,22.0693,3570.75,5.0884,26.551
7204,42.5938,179.597,21.6968,3547.11,4.21651,24.1038
671,48.1397,202.681,20.4092,3546.95,4.21028,24.8177
8373,46.0685,278.838,27.22,3622.83,6.05269,29.9476
5518,44.5453,137.662,18.7467,3513.17,3.09038,23.4735
2621,42.8467,242.11,25.8645,3591.32,5.65061,30.3859
6986,42.2188,249.483,26.9149,3609.16,5.90928,30.9817
1551,35.697,163.4,21.7523,3556.69,4.57743,24.9198
4893,44.4733,257.596,27.4995,3599.35,5.79214,31.5013
7156,35.9876,171.88,21.3677,3562.05,4.77609,25.1122
5585,41.4744,263.797,28.8863,3668.09,6.36048,33.9214
5532,39.5478,166.149,21.496,3546.71,4.20122,24.8408
8329,37.6942,156.611,19.7425,3545.5,4.15478,23.4237
2086,47.2301,287.676,26.8397,3626.38,6.09094,30.3973
6053,45.0479,197.608,20.8513,3551.59,4.38661,24.2611
5452,42.7741,249.212,24.1643,3601.96,5.82624,28.6051
552,40.5375,199.372,22.8553,3565.95,4.91821,27.6499
5143,42.4639,206.786,22.1856,3564.62,4.86969,24.5531
5128,50.941,317.632,29.824,3645.74,6.23528,32.9253
6137,40.1499,202.545,19.5661,3569.42,5.04472,23.3202
2267,41.8257,223.443,23.6803,3579.08,5.34226,27.6053
1960,37.2299,178.047,20.4605,3562.22,4.78236,25.3763
2618,46.353,209.733,20.6376,3555.28,4.52471,23.0126
7711,40.5787,232.847,25.9194,3596.28,5.73816,30.8612
4728,45.9294,278.218,29.4681,3623.28,6.05752,34.0966
5912,39.2536,137.411,17.3529,3527.31,3.5006,20.4813
8242,45.313,255.439,27.7837,3590.56,5.63723,31.3933
4950,42.2454,184.284,21.7197,3550.94,4.36223,25.4784
8137,46.9041,284.645,28.1145,3624.31,6.06865,32.7389
7450,46.0778,187.42,22.572,3543.23,4.06748,24.4688
1379,39.074,145.215,19.501,3533.69,3.7164,23.36
4276,37.7704,158.287,18.1468,3546.44,4.19077,21.6813
2163,44.4374,215.503,24.2674,3564.07,4.84958,28.7095
7576,40.4686,224.94,24.2778,3587.31,5.55837,27.2802
4921,42.2169,231.054,28.0379,3583.99,5.47302,30.2238
8092,41.9156,257.565,29.2358,3631.98,6.14485,34.0356
3601,36.4184,169.867,21.3071,3559.01,4.66433,24.1413
8072,41.8375,181.659,20.1689,3550.39,4.34201,24.6864
4985,46.0998,281.499,27.6514,3627.8,6.1063,31.1699
9029,46.3021,225.24,21.2637,3564.48,4.86458,25.4615
9600,42.2349,190.819,20.0765,3555.1,4.51804,24.8611
283,44.4007,195.577,22.4175,3552.07,4.40481,24.1187
9216,42.0677,194.237,20.9523,3557.75,4.61724,24.5511
3110,40.9159,158.452,19.5104,3538.02,3.87263,24.5267
2626,40.0718,203.006,26.6947,3570.01,5.06605,30.359
3147,45.4414,166.944,19.9573,3532.5,3.67384,24.1784
6400,43.6981,170.047,20.6254,3538.55,3.89141,24.4349
1012,45.6007,263.116,26.9449,3598.09,5.76999,34.2349
5965,42.1642,253.209,25.7071,3618.37,6.00532,32.6441
445,35.3997,208.811,24.3386,3608.24,5.89866,29.6208
5552,42.3212,177.379,19.7884,3546.45,4.19125,24.7283
5083,42.0491,188.05,21.705,3553.87,4.47214,25.2922
8122,39.6174,150.788,21.5313,3536.18,3.8061,24.0172
3024,41.4367,185.923,21.3128,3554.27,4.48693,24.4525
7686,40.6377,205.185,22.5098,3569.55,5.04914,27.1396
6035,43.0454,202.775,22.7848,3560.26,4.71072,26.2516
8628,42.3071,196.464,22.1427,3558.46,4.64377,26.1403
4886,39.5992,174.049,22.2486,3551.82,4.39526,24.5727
6801,40.2501,151.947,17.7932,3535.31,3.77507,21.7925
3494,41.5951,213.363,30.4657,3572.09,5.12952,32.0991
5125,45.2691,283.366,26.0836,3650.38,6.2596,31.6511
6749,45.2687,161.747,20.9855,3529.65,3.57304,25.3871
2539,42.2101,187.08,20.0304,3552.8,4.43212,24.9566
7984,36.2478,215.186,26.0109,3611.7,5.93654,31.5368
2686,46.3325,301.341,29.4406,3692.21,6.50388,34.0838
1118,42.5009,200.279,23.6343,3560.3,4.71234,26.2177
9195,44.7097,237.11,28.3854,3577.8,5.30332,32.8539
6939,44.0557,175.519,21.4226,3541.05,3.98401,25.6017
1369,39.6638,177.94,21.8688,3554.25,4.48622,26.5435
8942,42.6846,167.131,21.2662,3539.21,3.91548,26.125
3440,41.7459,240.345,28.8518,3597.37,5.75735,34.6582
5156,40.0202,162.655,20.9207,3543.14,4.06432,25.4607
5576,40.6981,205.553,22.7979,3569.59,5.05068,25.2456
4903,48.6682,174.604,23.6,3530.11,3.58764,25.8878
8039,39.5293,195.701,25.8935,3566.85,4.95079,28.2968
771,49.4013,294.949,30.5782,3614.99,5.97047,33.691
5322,37.667,177.31,19.8786,3560.16,4.70729,25.5562
1837,40.4083,255.963,32.182,3664.45,6.3344,35.4209
6330,40.7391,173.622,23.189,3548.29,4.26181,25.6722
424,43.7914,170.464,19.8434,3538.58,3.89263,24.6091
1443,39.6087,242.396,28.8942,3629.05,6.11976,33.3409
2577,37.833,195.765,23.0977,3573.57,5.17445,26.8186
5546,41.004,217.291,25.2773,3577.66,5.29926,29.574
5980,43.099,145.55,16.9447,3523.32,3.37711,21.2935
5239,39.7601,166.567,20.7612,3546.4,4.1893,25.4734
142,42.1146,273.975,31.7076,3694.18,6.50546,34.7805
3067,43.4613,256.048,26.6274,3607.61,5.89141,30.4543
1914,41.9829,178.287,21.8898,3547.9,4.24665,25.4832
494,43.7711,247.617,29.301,3591.69,5.65708,35.5369
3243,42.2944,197.798,23.3313,3559.34,4.67669,24.5606
3086,43.1105,244.082,27.6983,3591.95,5.66177,30.7796
394,45.1458,191.402,22.5233,3547.72,4.23963,24.9329
3870,43.4404,267.567,31.0604,3633.93,6.15941,38.7038
415,50.8646,323.043,32.199,3666.77,6.35104,35.2279
258,50.1156,314.387,28.913,3653.44,6.27324,34.1942
2843,41.2637,184.048,23.3449,3553.56,4.46029,26.6174
6040,52.7421,315.241,33.8506,3615.63,5.97703,37.4665
3430,43.6164,270.46,28.1049,3639.49,6.20088,33.1164
3363,47.9814,282.495,31.4116,3607.28,5.8876,36.8165
477,46.7088,288.24,25.4919,3635.49,6.17101,30.4469
4953,40.2755,144.193,19.3774,3529.89,3.58017,22.1599
2161,41.5846,193.985,22.6166,3559.02,4.66483,26.2148
5467,52.2635,297.059,28.2079,3593.2,5.68386,33.6713
1145,47.2068,259.946,29.5272,3585.3,5.50654,32.5809
5187,44.176,259.086,27.7551,3605.3,5.86485,32.9709
9510,38.6288,169.824,20.0501,3551.85,4.39631,25.9136
4612,39.9867,203.06,22.4138,3570.41,5.0782,26.2971
4265,43.1531,193.543,24.6643,3554.22,4.48504,27.5413
191,40.5338,174.936,23.1713,3549.7,4.31581,26.6873
6861,44.3612,176.586,22.4213,3540.96,3.98063,26.7955
6094,42.9575,213.854,24.0951,3567.6,4.97827,28.6694
8841,55.3408,334.108,32.4257,3621.4,6.03729,39.8991
4138,48.3279,296.626,31.5171,3631.04,6.13777,36.9054
972,49.3984,236.389,27.2878,3562.31,4.78536,30.4967
8842,42.26,227.339,26.223,3580.35,5.37954,30.61
7359,49.3884,296.405,29.8066,3618,6.00152,33.1879
7011,42.6851,219.474,23.2736,3572.49,5.14171,27.3442
9048,37.0053,170.88,22.4906,3557.76,4.61771,26.3454
5954,47.2499,242.033,25.0395,3571.86,5.1224,29.2878
1992,41.1203,187.198,23.8959,3556.02,4.55245,27.1165
1781,47.8912,274.131,29.3116,3595.48,5.72403,36.7613
7854,47.1724,243.203,24.8871,3572.95,5.15562,28.2528
3801,48.2162,167.43,22.0837,3526.4,3.47248,25.9018
6338,41.9153,244.561,29.475,3602.69,5.83466,34.0296
1283,44.3021,209.376,22.708,3560.68,4.7261,27.2185
1486,37.5282,175.891,23.7807,3559.61,4.68692,26.6639
8916,39.3509,162.762,23.6055,3545.02,4.13617,26.799
1203,49.9757,298.802,29.7358,3615.81,5.97896,32.6689
8589,48.4824,288.95,30.7276,3613.96,5.9599,34.9732
1200,42.8238,169.752,22.7123,3540.53,3.96396,28.0245
5874,49.6366,285.712,29.6109,3597.3,5.75607,34.0784
5722,47.6888,227.944,28.5126,3562.15,4.77983,32.863
7653,46.0257,203.121,21.7747,3552.3,4.41321,24.5406
9966,46.7607,288.568,29.807,3635.51,6.17118,36.8496
3800,45.5193,273.491,29.3458,3618.65,6.00826,36.6343
3952,46.2071,192.009,22.0384,3545.52,4.15539,26.752
688,42.0714,258.923,28.1923,3633.26,6.15437,35.1376
7722,46.7764,183.63,24.235,3539.5,3.9257,28.0711
9979,49.6277,302.334,30.3463,3626.48,6.09204,35.5033
4182,40.5191,169.504,22.2449,3546.25,4.1833,27.2449
9885,47.652,286.024,32.6799,3618.08,6.00236,37.5623
7375,45.5435,257.199,27.5717,3591.13,5.64734,32.037
3766,43.2768,212.501,26.0372,3565.73,4.91029,31.0896
7553,43.9431,272.696,32.3564,3640.18,6.20567,35.0551
8957,42.5336,235.239,30.5738,3586.24,5.53066,35.7431
8509,37.8428,185.013,22.8961,3565.15,4.889,27.6514
9265,43.0618,248.15,30.2015,3597.67,5.76265,35.2864
9700,33.0806,202.978,30.861,3630.78,6.13587,35.4231
5579,48.6913,199.232,24.3569,3543.86,4.09173,27.476
4362,42.1736,234.776,28.2562,3587.65,5.56689,34.0526
2227,39.0833,180.882,21.7341,3558.04,4.62813,25.322
9542,42.5989,248.658,27.3783,3602.91,5.83718,32.1391
7520,46.183,287.862,32.1226,3645.33,6.23306,38.6752
3573,46.4566,151.444,20.3156,3519.45,3.2599,23.1507
5957,44.3687,235.479,25.7277,3577.93,5.30733,28.8137
9121,48.0772,292.516,36.3596,3625.76,6.0843,40.0655
7196,43.5829,271.657,33.8844,3645.34,6.23311,37.3324
3068,45.5541,163.802,21.4214,3530.33,3.59577,25.2577
1678,44.1653,153.741,20.3622,3526.68,3.48103,22.4539
1319,46.1288,177.664,21.7248,3537.44,3.85148,27.0162
4687,42.3051,202.623,25.2149,3562.42,4.78958,30.8468
8650,44.5118,263.049,30.957,3609.19,5.90965,35.5068
4029,46.6038,215.228,22.0164,3557.78,4.61825,28.3884
4703,51.9949,315.876,30.1782,3624.91,6.07514,36.047
8825,47.5529,221.18,25.5183,3558.66,4.65124,28.4941
2991,46.4299,283.686,30.8647,3628.14,6.10999,36.5859
9877,41.4751,201.193,23.4896,3564.11,4.85093,29.8388
3156,48.831,287.688,31.6835,3607.62,5.89151,36.333
7038,48.3134,301.476,31.8884,3646.63,6.24,38.6602
482,45.598,159.143,19.8495,3526.97,3.49014,24.089
2840,44.3433,169.26,23.549,3536.48,3.81704,28.5226
9871,46.9432,302.515,32.1146,3680.64,6.44428,36.7474
2860,46.063,203.666,24.7924,3552.52,4.42146,28.1408
1766,43.8478,193.629,22.4769,3552.37,4.41593,27.734
3644,49.3256,299.253,35.2497,3624.15,6.06689,40.8836
8046,52.7253,333.974,37.1141,3664.43,6.33423,41.8246
5676,46.2868,250.122,28.1384,3581.3,5.40376,33.9235
6269,43.4653,268.218,31.6441,3635.47,6.17085,34.6812
3134,48.5936,261.984,24.7723,3580.81,5.39134,31.4992
7533,42.9035,263.626,35.0951,3631.95,6.14462,39.8761
9174,50.1444,311.91,35.5764,3642.92,6.22024,42.295
1466,48.0603,280.844,33.0309,3603.46,5.84358,37.548
7743,44.2092,195.546,23.1902,3552.56,4.42319,28.2528
4889,44.8996,267.607,33.0199,3613.99,5.96013,38.5067
350,43.7012,189.236,23.7994,3550.08,4.33023,30.4566
8458,51.7634,319.11,34.828,3634.65,6.16478,41.693
806,47.7587,237.958,27.4223,3567.72,4.98251,30.1485
7664,44.102,184.909,26.586,3546.49,4.19276,30.4764
5946,42.1284,261.593,35.3147,3640.88,6.20942,43.4237
8972,49.7284,292.687,29.1016,3607.11,5.88572,36.6052
7305,56.5941,348.333,36.7202,3633.33,6.15494,42.3733
9996,50.171,323.607,37.2859,3681.58,6.45008,39.7895
9743,51.1451,316.001,36.8516,3636.49,6.17853,40.8384
8008,41.7101,222.46,31.695,3578.79,5.33348,36.7236
4559,44.3818,268.179,29.8346,3621.89,6.04254,36.7895
3087,49.7713,302.135,31.0224,3624.48,6.07047,38.3572
3829,54.5267,336.134,33.6528,3634.62,6.16457,41.9222
6021,43.3886,258.043,31.5458,3612.74,5.94726,38.7712
3298,46.9222,222.22,27.0001,3560.95,4.73592,31.774
2767,47.0106,218.164,27.227,3558.38,4.64074,32.1176
5321,41.8314,223.82,26.7096,3579.35,5.35052,33.0063
9729,58.1055,357.432,34.6521,3632.87,6.15144,42.0887
9978,47.9259,304.844,41.9881,3668.12,6.36072,47.7974
981,51.8966,304.012,37.3808,3604.71,5.85803,41.2931
7281,46.109,273.902,35.9091,3612.07,5.94032,44.4505
7962,50.0707,287.785,32.258,3596.82,5.74758,38.6409
3272,44.1677,252.89,33.389,3595.58,5.72568,39.2013
7089,52.0752,313.779,36.3923,3620.31,6.0255,42.5081
2000,49.2472,308.002,36.0309,3649.3,6.25419,45.9257
8968,44.8084,265.723,35.7944,3611.09,5.93021,43.4905
772,48.6494,260.086,32.7637,3579.2,5.34614,39.0806
4905,53.4502,333.775,38.7415,3647.5,6.2446,45.9912
6195,58.9439,366.127,48.4078,3641.27,6.21145,53.8366
