TrialNumber,Average gross pay,HC bearing gross rock volume,HC pore volume,HC water contact - result,Productive area,Recoverable.Accumulation size Total Resources
2632,15.1973,27.5615,1.61363,1504.87,1.81358,2.22203
4965,12.7945,19.4429,1.93276,1500.0,1.51964,2.75459
1033,13.5402,21.8135,1.71871,1501.52,1.61102,3.04189
389,14.9652,26.7167,2.24813,1504.4099999999999,1.78525,3.07583
7373,15.6796,29.3591,2.56315,1505.85,1.87244,3.22566
1562,15.4725,28.5804,2.30641,1505.4299999999998,1.84717,3.38491
4160,13.9097,23.0379,2.48821,1502.27,1.65625,3.65478
8166,13.5612,21.8823,2.03426,1501.56,1.6136,3.70842
9057,13.4911,21.6533,2.17119,1501.42,1.60501,3.8645
2274,13.0446,20.2231,2.28826,1500.5099999999998,1.55031,3.87764
9456,14.2577,24.2211,2.50383,1502.9699999999998,1.69881,3.8965
3284,14.5786,25.3379,2.17079,1503.62,1.73802,4.0716
1702,14.076,23.5997,2.52177,1502.6,1.67659,4.19166
7846,13.914,23.0524,2.52944,1502.2799999999997,1.65678,4.23251
6615,14.0461,23.4983,2.18707,1502.54,1.67294,4.33766
3746,18.2497,40.8857,4.18524,1511.46,2.24034,4.48443
3823,13.1213,20.4654,2.20613,1500.67,1.55971,4.54813
8715,16.8657,34.3812,3.28298,1508.42,2.03853,4.56434
4518,13.3117,21.073,2.34601,1501.0499999999997,1.58304,4.58411
640,14.4643,24.9372,2.39976,1503.3899999999999,1.72406,4.60394
8436,18.1767,40.5299,3.47011,1511.2999999999997,2.22978,4.64141
2988,12.8739,19.6889,2.33881,1500.1599999999999,1.52937,4.64734
6273,16.5922,33.1542,3.00701,1507.81,1.99818,4.78053
9884,14.3266,24.4589,2.65526,1503.1100000000001,1.70723,5.00636
7738,15.6401,29.2098,3.68971,1505.77,1.86762,5.02005
8508,14.4613,24.9267,2.52356,1503.38,1.72369,5.07797
8894,18.8746,43.9845,3.8388,1512.8199999999997,2.33035,5.08523
1881,14.5745,25.3235,2.74509,1503.6100000000001,1.73752,5.10382
8802,14.6972,25.7572,2.90044,1503.8600000000001,1.75252,5.18066
9678,20.253,51.1792,4.2288,1515.7799999999997,2.527,5.27635
119,19.0079,44.6586,3.66341,1513.1,2.34948,5.55606
2453,17.2838,36.2943,3.15797,1509.3399999999997,2.0999,5.68904
971,15.9837,30.5211,3.63133,1506.46,1.90952,5.69382
2291,14.5948,25.3952,2.77887,1503.6599999999999,1.74001,5.81635
5070,16.3967,32.2883,3.62053,1507.38,1.9692,5.91766
2077,14.5091,25.0941,2.92547,1503.48,1.72954,5.9338
6693,17.7043,38.2636,3.91502,1510.27,2.16126,6.0362
5550,15.8236,29.9066,3.18368,1506.1399999999999,1.89,6.0603
7848,15.4645,28.5506,2.80174,1505.42,1.8462,6.06607
1963,16.7978,34.0749,3.92604,1508.27,2.02853,6.20364
4554,18.0153,39.749,3.9673,1510.9499999999998,2.20641,6.23108
8418,16.8987,34.5307,4.33108,1508.4899999999998,2.04339,6.24448
1038,15.3249,28.0316,3.30085,1505.13,1.82916,6.25205
2475,14.3389,24.5014,3.03246,1503.1399999999999,1.70874,6.48741
1741,17.2167,35.9844,3.61173,1509.1999999999998,2.09008,6.52256
2924,16.0645,30.8399,3.21662,1506.63,1.91975,6.5401
4168,15.9011,30.2035,3.86349,1506.2999999999997,1.89946,6.54161
4046,16.3279,31.9862,3.26805,1507.2199999999998,1.95899,6.64322
3132,15.2202,27.6457,3.21929,1504.92,1.81638,6.79801
2470,15.8096,29.8531,3.47914,1506.1100000000001,1.88829,6.96945
4360,18.3981,41.6122,4.72143,1511.7799999999997,2.26177,7.00803
2678,19.5623,47.512,4.2236,1514.2999999999997,2.42876,7.02373
1111,20.5604,52.8519,4.55612,1516.44,2.57056,7.04982
5663,16.0285,30.6943,3.40197,1506.56,1.91499,7.18371
5006,17.1458,35.6581,4.23768,1509.04,2.07969,7.21697
6409,17.6392,37.9556,4.58979,1510.13,2.15178,7.24744
5895,16.9469,34.7491,4.07253,1508.6,2.05047,7.35828
299,18.4227,41.7332,4.83752,1511.8399999999997,2.26532,7.36494
1031,18.1446,40.3744,3.65087,1511.23,2.22514,7.42234
1418,16.7998,34.0838,3.4674,1508.27,2.02882,7.42917
4843,20.8325,54.6042,4.68066,1517.1100000000001,2.62111,7.48167
7073,20.8995,55.0635,4.47544,1517.29,2.63469,7.505
6908,17.9328,39.3526,4.23235,1510.77,2.19445,7.51476
1462,21.0256,55.9318,4.89746,1517.6100000000001,2.66017,7.55766
33,18.4303,41.7709,4.73576,1511.85,2.26642,7.59426
2457,22.1099,63.5788,5.91692,1520.3899999999999,2.87559,7.62436
292,17.3907,36.7904,3.713,1509.58,2.11552,7.66913
8000,21.4271,58.724,4.76822,1518.65,2.74064,7.70415
1163,17.1976,35.8961,4.42127,1509.15,2.08728,7.73032
3624,21.6199,60.0814,5.66562,1519.15,2.77898,7.74647
8422,20.0177,49.9161,5.16041,1515.2799999999997,2.4936,7.77229
7417,20.4538,52.2687,4.94728,1516.21,2.55546,7.82065
5146,21.927,62.2655,5.32085,1519.9299999999998,2.83967,7.88773
1277,20.5969,53.0516,6.13355,1516.5099999999998,2.57571,7.91131
7513,19.0825,45.0381,4.00253,1513.27,2.36017,8.03689
8730,17.3392,36.5511,4.15998,1509.4699999999998,2.108,8.14816
966,22.159,63.9338,5.84912,1520.52,2.88522,8.26616
8294,21.9597,62.4997,5.9765,1520.0099999999998,2.8461,8.27694
2971,16.5702,33.0562,4.28576,1507.7599999999998,1.99492,8.32585
8562,20.9043,55.0969,4.76544,1517.2999999999997,2.63567,8.35269
3705,23.2778,72.2041,6.6419,1523.31,3.10185,8.37036
4111,18.1907,40.598,4.18577,1511.33,2.2318,8.40497
4935,18.7448,43.3323,4.08782,1512.54,2.3117,8.41324
3623,21.0692,56.2329,6.48723,1517.73,2.66896,8.48305
5667,23.339,72.6675,7.32074,1523.46,3.11357,8.5623
7222,23.887,76.8691,6.52234,1524.81,3.21803,8.59479
9240,20.5712,52.9109,4.41791,1516.46,2.57208,8.66619
9806,23.3079,72.4322,5.75941,1523.38,3.10762,8.95091
7437,18.4544,41.8894,4.89604,1511.9099999999999,2.26989,8.9856
2233,20.7132,53.7896,4.72229,1516.7999999999997,2.59687,9.09619
719,22.6664,67.6373,6.89018,1521.79,2.98404,9.11529
8764,21.6938,60.6042,5.19422,1519.3399999999997,2.79362,9.18324
3505,23.2174,71.7484,6.15969,1523.1599999999999,3.09028,9.18907
7253,20.9501,55.4116,5.45607,1517.42,2.64493,9.36925
8686,21.1881,57.0565,5.7833,1518.04,2.69285,9.37425
1814,22.6923,67.8285,6.32126,1521.8600000000001,2.98906,9.40798
9239,24.3958,80.8534,6.51948,1526.0499999999997,3.31423,9.54808
9990,21.3312,58.0528,5.33629,1518.4099999999999,2.7215,9.58495
6484,21.619,60.0746,6.21036,1519.1399999999999,2.77879,9.6188
5454,22.6526,67.5357,7.01565,1521.7599999999998,2.98137,9.63029
8784,21.8328,61.5923,5.90474,1519.69,2.82109,9.64695
5388,24.6857,83.2896,5.9712,1526.79,3.374,9.66626
7309,18.4996,42.1125,5.13532,1512.0,2.2764,9.72536
8210,19.6541,47.9924,5.28916,1514.5,2.44185,9.77507
5539,24.4415,81.2155,7.1495,1526.1599999999999,3.32285,9.81588
354,19.4587,46.9729,5.30075,1514.08,2.41398,9.84166
1215,26.2394,100.577,8.19964,1531.9499999999998,3.83304,9.87806
2352,22.4728,66.2151,5.29082,1521.31,2.94646,9.87982
5014,21.4631,58.9767,5.77179,1518.7399999999998,2.74782,9.88868
1595,22.0344,63.0355,6.45226,1520.1999999999998,2.86078,9.94776
8925,21.7082,60.7066,5.6181,1519.37,2.79648,9.95906
8054,20.1077,50.3977,4.98847,1515.4699999999998,2.50638,9.98049
2606,17.903,39.2097,4.33431,1510.6999999999998,2.19012,10.0799
4837,25.3611,90.4061,7.72233,1528.9299999999998,3.56476,10.0874
752,21.6629,60.3854,5.15087,1519.2599999999998,2.7875,10.1436
8951,24.0738,78.3219,7.36143,1525.2599999999998,3.25342,10.1941
9489,20.0554,50.1172,5.45734,1515.3600000000001,2.49895,10.213
9329,26.1863,99.9315,7.96186,1531.7599999999998,3.81617,10.2391
247,26.5172,104.022,8.73337,1532.9499999999998,3.9228,10.245
9071,19.3432,46.375,5.78029,1513.83,2.39748,10.251
7873,21.5301,59.4478,6.5384,1518.92,2.76115,10.2807
6945,23.0709,70.6458,7.72352,1522.7999999999997,3.06212,10.282
1170,19.6554,47.999,5.47482,1514.5,2.44203,10.2915
7009,18.1469,40.3852,4.61027,1511.2399999999998,2.22547,10.3516
4972,22.6618,67.6035,7.12937,1521.7799999999997,2.98315,10.3707
811,21.9215,62.2262,6.34483,1519.92,2.83859,10.3787
2648,19.8185,48.858,5.76585,1514.85,2.46527,10.3872
2552,20.8466,54.7007,6.56741,1517.15,2.62397,10.4315
5193,24.0646,78.2508,6.98945,1525.2399999999998,3.25169,10.4848
5313,16.6303,33.3237,4.57404,1507.9,2.0038,10.5621
4571,23.6772,75.2492,6.35989,1524.29,3.17813,10.5642
4822,22.3934,65.6352,6.20119,1521.1100000000001,2.93101,10.6624
9933,20.12,50.4638,5.59873,1515.4899999999998,2.50813,10.7446
9951,23.3811,72.9873,8.01533,1523.56,3.12163,10.8783
9672,20.5571,52.8337,5.64331,1516.4299999999998,2.57009,10.9421
807,24.6459,82.8886,7.87388,1526.67,3.36317,10.9836
9930,23.8934,76.9186,7.44172,1524.8199999999997,3.21924,11.0268
9520,24.0827,78.3915,6.34842,1525.29,3.2551,11.0934
4525,23.6168,74.786,7.57211,1524.15,3.16664,11.2805
8835,24.4164,81.0164,8.45478,1526.1,3.31811,11.3512
1559,24.308,80.1602,7.4918,1525.83,3.29768,11.3828
5600,19.4645,47.003,4.77952,1514.0899999999997,2.4148,11.413
412,24.9257,85.7515,7.94097,1527.5299999999997,3.44028,11.4932
4246,20.4575,52.2893,5.60824,1516.2199999999998,2.55599,11.5149
3404,22.043,63.0972,7.2719,1520.2199999999998,2.86246,11.545
1516,24.1819,79.1682,8.60202,1525.5299999999997,3.27386,11.5556
2053,25.3037,89.7786,8.47217,1528.75,3.54804,11.6064
2759,24.0074,77.8041,7.79423,1525.1,3.24084,11.621
8359,24.5153,81.8008,6.14224,1526.3399999999997,3.33673,11.6325
1299,22.5864,67.0485,5.67893,1521.5899999999997,2.96853,11.7052
753,24.2429,79.6476,9.59486,1525.6799999999998,3.2854,11.7085
7408,21.3278,58.029,5.53173,1518.4,2.72082,11.7689
2439,19.3988,46.6623,5.78547,1513.9499999999998,2.40542,11.9094
9732,24.4838,81.5506,8.88984,1526.2599999999998,3.3308,11.9779
7841,23.7864,76.091,6.17182,1524.56,3.19892,12.0388
7511,22.3359,65.2164,7.90222,1520.96,2.9198,12.0471
730,26.2351,100.524,10.1013,1531.9299999999998,3.83167,12.3285
8840,22.5804,67.004,7.35532,1521.58,2.96736,12.3755
8163,22.3367,65.222,8.72996,1520.96,2.91995,12.5181
6777,24.8237,84.6963,8.33085,1527.2199999999998,3.41191,12.5428
3806,20.1569,50.6618,5.02537,1515.5699999999997,2.51337,12.5563
8216,23.8647,76.696,7.74702,1524.75,3.21379,12.5645
5815,26.3057,101.389,9.11137,1532.1799999999998,3.85426,12.5853
1088,23.7201,75.5798,7.51808,1524.4,3.18631,12.6331
3320,26.9399,109.484,7.07119,1534.54,4.06402,12.6644
4072,25.2719,89.433,8.21697,1528.6399999999999,3.53883,12.7047
2639,23.6859,75.3165,8.41863,1524.31,3.1798,12.7262
862,22.8439,68.9517,7.24911,1522.23,3.01839,12.7386
8116,18.9791,44.5125,5.34545,1513.04,2.34534,12.8297
7099,26.1511,99.5063,10.5912,1531.63,3.80504,12.8805
7231,23.1589,71.3075,7.30647,1523.02,3.07905,12.9024
39,23.8611,76.6682,8.50721,1524.7399999999998,3.2131,12.9342
5123,22.1205,63.6554,6.99165,1520.42,2.87767,12.9469
7356,22.5947,67.1095,5.77613,1521.6100000000001,2.97014,13.0233
7548,21.7701,61.1458,7.15519,1519.5299999999997,2.80871,13.0276
2049,25.7292,94.5384,7.05408,1530.1599999999999,3.67437,13.0628
9843,22.1162,63.6248,5.97169,1520.4099999999999,2.87683,13.0697
1059,25.8962,96.4744,10.0595,1530.7399999999998,3.72543,13.0726
8223,25.029,86.833,8.29583,1527.8600000000001,3.4693,13.0764
3722,17.8943,39.168,4.86871,1510.69,2.18886,13.1504
2176,26.0237,97.9792,7.88273,1531.1799999999998,3.765,13.1578
546,23.0284,70.328,7.55052,1522.69,3.05396,13.177
3654,25.9788,97.4471,9.52243,1531.02,3.75102,13.2242
7287,25.9181,96.7321,11.7314,1530.81,3.73222,13.2668
5524,23.1933,71.5661,8.63462,1523.1,3.08564,13.3144
6845,25.5546,92.556,9.65582,1529.5699999999997,3.62189,13.3394
1209,20.6752,53.5307,7.38623,1516.6999999999998,2.58913,13.3751
183,25.7345,94.6001,9.75028,1530.1799999999998,3.676,13.3778
6764,24.5037,81.7088,8.94902,1526.31,3.33455,13.4055
1584,22.6675,67.646,7.21234,1521.79,2.98427,13.416
2170,20.5355,52.7152,5.74681,1516.38,2.56703,13.4539
1787,23.0422,70.4312,8.52203,1522.73,3.05661,13.5482
7217,24.1442,78.873,8.84463,1525.44,3.26675,13.6726
3484,26.119,99.1195,7.38561,1531.52,3.79491,13.7067
2445,21.669,60.4287,7.72002,1519.27,2.78872,13.8533
9947,24.4747,81.4787,8.19473,1526.2399999999998,3.3291,13.9273
2432,23.2035,71.6434,8.51877,1523.13,3.08761,13.9373
6403,21.5817,59.8119,8.03536,1519.0499999999997,2.77141,14.0467
8995,22.3269,65.1507,7.44253,1520.94,2.91804,14.0937
6838,24.1707,79.0802,8.68257,1525.5,3.27174,14.1642
4004,26.3118,101.464,10.3367,1532.21,3.85622,14.2506
3617,24.414,80.9973,10.3595,1526.0899999999997,3.31766,14.2939
2328,25.2847,89.5715,8.41878,1528.6799999999998,3.54252,14.2967
7900,26.0541,98.3419,10.5228,1531.29,3.77452,14.3654
2831,23.8635,76.6867,8.57724,1524.75,3.21356,14.3943
6124,26.7552,107.064,8.67605,1533.8399999999997,4.00163,14.5547
7168,22.4554,66.0876,6.94469,1521.2599999999998,2.94307,14.6033
5051,25.7101,94.3196,10.1531,1530.1,3.66859,14.7137
7981,26.4556,103.249,13.0167,1532.73,3.90272,14.7184
580,23.3956,73.0971,7.03915,1523.6,3.1244,14.8174
9419,29.0164,142.385,11.4652,1543.6799999999998,4.90707,14.86
9050,23.6719,75.2087,7.93533,1524.2799999999997,3.17713,14.8764
3682,23.5974,74.6368,7.44605,1524.1,3.16293,14.8861
6650,24.9202,85.694,9.58696,1527.52,3.43874,15.0216
5970,25.9759,97.4132,9.22485,1531.0099999999998,3.75013,15.0437
5018,24.3589,80.5619,10.8095,1525.96,3.30728,15.0481
4508,25.2047,88.7057,8.98577,1528.42,3.51941,15.0772
4929,26.4928,103.715,8.40806,1532.8600000000001,3.91483,15.3315
650,24.0992,78.5205,6.50314,1525.33,3.25823,15.3396
7544,25.62,93.2943,8.6607,1529.79,3.64146,15.347
7596,22.7755,68.4443,7.17056,1522.06,3.00517,15.4246
2689,30.0083,160.471,12.1734,1548.3899999999999,5.34754,15.5583
9912,22.4497,66.0464,8.49194,1521.25,2.94197,15.5693
6445,23.0463,70.4614,7.96009,1522.7399999999998,3.05739,15.6081
7342,25.7099,94.318,11.8963,1530.1,3.66854,15.6158
2314,26.4203,102.808,10.8089,1532.6,3.89124,15.7343
1479,25.5133,92.0931,8.30315,1529.44,3.60961,15.7455
6261,25.9707,97.3511,8.70225,1531.0,3.7485,15.789
4946,19.3782,46.5554,6.55384,1513.9,2.40247,15.8089
3232,25.5451,92.4486,10.8437,1529.54,3.61904,15.836
664,25.2483,89.1763,10.8155,1528.56,3.53198,15.9772
3886,27.312,114.518,9.48217,1535.9899999999998,4.19296,16.0051
1754,23.2994,72.3678,8.88566,1523.3600000000001,3.10599,16.0756
6438,20.9428,55.3614,7.66845,1517.4,2.64345,16.1608
6020,25.486,91.7885,9.91285,1529.35,3.60152,16.2325
6056,26.6261,105.404,10.7885,1533.3600000000001,3.95867,16.2358
416,27.4412,116.317,10.9088,1536.5,4.23876,16.3716
3227,27.3795,115.455,11.4832,1536.2599999999998,4.21683,16.4224
8071,27.1286,112.011,12.9219,1535.27,4.12887,16.4382
7875,25.0758,87.328,8.53515,1528.0099999999998,3.48256,16.4552
311,28.2476,129.299,12.9506,1540.1399999999999,4.57733,16.4828
5402,23.9843,77.6244,7.25465,1525.0499999999997,3.23647,16.5776
1435,25.402,90.857,8.63717,1529.0699999999997,3.57676,16.6049
7090,25.2737,89.4525,9.02644,1528.65,3.53935,16.7518
8917,22.5651,66.8922,8.5637,1521.54,2.96441,16.7849
8110,24.7188,83.6248,9.53989,1526.8899999999999,3.38304,16.8302
4727,26.5442,104.363,10.8967,1533.0499999999997,3.93167,16.8372
1094,26.8723,108.592,11.4803,1534.2799999999997,4.04104,16.8409
3175,22.0857,63.4048,7.89561,1520.33,2.87085,16.8957
98,27.3349,114.835,12.0404,1536.08,4.20105,16.9412
2748,27.1848,112.773,10.7545,1535.4899999999998,4.14839,17.086
559,25.2505,89.2007,9.43228,1528.5699999999997,3.53263,17.1219
7717,23.8644,76.6937,7.54807,1524.75,3.21373,17.1472
8540,24.9154,85.6446,9.48603,1527.5,3.43741,17.1493
1477,26.1725,99.7645,11.0524,1531.71,3.8118,17.2076
8363,28.7133,137.149,10.3242,1542.2799999999997,4.77649,17.2384
9991,26.609,105.185,12.3676,1533.29,3.953,17.2832
6976,24.5642,82.1901,10.7993,1526.46,3.34593,17.2861
3769,28.9694,141.567,10.5726,1543.4699999999998,4.88677,17.3313
604,25.0754,87.3239,9.02465,1528.0099999999998,3.48246,17.3319
9913,25.942,97.013,9.74421,1530.9,3.73961,17.3457
7569,26.1944,100.03,9.8576,1531.79,3.81874,17.4003
8109,25.6143,93.2294,9.87661,1529.77,3.63974,17.4027
1747,27.2513,113.682,9.39546,1535.75,4.17163,17.4195
5889,23.575,74.4657,9.19218,1524.04,3.15867,17.4235
5078,29.0233,142.506,11.9803,1543.7199999999998,4.91005,17.4301
2485,28.2228,128.887,10.4893,1540.0299999999997,4.56676,17.4428
5652,24.8527,84.9945,8.70025,1527.31,3.41993,17.5199
1171,27.2249,113.32,9.06198,1535.6399999999999,4.16237,17.5242
8648,24.4323,81.1422,9.67473,1526.1399999999999,3.32111,17.6193
8337,23.3355,72.6412,9.73722,1523.4499999999998,3.11291,17.6573
1945,25.2894,89.6229,10.9155,1528.6999999999998,3.54389,17.6888
1627,27.9319,124.113,14.9481,1538.6999999999998,4.44341,17.7915
2547,26.0217,97.956,8.65676,1531.17,3.76439,17.8363
9426,26.0703,98.535,9.64381,1531.35,3.77959,17.8438
6594,24.7552,83.9949,10.3319,1527.0,3.39302,17.8448
9695,28.7131,137.145,12.026,1542.2799999999997,4.77638,17.9445
124,27.1644,112.496,12.1833,1535.4099999999999,4.14131,17.9544
850,25.4031,90.8692,9.77789,1529.0699999999997,3.57709,17.9676
2180,26.9912,110.166,12.7225,1534.7399999999998,4.08154,17.9706
3606,26.7397,106.864,11.1861,1533.7799999999997,3.99646,17.9754
6913,27.829,122.447,11.5483,1538.2399999999998,4.39999,18.0768
9522,27.6153,119.025,8.72206,1537.27,4.31013,18.0942
9188,24.3994,80.882,11.4316,1526.06,3.31491,18.1576
3116,26.9066,109.044,11.2355,1534.4099999999999,4.05267,18.1618
9453,25.8398,95.8168,10.7251,1530.54,3.70811,18.2134
4888,27.8677,123.073,13.0244,1538.4099999999999,4.41632,18.2253
5567,30.1333,162.882,14.0409,1549.0,5.4054,18.2576
7678,25.2227,88.8994,9.97194,1528.48,3.52459,18.3999
4166,26.7463,106.949,10.995,1533.81,3.99865,18.4265
2130,26.6405,105.587,11.4867,1533.4099999999999,3.96341,18.4659
4224,25.5586,92.6011,7.72362,1529.5899999999997,3.62309,18.4883
9768,27.7344,120.927,13.5284,1537.81,4.36017,18.5482
3033,28.0579,126.169,13.8727,1539.2799999999997,4.49675,18.5489
8121,26.0139,97.8624,10.461,1531.15,3.76193,18.5512
6789,26.9436,109.533,10.6984,1534.5499999999997,4.06526,18.5683
8324,25.3287,90.0511,10.8954,1528.83,3.5553,18.6579
3808,26.5752,104.756,9.65548,1533.17,3.94187,18.689
4431,26.767,107.218,12.5699,1533.88,4.00559,18.7041
8720,29.7349,155.262,14.296,1547.0499999999997,5.22153,18.7525
9,26.7145,106.538,11.3491,1533.69,3.98802,18.8001
6292,26.487,103.643,10.7845,1532.8399999999997,3.91296,18.8208
492,28.77,138.12,11.7166,1542.54,4.80084,18.8479
3398,23.5265,74.0945,8.60864,1523.92,3.14941,18.8798
4167,27.3919,115.627,11.1244,1536.31,4.22122,18.9546
4155,24.3958,80.8534,9.74391,1526.0499999999997,3.31423,19.1261
4380,27.9283,124.054,10.5053,1538.69,4.44189,19.1885
8456,25.4309,91.1757,8.61936,1529.1599999999999,3.58524,19.2599
1039,27.5605,118.157,11.945,1537.0299999999997,4.28717,19.3493
3750,24.2904,80.021,10.2281,1525.79,3.29435,19.4296
6259,27.2733,113.985,10.3236,1535.83,4.17935,19.4769
6089,26.2365,100.542,8.41861,1531.94,3.83213,19.532
2467,31.1501,183.194,15.7123,1554.04,5.88101,19.54
1598,29.7963,156.423,12.711,1547.35,5.24975,19.55
6344,26.2961,101.271,10.342,1532.15,3.85117,19.5608
9014,28.8292,139.139,13.5707,1542.8199999999997,4.82632,19.5678
6501,26.8952,108.894,12.6641,1534.37,4.04883,19.6501
2921,25.9138,96.6809,11.4032,1530.7999999999997,3.73087,19.6614
8252,27.3748,115.39,11.3524,1536.2399999999998,4.21518,19.7824
4125,31.668,194.014,13.6793,1556.6399999999999,6.12649,19.8198
7817,28.952,141.265,14.2284,1543.3899999999999,4.87927,19.8428
5971,27.8792,123.258,14.8541,1538.4699999999998,4.42116,19.888
8220,27.2117,113.14,11.7434,1535.5899999999997,4.15778,19.9372
5436,25.6198,93.2918,11.1248,1529.79,3.64139,19.9464
8921,27.5774,118.425,12.1865,1537.1,4.29426,19.9709
2329,27.1513,112.318,15.1876,1535.3600000000001,4.13674,20.0066
2272,25.9498,97.1048,10.1615,1530.92,3.74202,20.1429
8099,25.3655,90.4551,10.9619,1528.9499999999998,3.56606,20.2178
2047,29.0242,142.522,14.224,1543.7199999999998,4.91046,20.2243
5351,25.5271,92.2471,10.8912,1529.48,3.6137,20.245
9090,26.0743,98.583,11.0571,1531.3600000000001,3.78085,20.3664
2428,26.0226,97.9659,12.3247,1531.1799999999998,3.76465,20.3926
6200,26.0641,98.4612,11.9485,1531.3199999999997,3.77765,20.4679
4319,29.4616,150.26,12.6877,1545.7599999999998,5.10021,20.527
3776,26.2356,100.531,11.8763,1531.9299999999998,3.83185,20.5281
6504,28.6181,135.524,16.5708,1541.8399999999997,4.7356,20.5544
934,26.2515,100.725,11.7081,1531.9899999999998,3.83691,20.6016
9283,29.1415,144.578,13.8792,1544.27,4.96122,20.6087
4316,27.6423,119.455,10.7163,1537.3899999999999,4.32145,20.6647
6531,24.7909,84.3596,9.71167,1527.1100000000001,3.40285,20.678
480,26.0518,98.3137,10.793,1531.2799999999997,3.77378,20.732
2725,28.1722,128.051,12.1863,1539.7999999999997,4.54528,20.7489
9143,25.4492,91.3794,10.6549,1529.2199999999998,3.59065,20.8013
1645,31.1824,183.86,15.5315,1554.1999999999998,5.89626,20.8242
5719,27.0712,111.236,12.2442,1535.0499999999997,4.10902,20.8509
911,28.7789,138.274,12.2872,1542.58,4.80471,20.8571
1290,28.4192,132.164,12.518,1540.9299999999998,4.65051,20.9162
9570,26.6317,105.475,11.8801,1533.38,3.9605,20.9524
8661,28.0213,125.571,10.8509,1539.1100000000001,4.48126,21.0513
9985,28.828,139.119,11.67,1542.81,4.82582,21.0655
4949,28.4762,133.122,14.9495,1541.19,4.67486,21.0831
2394,27.2047,113.044,11.1198,1535.5699999999997,4.15533,21.1074
2954,26.3817,102.328,12.7406,1532.46,3.87874,21.1989
2312,28.2265,128.949,10.8822,1540.0499999999997,4.56835,21.208
2452,27.3174,114.593,10.2059,1536.0099999999998,4.19487,21.2494
8959,28.3211,130.521,14.9333,1540.48,4.60861,21.3004
134,29.3992,149.142,14.8413,1545.4699999999998,5.07302,21.3434
5535,27.5282,117.646,13.6923,1536.88,4.27365,21.3935
1689,28.5023,133.561,10.4802,1541.31,4.686,21.438
4689,28.6483,136.039,16.1155,1541.98,4.74858,21.5242
5558,28.8676,139.803,15.4075,1542.9899999999998,4.8429,21.5712
6714,24.2618,79.7959,9.1879,1525.7199999999998,3.28896,21.6001
6408,28.709,137.076,13.9045,1542.2599999999998,4.77465,21.6166
4574,27.3712,115.339,12.7453,1536.2199999999998,4.21387,21.6822
5665,30.8117,176.299,12.4184,1552.35,5.7218,21.689
4621,28.5676,134.666,13.4304,1541.6100000000001,4.71396,21.6918
1412,31.8328,197.647,13.8097,1557.5,6.2089,21.6987
6849,27.2163,113.203,13.91,1535.6100000000001,4.15937,21.705
7483,30.4011,168.113,15.8875,1550.3199999999997,5.52982,21.7073
1605,30.0091,160.486,17.6352,1548.3899999999999,5.34791,21.8534
7174,28.0602,126.208,12.7547,1539.29,4.49775,21.9677
5364,27.4369,116.256,12.4493,1536.48,4.23722,21.9704
9950,27.5945,118.695,12.1035,1537.1799999999998,4.3014,22.0822
7624,28.758,137.914,12.7105,1542.4899999999998,4.79568,22.127
2908,27.3087,114.472,14.6059,1535.9699999999998,4.19178,22.2157
5349,26.5087,103.915,11.8583,1532.92,3.92002,22.2391
3129,30.2803,165.743,14.3251,1549.7199999999998,5.47363,22.2508
9521,27.089,111.475,15.1078,1535.1100000000001,4.11515,22.2599
7091,28.8199,138.979,13.1844,1542.77,4.82232,22.2768
7683,27.0411,110.832,12.0634,1534.9299999999998,4.09865,22.3043
5835,26.0606,98.4189,13.1368,1531.31,3.77654,22.3201
2513,27.763,121.385,11.0218,1537.94,4.37219,22.432
9469,26.4922,103.707,11.0744,1532.8600000000001,3.91463,22.4463
5250,28.0474,125.997,14.7548,1539.23,4.49229,22.4583
5403,25.41,90.9452,11.4804,1529.0899999999997,3.57911,22.4601
8795,28.8156,138.904,13.5432,1542.75,4.82046,22.7473
6924,28.8157,138.907,15.6095,1542.75,4.82053,22.8124
3781,30.7222,174.497,15.4125,1551.9099999999999,5.67983,22.8405
5643,30.2855,165.845,16.8842,1549.75,5.47605,22.866
2809,29.7566,155.672,14.9439,1547.1599999999999,5.23151,22.934
2752,31.4758,189.959,18.4048,1555.67,6.03507,22.9947
1172,24.9536,86.0421,10.8383,1527.62,3.44809,23.0039
9038,31.7203,195.162,17.9827,1556.9099999999999,6.15259,23.0149
6112,28.8291,139.137,11.2048,1542.8199999999997,4.82628,23.0256
2135,24.9751,86.2673,9.41989,1527.69,3.45413,23.0342
9932,29.8937,158.276,10.7317,1547.83,5.29462,23.0361
788,28.5105,133.7,14.2185,1541.35,4.68952,23.0836
7571,28.5201,133.863,11.8952,1541.3899999999999,4.69363,23.1271
9756,29.0161,142.38,13.7271,1543.6799999999998,4.90693,23.2193
9826,31.4068,188.515,13.0788,1555.33,6.00236,23.2347
8880,27.13,112.029,12.6688,1535.27,4.12935,23.2458
8474,24.0605,78.2188,9.50968,1525.23,3.25092,23.324
4120,30.3752,167.602,17.7608,1550.19,5.51774,23.424
5373,25.6891,94.0796,11.9664,1530.0299999999997,3.66224,23.4868
7007,29.8911,158.227,14.468,1547.8199999999997,5.29345,23.5074
2557,27.9009,123.61,12.188,1538.56,4.43032,23.6219
2397,28.6043,135.29,13.821,1541.7799999999997,4.72971,23.6232
6739,24.8412,84.8765,11.837,1527.27,3.41676,23.6963
4339,31.7029,194.778,15.5374,1556.8199999999997,6.14387,23.8198
467,29.3603,148.45,14.0691,1545.2799999999997,5.05613,23.8467
2134,28.497,133.473,13.5669,1541.29,4.68374,23.8523
9017,30.2788,165.713,16.9049,1549.7199999999998,5.47291,23.8558
8472,27.9224,123.959,11.5028,1538.6599999999999,4.43941,23.8968
1376,27.4558,116.521,12.6803,1536.56,4.24396,23.9046
6802,27.1351,112.098,11.3126,1535.29,4.13111,23.9941
2331,27.6328,119.304,10.9104,1537.35,4.31747,24.004
6488,28.6913,136.772,14.7542,1542.1799999999998,4.76701,24.066
1018,28.9714,141.602,13.7076,1543.48,4.88766,24.0755
4782,27.9265,124.026,15.9657,1538.6799999999998,4.44116,24.0852
9549,26.6909,106.235,13.0153,1533.6,3.98017,24.142
2845,29.5361,151.599,17.1649,1546.1100000000001,5.13267,24.2733
3995,26.7269,106.699,11.9291,1533.73,3.99217,24.3841
6241,28.2691,129.656,12.3649,1540.2399999999998,4.58649,24.4128
2916,28.4916,133.381,13.8723,1541.2599999999998,4.68143,24.4475
4284,31.2078,184.383,10.8928,1554.33,5.90823,24.4947
8406,29.9939,160.195,12.5344,1548.3199999999997,5.34091,24.6086
2909,26.7602,107.129,10.3185,1533.8600000000001,4.00331,24.6104
3720,30.7196,174.445,15.6838,1551.9,5.67861,24.6541
9820,26.8888,108.809,12.7455,1534.3399999999997,4.04663,24.7056
5050,32.9496,223.349,17.7942,1563.4499999999998,6.7785,24.7589
1882,30.1985,164.148,13.8616,1549.3199999999997,5.43564,24.791
810,26.6122,105.226,11.8349,1533.2999999999997,3.95407,24.8027
5975,30.0063,160.433,16.3889,1548.38,5.34665,24.8476
5054,29.678,154.189,14.2548,1546.7799999999997,5.19539,24.8508
2373,26.9539,109.67,12.6668,1534.5899999999997,4.06878,24.8677
488,27.218,113.226,12.0389,1535.62,4.15998,24.9009
8195,28.2741,129.738,13.7111,1540.2599999999998,4.58859,24.9459
6557,29.0726,143.369,15.7712,1543.9499999999998,4.9314,25.0398
9740,32.1702,205.215,18.9237,1559.2799999999997,6.37903,25.0419
1000,30.5311,170.683,13.5373,1550.96,5.59046,25.0424
9938,30.0492,161.257,16.028,1548.5899999999997,5.36645,25.0556
8788,29.5765,152.327,14.0439,1546.2999999999997,5.15027,25.0687
9874,30.0499,161.272,17.705,1548.5899999999997,5.36679,25.0695
9400,32.1603,204.991,18.3849,1559.23,6.37403,25.1196
1180,27.7741,121.563,12.3412,1537.9899999999998,4.37685,25.1679
6345,27.6959,120.31,13.9076,1537.6399999999999,4.34396,25.1834
4624,25.8301,95.7038,13.412,1530.5099999999998,3.70513,25.2282
1626,28.9473,141.183,12.9397,1543.3600000000001,4.87725,25.3009
8005,26.6466,105.665,12.817,1533.4299999999998,3.96544,25.3029
9859,28.1919,128.376,12.2218,1539.8899999999999,4.55365,25.3153
7110,29.1812,145.276,17.3047,1544.4499999999998,4.97841,25.345
4810,29.1484,144.698,15.4585,1544.2999999999997,4.96418,25.3778
5091,29.2645,146.747,17.2347,1544.8399999999997,5.01451,25.381
1563,28.6032,135.271,19.5637,1541.77,4.72923,25.5141
9346,28.5233,133.918,14.3789,1541.4099999999999,4.69502,25.5178
221,25.98,97.4611,13.1742,1531.0299999999997,3.75139,25.5182
9446,29.5715,152.237,16.0515,1546.27,5.14811,25.5282
2058,30.1485,163.177,15.9218,1549.08,5.41245,25.5435
840,28.3609,131.186,13.0684,1540.6599999999999,4.62559,25.5494
4557,28.553,134.42,16.2927,1541.54,4.70773,25.5557
6471,27.9402,124.248,12.9666,1538.7399999999998,4.44694,25.5636
718,32.4434,211.468,20.1053,1560.73,6.51806,25.6171
5614,28.7528,137.825,13.0877,1542.46,4.79345,25.6532
7293,26.6996,106.346,10.9874,1533.63,3.98304,25.663
796,30.2217,164.601,16.0193,1549.44,5.44643,25.8509
5712,26.6498,105.707,11.9559,1533.44,3.96652,25.8928
7195,29.7239,155.053,13.5574,1547.0,5.21646,25.905
2250,30.3909,167.913,20.6068,1550.27,5.5251,25.9515
2928,31.4069,188.517,18.016,1555.33,6.00241,25.957
8095,26.3475,101.904,14.0039,1532.33,3.8677,25.9599
9444,32.579,214.614,17.3932,1561.46,6.58748,25.9631
7111,27.9611,124.589,13.9966,1538.8399999999997,4.45578,25.9771
3062,30.5549,171.155,17.092,1551.08,5.60155,26.0617
6254,30.8763,177.604,18.6612,1552.67,5.75211,26.116
7644,29.8981,158.361,15.5886,1547.85,5.29667,26.1269
5556,29.64,153.475,13.1864,1546.5899999999997,5.17798,26.1459
2207,28.604,135.285,12.8445,1541.7799999999997,4.72957,26.1921
571,29.0569,143.094,16.3061,1543.87,4.9246,26.2735
4045,29.9219,158.816,15.5491,1547.9699999999998,5.30767,26.2743
1295,28.2138,128.738,16.8875,1539.9899999999998,4.56294,26.2754
3397,25.5364,92.3511,13.0482,1529.5099999999998,3.61646,26.3104
9102,29.5176,151.266,16.5082,1546.02,5.1246,26.3777
6204,29.212,145.818,13.7177,1544.5899999999997,4.99173,26.4033
9477,27.2216,113.276,14.3912,1535.63,4.16124,26.4056
8340,32.4042,210.565,17.2692,1560.52,6.49806,26.4531
2772,29.0665,143.262,13.8016,1543.92,4.92876,26.4736
4887,31.8132,197.213,15.8592,1557.4,6.19909,26.4947
7050,29.9564,159.476,15.6984,1548.1399999999999,5.3236,26.532
8629,31.2511,185.277,22.2836,1554.54,5.92867,26.6604
2310,26.9846,110.077,13.7905,1534.71,4.07926,26.7699
1391,31.0354,180.841,13.8722,1553.4699999999998,5.82693,26.8056
3396,28.7498,137.774,17.4135,1542.4499999999998,4.79218,26.8664
6720,30.3224,166.567,18.6515,1549.9299999999998,5.4932,26.9605
1874,30.1643,163.484,16.5058,1549.15,5.41978,26.9618
2364,28.7952,138.553,14.4675,1542.6599999999999,4.81168,26.9888
5973,31.5325,191.148,21.6286,1555.96,6.06195,27.0471
8850,30.1489,163.184,15.625,1549.08,5.41261,27.1165
9981,28.0192,125.536,12.3772,1539.1,4.48035,27.131
5273,32.2322,206.624,21.6203,1559.6100000000001,6.41048,27.1435
4740,30.0072,160.451,17.0882,1548.38,5.34706,27.1751
5571,27.9199,123.919,12.438,1538.65,4.43837,27.3305
3788,29.6655,153.953,16.5911,1546.7199999999998,5.18963,27.4589
6792,32.3301,208.861,20.0068,1560.13,6.46027,27.4664
1480,34.5753,265.397,19.7246,1572.75,7.67591,27.6028
5426,30.8361,176.791,15.7119,1552.4699999999998,5.73323,27.6073
8936,34.9368,275.672,21.9504,1574.9699999999998,7.89061,27.6088
4676,28.8148,138.891,17.7769,1542.75,4.82014,27.6396
3146,28.3425,130.879,18.0324,1540.58,4.61775,27.7556
1231,32.0694,202.937,20.3047,1558.75,6.32805,27.8205
8264,27.485,116.965,14.5471,1536.69,4.2556,27.9124
4057,29.7283,155.138,21.4188,1547.02,5.21851,27.9903
2891,30.238,164.917,16.4991,1549.52,5.45397,28.0277
6115,28.33,130.67,14.8682,1540.52,4.61243,28.0751
4842,32.0961,203.538,17.1824,1558.8899999999999,6.34153,28.1314
4310,29.8133,156.746,15.1094,1547.44,5.25758,28.1679
1705,30.2009,164.196,13.7392,1549.33,5.43677,28.2108
8273,29.0287,142.601,15.1996,1543.7399999999998,4.91241,28.2744
2463,28.0055,125.312,16.3513,1539.04,4.47456,28.3044
6121,30.3821,167.74,16.5245,1550.23,5.52099,28.4332
2736,28.7501,137.779,13.5475,1542.4499999999998,4.79229,28.4492
8519,29.6001,152.753,16.7223,1546.4099999999999,5.16056,28.4768
9196,29.5533,151.909,15.2879,1546.19,5.14017,28.5036
5026,32.3626,209.606,17.2201,1560.2999999999997,6.47679,28.5199
8119,29.3365,148.026,16.4055,1545.17,5.04579,28.5867
3969,28.2704,129.677,16.322,1540.25,4.58702,28.5876
3530,28.5256,133.956,14.6543,1541.42,4.696,28.6249
2673,29.5231,151.365,17.3864,1546.0499999999997,5.12699,28.7043
2340,30.1173,162.572,15.5187,1548.92,5.39798,28.7214
2070,30.3402,166.916,16.714,1550.02,5.50147,28.7449
6985,32.2772,207.651,17.5314,1559.85,6.43336,28.7544
56,27.5758,118.399,16.4739,1537.1,4.29358,28.7834
4297,29.8954,158.308,17.3917,1547.8399999999997,5.29541,28.8195
3865,27.0619,111.111,14.335,1535.0099999999998,4.10581,28.8389
1879,30.0445,161.167,20.3352,1548.5699999999997,5.36428,28.8535
9093,29.5147,151.213,13.5979,1546.0099999999998,5.12331,28.8814
7763,30.0357,160.997,17.1705,1548.52,5.3602,28.885
7558,31.6419,193.454,19.8188,1556.5099999999998,6.11388,28.8948
1740,33.2208,229.87,20.0998,1564.92,6.91946,29.1274
1108,32.6362,215.948,18.2083,1561.7599999999998,6.61683,29.2415
9556,26.266,100.902,14.5579,1532.04,3.84154,29.2931
883,30.6933,173.917,17.405,1551.77,5.6663,29.3582
2348,28.6089,135.369,12.6194,1541.7999999999997,4.73169,29.3588
7170,31.1096,182.361,17.1908,1553.8399999999997,5.8619,29.3861
551,30.8223,176.513,16.668,1552.4099999999999,5.72678,29.4036
7289,33.0031,224.626,22.625,1563.7399999999998,6.80621,29.4157
6186,28.7937,138.529,15.447,1542.65,4.81107,29.5034
954,29.1481,144.692,13.5623,1544.2999999999997,4.96404,29.548
3422,28.9613,141.426,15.1827,1543.4299999999998,4.88327,29.5732
2593,30.8103,176.27,17.0865,1552.35,5.72113,29.589
1990,32.5841,214.73,18.6643,1561.48,6.59005,29.5925
3070,28.8327,139.2,15.8154,1542.83,4.82785,29.6277
7631,30.9296,178.685,24.5733,1552.94,5.77714,29.6622
3571,29.6381,153.44,15.7546,1546.58,5.17714,29.7248
9358,27.5773,118.422,14.7346,1537.1,4.2942,29.7512
4597,30.7727,175.512,21.6149,1552.1599999999999,5.7035,29.7814
3341,29.0543,143.049,14.9608,1543.8600000000001,4.92348,29.8269
9218,32.7969,219.724,19.1972,1562.63,6.69954,29.9374
5572,29.0034,142.159,15.723,1543.62,4.90146,29.9729
1449,27.8567,122.895,15.4391,1538.3600000000001,4.41168,29.982
9745,33.763,243.446,18.4468,1567.9499999999998,7.21045,30.0061
2324,33.6734,241.121,20.5486,1567.4299999999998,7.16059,30.0352
1345,32.0441,202.367,15.5115,1558.6100000000001,6.31526,30.0645
9168,29.1916,145.459,12.9882,1544.5,4.98291,30.0759
5242,31.6583,193.801,17.0493,1556.5899999999997,6.12167,30.1724
2894,29.8563,157.563,16.4084,1547.65,5.27738,30.2626
6064,32.7644,218.958,18.8899,1562.4499999999998,6.68279,30.2859
669,33.9611,248.656,18.2354,1569.1,7.32178,30.2993
3317,28.8683,139.815,16.2451,1543.0,4.84319,30.3294
6797,32.8259,220.409,21.9753,1562.7799999999997,6.7145,30.3406
7703,27.9108,123.771,13.9863,1538.6100000000001,4.43453,30.3713
7617,32.7609,218.875,21.0389,1562.4299999999998,6.68099,30.4342
8575,35.236,284.452,18.8443,1576.8399999999997,8.07276,30.4509
8193,30.0732,161.721,15.5336,1548.71,5.37758,30.5196
5904,30.6084,172.221,21.7077,1551.3399999999997,5.62658,30.5819
6194,30.6186,172.424,16.2098,1551.4,5.63136,30.6183
8823,30.2272,164.707,20.8694,1549.46,5.44896,30.662
7600,29.2979,147.339,17.5357,1544.9899999999998,5.02901,30.6766
8057,28.5281,133.998,14.785,1541.4299999999998,4.69704,30.6806
7484,29.6406,153.486,18.36,1546.6,5.17823,30.7095
5960,29.7396,155.351,18.8597,1547.08,5.2237,30.7365
3169,28.355,131.088,17.9417,1540.63,4.62309,30.7406
2367,27.0998,111.621,14.9107,1535.1599999999999,4.11889,30.7888
1149,28.7584,137.921,18.8172,1542.4899999999998,4.79586,30.8092
4849,30.4234,168.553,17.8653,1550.4299999999998,5.54024,30.9038
5456,31.6072,192.721,16.8121,1556.33,6.0974,30.9442
2601,35.0931,280.215,21.5268,1575.94,7.98491,30.9637
2649,28.7649,138.033,15.1535,1542.52,4.79866,30.9848
837,31.5066,190.603,22.0851,1555.83,6.04964,31.0803
8394,31.9305,199.82,17.656,1558.0099999999998,6.25797,31.1561
4649,31.3555,187.444,16.3285,1555.0699999999997,5.97804,31.2638
4129,32.2309,206.593,23.7483,1559.6,6.4098,31.3638
8798,32.2281,206.531,22.3214,1559.58,6.4084,31.4452
5003,31.1958,184.136,15.7959,1554.27,5.90258,31.4508
7745,33.3081,231.991,24.1685,1565.4,6.965,31.4588
3195,30.2862,165.857,18.0925,1549.75,5.47635,31.4714
8306,34.9593,276.323,23.0565,1575.1,7.90414,31.4741
6904,30.2722,165.585,18.6437,1549.69,5.46987,31.4834
733,30.8965,178.013,18.8874,1552.77,5.76159,31.5061
3597,34.1962,254.957,17.8589,1570.48,7.45572,31.511
9681,28.7509,137.792,13.8476,1542.4499999999998,4.79263,31.5284
7366,32.4172,210.864,19.0909,1560.5899999999997,6.50469,31.5298
4548,30.4141,168.37,17.2655,1550.38,5.53591,31.6396
3258,31.8875,198.862,22.0665,1557.79,6.23636,31.6704
524,31.1089,182.347,20.7867,1553.83,5.86157,31.6979
3546,30.8902,177.886,18.9469,1552.7399999999998,5.75866,31.7698
3595,30.165,163.498,16.9129,1549.1599999999999,5.42011,31.7953
356,30.9494,179.088,18.5885,1553.04,5.78648,31.8165
5873,29.918,158.741,19.4905,1547.9499999999998,5.30587,31.9036
1544,31.3671,187.687,17.1607,1555.13,5.98355,31.9062
723,29.9102,158.591,14.2206,1547.9099999999999,5.30225,31.948
8082,31.4143,188.671,21.7702,1555.3600000000001,6.00589,31.9613
3784,30.245,165.054,20.0354,1549.5499999999997,5.45724,31.9613
8160,31.8112,197.168,20.3593,1557.3899999999999,6.19808,32.0189
3842,32.5091,212.988,17.7913,1561.08,6.55163,32.0691
9395,28.3006,130.18,14.8012,1540.38,4.59991,32.0881
7983,30.5718,171.492,17.9437,1551.1599999999999,5.60948,32.1233
4422,31.0168,180.461,13.9174,1553.37,5.81817,32.18
7405,30.8444,176.957,16.676,1552.52,5.73711,32.2091
8973,35.5387,293.858,28.0069,1578.8399999999997,8.2687,32.2484
4006,27.4289,116.145,17.9046,1536.4499999999998,4.23439,32.3305
6803,30.891,177.901,16.634,1552.75,5.759,32.3795
7070,32.1979,205.845,25.1784,1559.4299999999998,6.3931,32.3934
2706,30.6412,172.874,19.6141,1551.5099999999998,5.64189,32.4239
5356,30.9382,178.86,17.1393,1552.98,5.7812,32.5157
1789,31.2041,184.306,18.9136,1554.31,5.90648,32.534
5334,32.4615,211.886,22.5978,1560.83,6.52731,32.6267
3297,28.2523,129.376,15.3019,1540.1599999999999,4.57931,32.6437
2548,35.4849,292.161,20.1725,1578.48,8.23339,32.6783
7076,35.3735,288.681,25.4575,1577.7399999999998,8.16095,32.73
8168,30.425,168.584,22.2059,1550.44,5.54098,32.8158
8696,28.9259,140.812,13.1888,1543.2599999999998,4.86802,32.8414
5647,29.5928,152.62,16.9987,1546.37,5.15736,32.8421
932,32.4942,212.644,23.7712,1561.0,6.54404,32.8683
5727,30.0821,161.892,16.0733,1548.75,5.38168,32.8997
2880,33.2594,230.806,25.2536,1565.13,6.93958,32.9471
913,32.9276,222.824,21.699,1563.33,6.76709,32.9843
2275,29.0897,143.668,17.4479,1544.02,4.93878,32.9851
5739,29.0842,143.571,15.9788,1544.0,4.9364,32.995
9998,32.4362,211.301,17.7015,1560.69,6.51437,33.0005
1957,34.897,274.528,26.4135,1574.7199999999998,7.8668,33.0053
1915,31.9417,200.071,18.4278,1558.0699999999997,6.26362,33.0212
1579,27.0555,111.025,15.2866,1534.98,4.10361,33.0382
5272,30.5692,171.439,17.3572,1551.15,5.60824,33.0472
5952,31.7606,196.049,23.8995,1557.12,6.17273,33.0667
1526,33.448,235.416,26.9329,1566.17,7.03828,33.1801
7626,31.1575,183.346,19.6033,1554.08,5.88449,33.2077
9712,34.3838,260.082,27.5116,1571.6,7.56408,33.2132
3065,30.1396,163.004,18.2718,1549.0299999999997,5.4083,33.2185
7232,32.2381,206.758,19.5103,1559.6399999999999,6.41347,33.2699
4156,28.8476,139.457,15.0542,1542.9,4.83426,33.3137
9910,29.371,148.64,20.3754,1545.33,5.06077,33.3381
2006,35.0344,278.502,26.554,1575.5699999999997,7.94939,33.3586
9043,34.6866,268.528,28.0045,1573.4299999999998,7.74155,33.4297
4146,33.2842,231.409,17.9479,1565.27,6.95253,33.4519
9976,31.528,191.053,20.282,1555.9299999999998,6.0598,33.4723
5940,33.9365,248.004,25.8643,1568.9499999999998,7.30789,33.4811
3568,33.1648,228.515,19.1396,1564.62,6.89028,33.4959
6750,31.3273,186.859,19.8796,1554.9299999999998,5.96472,33.5044
7463,30.9741,179.59,19.5459,1553.1599999999999,5.79807,33.5069
3180,26.4816,103.575,14.2403,1532.8199999999997,3.9112,33.5275
4764,29.7272,155.116,18.3832,1547.02,5.21798,33.5712
6745,35.7432,300.419,33.9112,1580.23,8.40491,33.5778
1768,29.0517,143.002,17.6157,1543.85,4.92233,33.5813
3225,29.3109,147.571,18.3178,1545.0499999999997,5.03467,33.7154
9303,33.1643,228.502,24.3182,1564.62,6.89,33.7335
8260,30.4412,168.903,20.7707,1550.52,5.54851,33.7602
2141,32.7117,217.717,24.5504,1562.17,6.65564,33.811
5536,38.1999,398.717,31.6383,1600.69,10.4376,33.8216
8312,29.4323,149.736,17.3141,1545.62,5.08746,33.8509
1304,34.5664,265.149,23.0512,1572.6999999999998,7.6707,33.955
2371,30.8303,176.674,20.0559,1552.4499999999998,5.73051,33.9709
2849,34.2381,256.093,26.343,1570.73,7.47979,33.9911
449,29.5947,152.656,18.2482,1546.38,5.15822,34.027
227,33.2502,230.583,22.1411,1565.08,6.93479,34.0359
8526,30.6485,173.02,16.6,1551.54,5.6453,34.0385
8919,29.9389,159.141,18.3737,1548.0499999999997,5.31551,34.143
2832,31.3531,187.395,19.9772,1555.06,5.97692,34.2025
5137,28.6112,135.406,15.4354,1541.81,4.73264,34.2923
3717,30.3359,166.832,15.3389,1550.0,5.49949,34.314
1416,31.9643,200.577,18.6186,1558.19,6.27503,34.315
9018,33.4346,235.087,19.0252,1566.0899999999997,7.03125,34.3253
5290,29.8625,157.681,19.0368,1547.6799999999998,5.28024,34.3421
6937,30.886,177.801,20.9635,1552.7199999999998,5.75668,34.4124
3410,34.4883,262.97,26.7772,1572.2199999999998,7.62491,34.4127
5561,32.4519,211.663,16.0901,1560.7799999999997,6.52238,34.5039
1212,33.9708,248.912,22.1138,1569.15,7.32725,34.5122
9464,32.4153,210.819,21.2354,1560.58,6.50369,34.5617
2212,28.5123,133.732,14.8516,1541.3600000000001,4.69031,34.5825
4721,28.988,141.89,16.9196,1543.5499999999997,4.8948,34.6334
9656,34.2154,255.479,23.1042,1570.5899999999997,7.46677,34.8739
2804,31.1777,183.761,18.5072,1554.1799999999998,5.89401,34.8754
900,35.4309,290.468,26.0807,1578.12,8.19816,34.9365
3155,32.5096,213.0,20.9855,1561.08,6.55191,34.9383
8944,30.7904,175.869,21.0685,1552.25,5.7118,34.997
6617,31.1693,183.589,18.4967,1554.1399999999999,5.89006,35.0198
6833,33.2907,231.568,21.1332,1565.31,6.95594,35.054
7645,30.3338,166.79,16.6318,1549.9899999999998,5.4985,35.1571
4560,31.7815,196.511,29.2379,1557.23,6.1832,35.1627
9262,33.1921,229.174,26.1929,1564.77,6.90449,35.1659
4180,30.5922,171.898,17.5153,1551.2599999999998,5.619,35.173
740,31.3138,186.578,18.1794,1554.8600000000001,5.95834,35.1918
7780,33.4914,236.485,22.5911,1566.4,7.06106,35.2067
8771,32.1477,204.704,18.6495,1559.1599999999999,6.36763,35.2085
5893,32.3937,210.321,21.4058,1560.4699999999998,6.49266,35.2367
7785,33.0571,225.92,24.2339,1564.0299999999997,6.83425,35.254
756,30.2517,165.184,17.4741,1549.58,5.46033,35.3055
6317,33.8705,246.262,24.3289,1568.5699999999997,7.27069,35.3063
9941,33.9055,247.185,21.7841,1568.77,7.29041,35.3129
1577,31.5319,191.135,22.1571,1555.9499999999998,6.06165,35.3703
5045,32.9975,224.492,18.2954,1563.71,6.80331,35.3739
1140,31.5871,192.299,16.9068,1556.23,6.08788,35.4068
7609,29.7608,155.752,18.3682,1547.1799999999998,5.23345,35.4215
8682,33.1558,228.297,19.3017,1564.5699999999997,6.88558,35.465
4873,30.0213,160.722,16.675,1548.4499999999998,5.35358,35.6445
5669,32.153,204.824,20.986,1559.19,6.37029,35.6664
8950,30.5112,170.289,16.1536,1550.8600000000001,5.58118,35.6932
2510,34.6408,267.236,28.0727,1573.15,7.71448,35.7264
2631,29.6122,152.972,15.1475,1546.46,5.16584,35.8405
9220,31.3457,187.242,20.5539,1555.02,5.97343,35.8897
3037,32.3448,209.198,24.7052,1560.21,6.46775,35.9365
6984,31.5404,191.314,20.7284,1556.0,6.06568,35.9742
2293,31.1411,183.009,21.4755,1553.9899999999998,5.87676,35.9775
3862,32.4189,210.903,21.2311,1560.6,6.50556,35.9778
8564,30.6488,173.027,23.9244,1551.54,5.64546,36.0674
3263,32.9643,223.699,22.2273,1563.5299999999997,6.78609,36.11
4593,33.2329,230.164,20.1151,1564.9899999999998,6.92577,36.1592
3109,31.4619,189.668,18.3931,1555.6,6.02848,36.2617
3507,31.0553,181.247,20.53,1553.5699999999997,5.83629,36.2797
3112,33.2833,231.388,31.0643,1565.27,6.95208,36.3156
9824,31.5678,191.891,19.5414,1556.13,6.0787,36.3565
1419,33.8191,244.914,25.4731,1568.27,7.24187,36.411
5998,34.2833,257.325,23.3891,1571.0,7.50584,36.5937
2378,32.0518,202.54,20.605,1558.65,6.31914,36.656
8619,34.123,252.98,18.877,1570.0499999999997,7.41379,36.6611
5463,32.0113,201.63,19.0874,1558.44,6.2987,36.6817
6805,33.5012,236.725,20.8054,1566.46,7.06618,36.7303
8430,31.1477,183.145,20.1625,1554.0299999999997,5.87988,36.8142
1348,36.2082,315.956,25.7055,1583.5099999999998,8.7261,36.8586
711,36.6867,333.022,35.33,1587.0899999999997,9.07745,36.8593
7849,34.3391,258.853,29.2709,1571.33,7.53814,36.9253
1258,32.7855,219.455,21.9749,1562.5699999999997,6.69365,36.9345
991,35.0132,277.885,25.7527,1575.44,7.93659,36.978
4399,28.7947,138.545,19.3959,1542.6599999999999,4.81148,36.9964
2226,33.774,243.734,23.0055,1568.0099999999998,7.21662,37.022
9072,32.0062,201.514,19.1382,1558.4099999999999,6.2961,37.029
9671,37.2766,356.689,27.5581,1592.02,9.56872,37.0813
4378,30.9453,179.004,18.7694,1553.02,5.78452,37.0974
9560,33.1744,228.745,27.5294,1564.67,6.89523,37.1247
4578,29.637,153.42,16.9728,1546.58,5.17666,37.1308
1876,32.5346,213.581,21.6153,1561.2199999999998,6.56472,37.1309
1568,32.6892,217.188,20.6517,1562.0499999999997,6.64405,37.14
4892,29.4914,150.795,17.9804,1545.9,5.11319,37.1556
4021,31.0313,180.757,19.168,1553.4499999999998,5.825,37.1898
5911,33.0811,226.496,23.7643,1564.1599999999999,6.8467,37.2085
2721,32.744,218.477,18.943,1562.3399999999997,6.67227,37.2096
5534,34.8293,272.584,19.9846,1574.2999999999997,7.82629,37.2172
8315,30.2165,164.498,16.9332,1549.4099999999999,5.44398,37.2698
4366,36.5039,326.311,33.9135,1585.6799999999998,8.93906,37.2939
1807,33.5924,239.036,17.9783,1566.9699999999998,7.11577,37.2984
1596,29.8346,157.151,22.3325,1547.54,5.2674,37.3056
9945,31.0847,181.85,19.5893,1553.71,5.85014,37.3341
7765,33.2006,229.38,25.5418,1564.81,6.9089,37.3566
9757,35.0009,277.53,23.9701,1575.3600000000001,7.9292,37.3673
2255,34.8475,273.106,30.9697,1574.4099999999999,7.83718,37.3703
4497,34.0312,250.52,20.5461,1569.5099999999998,7.36149,37.4387
635,34.4191,261.055,26.9303,1571.81,7.58459,37.5043
8813,36.0855,311.771,26.5777,1582.63,8.63978,37.5585
1225,29.7003,154.609,19.3491,1546.8899999999999,5.20563,37.5676
8365,34.3091,258.032,26.756,1571.15,7.52079,37.6191
8090,35.4911,292.356,28.9615,1578.52,8.23746,37.6468
9368,35.854,304.042,24.5553,1581.0,8.47998,37.8135
6429,36.397,322.525,28.8123,1584.8899999999999,8.8613,37.824
9493,36.8587,339.72,27.1253,1588.4899999999998,9.21682,37.8818
9926,30.7579,175.213,19.2875,1552.0899999999997,5.69654,37.903
3661,33.8201,244.939,23.1519,1568.2799999999997,7.24242,37.9491
7460,35.2593,285.164,24.9598,1576.9899999999998,8.08762,38.0591
9342,32.6676,216.684,20.6711,1561.9299999999998,6.63297,38.0752
5978,32.476,212.22,22.0534,1560.9,6.53469,38.0768
8111,32.447,211.55,23.7804,1560.75,6.51988,38.1065
5918,33.3811,233.776,21.9669,1565.7999999999997,7.00323,38.1335
588,34.3967,260.438,23.1047,1571.67,7.57158,38.1788
7661,38.0143,389.623,29.0181,1598.83,10.2494,38.2125
2839,33.3119,232.084,19.8567,1565.42,6.96701,38.2192
2590,34.3427,258.951,19.9894,1571.35,7.5402,38.2539
4208,31.8049,197.03,20.5631,1557.35,6.19495,38.2704
9079,29.9393,159.148,19.6618,1548.0499999999997,5.31569,38.306
5139,29.2025,145.651,19.434,1544.5499999999997,4.98761,38.331
8706,31.7289,195.351,20.7939,1556.96,6.15689,38.3561
6075,30.1234,162.692,17.5771,1548.9499999999998,5.40084,38.4294
2431,35.0587,279.209,29.9473,1575.7199999999998,7.96406,38.4624
3314,33.3598,233.255,21.6505,1565.6799999999998,6.99208,38.5324
9934,34.5671,265.168,26.2316,1572.6999999999998,7.67111,38.5454
8154,34.4483,261.86,21.9479,1571.98,7.60156,38.5862
5100,36.0497,310.559,25.5568,1582.37,8.61476,38.6045
6450,32.8811,221.718,21.186,1563.08,6.74303,38.6481
3723,33.6871,241.477,25.392,1567.5099999999998,7.16823,38.6759
8475,33.5355,237.579,28.6871,1566.65,7.08441,38.6863
5726,34.4004,260.538,23.2491,1571.6999999999998,7.57368,38.7082
6798,34.0906,252.111,22.3065,1569.8600000000001,7.39533,38.7654
1710,37.6505,372.744,30.4917,1595.3399999999997,9.9001,38.7992
8643,32.7234,217.992,22.9976,1562.23,6.66167,38.9902
603,33.3864,233.906,20.8935,1565.83,7.00601,38.9985
9319,29.71,154.791,18.7985,1546.9299999999998,5.21008,39.0192
5757,30.028,160.849,19.9481,1548.4899999999998,5.35665,39.0204
4476,33.4174,234.665,21.1216,1566.0,7.02225,39.0392
5374,33.6568,240.694,29.0878,1567.3399999999997,7.15141,39.0443
5902,36.5435,327.725,38.2172,1585.98,8.96807,39.0498
7037,31.5965,192.496,20.2825,1556.2799999999997,6.09232,39.055
7990,37.2946,357.444,29.3816,1592.1799999999998,9.58434,39.067
1388,31.5549,191.618,21.0967,1556.0699999999997,6.07255,39.0855
6235,32.5343,213.572,23.8828,1561.2199999999998,6.56453,39.1807
618,29.9512,159.376,19.4117,1548.1100000000001,5.32118,39.2363
8471,32.6171,215.501,24.0366,1561.6599999999999,6.60699,39.2556
8289,35.4079,289.75,25.3221,1577.9699999999998,8.18321,39.3276
1673,36.4191,323.304,21.6877,1585.0499999999997,8.8773,39.4152
6346,37.0575,347.669,33.3901,1590.1399999999999,9.38186,39.4267
4510,37.546,368.17,37.022,1594.4,9.80584,39.5074
3913,32.291,207.965,23.0143,1559.92,6.44034,39.5092
7998,31.3169,186.642,23.5881,1554.87,5.95979,39.5182
7278,33.5118,236.989,23.5139,1566.52,7.07179,39.5225
8799,29.0812,143.518,18.1068,1543.98,4.93508,39.5751
4206,34.3311,258.633,29.7799,1571.2799999999997,7.5335,39.6663
6560,32.6604,216.513,22.4631,1561.8899999999999,6.62923,39.7324
8554,32.2337,206.658,20.8296,1559.6100000000001,6.41125,39.7536
6485,30.8237,176.54,21.0849,1552.4099999999999,5.7274,39.8172
9844,33.8479,245.669,19.6512,1568.44,7.25801,39.8333
2720,32.6954,217.334,21.7465,1562.08,6.64725,39.8362
6151,33.3273,232.459,22.8068,1565.5099999999998,6.97505,39.8376
1327,36.1099,312.599,27.7096,1582.7999999999997,8.65688,39.9108
5555,38.9222,438.86,29.8474,1608.8899999999999,11.2753,39.9161
5927,30.6394,172.84,18.9205,1551.5,5.64108,40.0283
7320,32.5545,214.042,21.3313,1561.3199999999997,6.57488,40.1724
8028,34.7182,269.423,28.2301,1573.62,7.76027,40.2301
479,37.4624,364.559,33.3674,1593.65,9.73135,40.2795
1979,34.5987,266.052,26.3544,1572.8899999999999,7.68966,40.4124
8097,35.1439,281.703,33.7545,1576.2599999999998,8.01569,40.4305
3328,32.8693,221.438,29.2294,1563.02,6.73693,40.4328
4885,30.8897,177.874,18.3649,1552.7399999999998,5.75838,40.4735
7865,33.7605,243.382,22.7575,1567.9299999999998,7.20907,40.5114
4494,36.1487,313.919,34.3594,1583.08,8.6841,40.5284
1293,35.9884,308.5,29.6651,1581.94,8.57221,40.5322
9590,33.6508,240.537,27.6403,1567.2999999999997,7.14805,40.5361
3596,32.7579,218.805,24.7978,1562.42,6.67945,40.5434
38,32.9897,224.305,25.8247,1563.67,6.79924,40.6167
8358,36.449,324.361,26.0463,1585.2799999999997,8.89902,40.6858
1648,30.3588,167.281,18.207,1550.1100000000001,5.51014,40.7012
2523,30.995,180.016,18.2383,1553.27,5.80792,40.746
8544,33.464,235.81,28.6386,1566.25,7.04667,40.7498
3677,33.9267,247.744,28.449,1568.9,7.30233,40.8288
2037,32.3033,208.246,26.7055,1559.98,6.4466,40.8895
9128,31.9843,201.024,24.5654,1558.2999999999997,6.28507,40.9255
3626,30.9482,179.063,25.292,1553.0299999999997,5.7859,40.9806
2360,33.2124,229.666,26.1804,1564.88,6.91507,41.0045
8655,35.3561,288.141,27.9977,1577.63,8.14968,41.0171
3680,31.9099,199.361,22.5762,1557.9099999999999,6.24762,41.0523
5948,28.5146,133.77,20.2301,1541.37,4.69127,41.0708
4085,33.5264,237.349,28.2462,1566.6,7.07945,41.0758
4000,32.0112,201.627,18.8594,1558.44,6.29865,41.2027
5343,30.5312,170.684,22.5815,1550.96,5.59049,41.2214
7636,31.2953,186.195,22.6498,1554.77,5.9496,41.2934
7700,31.146,183.109,22.6629,1554.02,5.87905,41.2945
9421,33.2819,231.355,25.9434,1565.2599999999998,6.95136,41.3148
1,33.1696,228.631,30.2515,1564.65,6.89278,41.3206
2126,35.821,302.955,31.9362,1580.77,8.45748,41.3654
3485,35.2843,285.928,27.7426,1577.1599999999999,8.10354,41.3696
4802,34.2754,257.111,25.7517,1570.9499999999998,7.50132,41.3885
4600,33.9257,247.718,23.4495,1568.8899999999999,7.30179,41.3938
6228,35.6241,296.577,22.7494,1579.42,8.32519,41.4348
6493,31.817,197.296,23.4405,1557.42,6.20098,41.4841
8945,33.8668,246.165,22.7932,1568.5499999999997,7.26861,41.504
7295,30.9943,180.002,22.3217,1553.2599999999998,5.80759,41.5459
1081,34.5123,263.638,26.6471,1572.37,7.63897,41.6017
4254,31.518,190.843,18.2803,1555.88,6.05505,41.6256
7391,36.1755,314.835,32.4281,1583.2799999999997,8.70299,41.6501
1913,36.7183,334.239,31.8779,1587.3399999999997,9.1028,41.7363
747,30.4662,169.397,19.7603,1550.6399999999999,5.56016,41.7471
7020,33.7042,241.918,24.8359,1567.6100000000001,7.1777,41.7903
2943,35.032,278.431,25.2432,1575.56,7.94792,41.8008
4587,32.3382,209.047,21.1509,1560.17,6.46439,41.8103
5715,32.223,206.415,23.1659,1559.56,6.40583,41.8964
9516,31.3956,188.281,23.6074,1555.27,5.99704,41.9085
8621,33.1686,228.606,26.0182,1564.6399999999999,6.89224,41.9238
2503,33.0706,226.244,25.7676,1564.1100000000001,6.84126,41.9466
148,34.0236,250.318,21.9424,1569.46,7.35718,41.9786
164,34.2426,256.218,22.6695,1570.75,7.48244,41.9863
4529,34.9531,276.143,21.8896,1575.0699999999997,7.90041,42.0451
3394,32.9692,223.815,28.1657,1563.56,6.78861,42.0659
4746,32.6708,216.757,25.4617,1561.9499999999998,6.63458,42.1076
769,37.7861,378.778,36.448,1596.5899999999997,10.0243,42.1425
3400,33.3724,233.563,22.5494,1565.75,6.99867,42.2347
2929,34.3359,258.765,26.9815,1571.31,7.53627,42.3051
1161,31.6818,194.317,23.5807,1556.71,6.13338,42.3227
2203,33.8402,245.466,27.8407,1568.3899999999999,7.25368,42.3449
212,35.0243,278.209,28.9197,1575.5099999999998,7.94331,42.3498
1005,31.2064,184.354,20.7694,1554.3199999999997,5.90758,42.3685
4648,30.5319,170.699,19.4666,1550.9699999999998,5.59083,42.4076
1035,31.7742,196.35,27.5004,1557.19,6.17955,42.4483
8361,35.1735,282.572,25.9972,1576.44,8.03368,42.4741
9605,32.4173,210.865,20.6113,1560.5899999999997,6.50472,42.5079
4455,34.8587,273.426,23.0059,1574.48,7.84385,42.5132
252,32.9574,223.535,19.7828,1563.4899999999998,6.78254,42.5152
6255,38.2082,399.125,30.7209,1600.7799999999997,10.4461,42.5226
8983,38.659,422.303,31.7186,1605.52,10.9238,42.5512
7656,31.0653,181.454,21.3628,1553.62,5.84104,42.5554
3521,32.2514,207.061,22.4968,1559.71,6.42022,42.6624
5714,32.7785,219.289,21.8514,1562.5299999999997,6.69003,42.6757
7102,35.6176,296.369,28.4342,1579.37,8.32086,42.7491
9229,36.1459,313.822,32.8538,1583.06,8.68211,42.7788
8101,33.2549,230.697,30.7392,1565.1100000000001,6.93724,42.7806
8323,33.405,234.36,24.4972,1565.9299999999998,7.01573,42.847
1749,34.8919,274.379,28.3958,1574.69,7.8637,42.9197
1962,31.4109,188.599,22.2076,1555.35,6.00428,42.931
8477,33.523,237.265,24.5777,1566.58,7.07767,43.0501
600,36.8345,338.768,26.5103,1588.29,9.19702,43.066
8257,33.1648,228.513,27.4261,1564.62,6.89023,43.218
391,32.9026,222.228,23.5639,1563.1999999999998,6.75412,43.2484
4644,33.138,227.866,22.7388,1564.4699999999998,6.87628,43.3417
7605,33.1869,229.049,24.7956,1564.7399999999998,6.90177,43.3503
4654,35.7832,301.721,23.645,1580.5099999999998,8.43191,43.3731
626,32.0547,202.605,24.8544,1558.67,6.32059,43.3817
1774,31.7213,195.184,20.8786,1556.92,6.15308,43.4327
1712,34.9174,275.114,26.0836,1574.85,7.87899,43.5585
3834,35.3991,289.478,24.8471,1577.9099999999999,8.17755,43.568
3744,33.2848,231.425,22.4987,1565.27,6.95288,43.5715
3408,34.3397,258.868,29.7621,1571.33,7.53845,43.6703
90,35.1264,281.189,29.0123,1576.15,8.00507,43.6932
6573,31.3246,186.802,22.256,1554.9099999999999,5.96343,43.7013
18,32.4839,212.403,23.1972,1560.9499999999998,6.53874,43.7022
4846,34.6143,266.49,26.888,1572.9899999999998,7.69884,43.7249
4496,36.0742,311.387,25.8868,1582.5499999999997,8.63186,43.8042
3192,35.2828,285.884,27.6292,1577.15,8.10264,43.8272
2148,34.5536,264.79,26.9916,1572.62,7.66318,43.86
8912,33.4892,236.431,24.2938,1566.3899999999999,7.05992,43.8604
1496,30.3085,166.295,22.428,1549.8600000000001,5.48674,43.8679
4458,33.4001,234.24,27.0038,1565.9,7.01316,43.8696
6912,31.1313,182.806,21.4453,1553.9499999999998,5.87211,43.8736
5877,37.7373,376.594,32.2725,1596.1399999999999,9.97934,43.8799
1407,36.5731,328.788,28.9901,1586.1999999999998,8.98988,43.9049
7887,33.9372,248.021,21.0495,1568.96,7.30825,43.9141
5062,31.6355,193.32,24.3635,1556.4699999999998,6.11086,44.0129
8527,30.3825,167.747,24.1844,1550.23,5.52118,44.0459
6703,34.5801,265.532,28.517,1572.7799999999997,7.67875,44.055
4806,34.1923,254.852,23.5025,1570.46,7.4535,44.0657
3737,37.1974,353.394,29.9466,1591.33,9.5005,44.1
7637,33.171,228.665,25.7699,1564.65,6.8935,44.1405
1880,40.275,559.389,45.2523,1632.5499999999997,13.8892,44.1472
5090,32.2477,206.976,23.8568,1559.69,6.41833,44.1686
1875,35.1609,282.202,27.0909,1576.3600000000001,8.02601,44.2799
239,38.1416,395.833,32.3781,1600.1,10.378,44.2819
9766,33.512,236.993,23.86,1566.52,7.07188,44.2877
7291,34.9805,276.937,20.9999,1575.2399999999998,7.9169,44.3049
7428,32.6362,215.947,21.7085,1561.7599999999998,6.6168,44.3059
3604,32.8386,220.711,21.3211,1562.85,6.72108,44.3568
9027,34.8394,272.875,26.5145,1574.3600000000001,7.83235,44.3899
8657,34.5975,266.018,25.9732,1572.88,7.68895,44.3947
3629,36.8017,337.481,26.5855,1588.02,9.17026,44.4033
1971,30.556,171.177,22.0477,1551.0899999999997,5.60208,44.4138
4770,36.5285,327.189,31.6106,1585.87,8.95709,44.4533
5393,33.8776,246.45,27.2236,1568.6100000000001,7.27472,44.4664
6099,33.5705,238.475,25.2786,1566.85,7.1037,44.4737
1546,33.2209,229.871,27.8882,1564.9299999999998,6.91949,44.4814
1647,30.6181,172.415,21.8288,1551.3899999999999,5.63112,44.4963
5900,31.6925,194.55,22.7414,1556.77,6.13869,44.5027
9682,32.8655,221.347,26.3454,1563.0,6.73494,44.5819
8964,33.5187,237.158,30.0599,1566.5499999999997,7.07538,44.6007
3707,39.6715,503.599,41.3501,1621.81,12.6942,44.6451
8238,36.1591,314.274,24.9465,1583.1599999999999,8.69142,44.6568
8398,31.7452,195.711,29.1041,1557.04,6.16504,44.6823
8068,33.0509,225.77,24.9151,1564.0,6.831,44.7226
4868,32.0668,202.877,24.6078,1558.73,6.32671,44.7325
6213,35.2604,285.197,28.533,1577.0,8.08831,44.7851
2003,31.8894,198.905,22.1473,1557.7999999999997,6.23734,44.7996
1968,33.5462,237.853,20.9179,1566.71,7.09031,44.806
9742,37.6735,373.759,28.1696,1595.5499999999997,9.921,44.8465
6712,36.156,314.167,27.543,1583.13,8.68922,44.8557
9145,32.5478,213.887,27.0101,1561.29,6.57147,44.9094
7233,37.1076,349.704,32.4162,1590.5699999999997,9.42407,44.9362
3117,35.5858,295.356,28.655,1579.1599999999999,8.29981,44.9549
8573,40.6942,594.466,41.2579,1639.1799999999998,14.6081,44.997
8869,36.7172,334.198,30.4072,1587.33,9.10195,45.0023
9350,35.8404,303.592,22.5664,1580.9,8.47068,45.0192
1211,33.9673,248.82,24.8982,1569.13,7.32529,45.0268
8330,32.7997,219.789,25.739,1562.6399999999999,6.70097,45.1884
5213,35.2857,285.971,24.36,1577.17,8.10445,45.2047
443,37.2775,356.726,25.7261,1592.0299999999997,9.56947,45.221
4894,39.4217,474.393,34.4197,1616.04,12.0338,45.2212
3979,34.6079,266.311,23.4281,1572.9499999999998,7.6951,45.2241
5158,33.0273,225.206,23.1346,1563.87,6.81878,45.2423
3675,38.591,418.706,33.6781,1604.79,10.8498,45.2718
5806,31.3914,188.193,27.0296,1555.25,5.99506,45.2888
8392,39.4143,473.856,36.9898,1615.9299999999998,12.0224,45.321
6979,38.3389,405.69,28.5391,1602.12,10.5817,45.3413
8714,33.67,241.034,21.8233,1567.4099999999999,7.15872,45.3879
704,34.8635,273.565,29.1195,1574.5099999999998,7.84674,45.4652
6755,34.1371,253.362,24.3566,1570.13,7.42188,45.4728
3779,34.661,267.805,28.9894,1573.27,7.72641,45.5366
5412,31.9168,199.514,22.7339,1557.94,6.25108,45.5669
7048,33.3078,231.985,21.8136,1565.4,6.96489,45.5968
4252,37.419,362.702,39.8356,1593.27,9.69301,45.609
1491,32.9847,224.186,24.0298,1563.6399999999999,6.79667,45.6568
9296,34.0854,251.97,25.18,1569.8199999999997,7.39233,45.6624
5622,38.467,412.247,41.8459,1603.4699999999998,10.7169,45.697
8013,40.6491,590.52,42.1607,1638.44,14.5273,45.7141
3366,34.7984,271.702,24.9859,1574.1100000000001,7.80788,45.782
5762,32.7976,219.741,22.0632,1562.63,6.69992,45.7957
6385,37.1363,350.88,27.0228,1590.81,9.44844,45.9224
8147,36.9434,343.078,31.5553,1589.19,9.28659,45.9316
1659,37.1547,351.634,33.5036,1590.9699999999998,9.46406,45.9883
3559,34.6905,268.639,28.8219,1573.4499999999998,7.74387,46.0448
9340,35.8689,304.532,33.6167,1581.1,8.49013,46.1043
6710,33.1808,228.9,22.3633,1564.71,6.89857,46.1056
9673,32.74,218.383,22.2842,1562.3199999999997,6.67022,46.1173
6402,37.7049,375.15,38.5305,1595.8399999999997,9.94963,46.1293
1467,39.4862,480.564,34.3609,1617.27,12.1704,46.1881
6541,37.6334,371.992,28.2709,1595.19,9.88461,46.1939
2817,36.9809,344.58,34.1994,1589.5,9.31778,46.197
6863,36.3055,319.324,30.4097,1584.2199999999998,8.79546,46.1995
3755,32.6864,217.123,23.5928,1562.0299999999997,6.64262,46.21
6658,34.3327,258.678,22.3519,1571.29,7.53445,46.2242
2016,37.4822,365.41,31.4146,1593.83,9.74891,46.2255
4236,34.0266,250.398,26.906,1569.48,7.35889,46.2551
5649,34.6755,268.214,23.5706,1573.3600000000001,7.73497,46.2646
8016,34.1788,254.488,27.6024,1570.38,7.44578,46.3146
9269,32.4191,210.906,24.8231,1560.6,6.50563,46.3205
6014,32.9587,223.565,22.4243,1563.5,6.78319,46.3462
6810,39.7964,518.419,37.6807,1624.6999999999998,13.0268,46.3616
8105,35.5337,293.702,27.5777,1578.81,8.26544,46.3838
5247,36.5006,326.192,25.8503,1585.6599999999999,8.93662,46.3884
4751,37.8431,381.45,32.5298,1597.1399999999999,10.0798,46.4477
9214,36.6418,331.299,38.6506,1586.73,9.04157,46.5277
9067,34.4578,262.126,26.1035,1572.04,7.60714,46.5406
4954,40.5011,577.826,42.8197,1636.0499999999997,14.2669,46.5759
5498,35.6814,298.419,31.1344,1579.81,8.36343,46.6184
4546,32.3862,210.148,22.4049,1560.4299999999998,6.48883,46.6317
1690,32.5495,213.927,21.2637,1561.2999999999997,6.57236,46.632
5061,39.9039,530.003,35.3031,1626.9299999999998,13.282,46.6759
1457,37.9983,388.849,32.5037,1598.67,10.2333,46.7036
1090,33.4861,236.353,24.9671,1566.37,7.05826,46.705
7137,36.0226,309.647,31.3642,1582.1799999999998,8.59591,46.7086
9233,30.7742,175.542,23.7649,1552.17,5.70419,46.7228
5396,39.7588,514.004,39.6095,1623.8399999999997,12.9281,46.7383
7269,37.3506,359.798,38.9095,1592.6599999999999,9.63299,46.7494
167,36.4204,323.349,34.0357,1585.06,8.87824,46.7495
4745,35.1788,282.73,27.0301,1576.48,8.03694,46.7733
3340,34.8977,274.546,29.8535,1574.7199999999998,7.86718,46.7796
8142,38.7331,426.257,32.4735,1606.33,11.005,46.7943
8011,37.137,350.909,35.1514,1590.8199999999997,9.44903,46.7962
3594,34.7197,269.465,22.6788,1573.63,7.76115,46.8537
3845,37.658,373.073,31.555,1595.4099999999999,9.90687,46.8832
1788,38.4317,410.424,41.154,1603.0899999999997,10.6793,46.989
8614,37.1758,352.502,31.3051,1591.15,9.48204,46.9918
5133,36.4074,322.892,34.8904,1584.9699999999998,8.86884,47.024
8781,34.5029,263.377,23.7221,1572.31,7.63348,47.0349
9821,36.9085,341.692,29.5776,1588.9,9.25779,47.0683
6625,34.289,257.482,23.2771,1571.0299999999997,7.50918,47.0905
5879,37.2347,354.94,36.5062,1591.6599999999999,9.53252,47.0972
8065,31.116,182.493,27.905,1553.87,5.86492,47.166
1091,33.8824,246.574,29.2431,1568.6399999999999,7.27737,47.2304
2395,34.9696,276.62,27.0692,1575.17,7.91032,47.3097
1693,36.9107,341.777,31.3618,1588.92,9.25957,47.3118
4813,33.1173,227.369,25.3966,1564.3600000000001,6.86556,47.316
2915,36.751,335.506,31.3637,1587.6100000000001,9.12917,47.3348
9686,33.2435,230.42,27.735,1565.0499999999997,6.93129,47.336
1370,35.949,307.186,31.4561,1581.6599999999999,8.54504,47.3989
8501,33.7116,242.111,25.7167,1567.65,7.18184,47.413
4149,35.9358,306.747,31.367,1581.5699999999997,8.53597,47.4304
3392,33.204,229.463,22.9285,1564.83,6.9107,47.4446
539,37.1346,350.81,34.7724,1590.7999999999997,9.44698,47.4464
6787,36.0981,312.198,30.577,1582.7199999999998,8.6486,47.4524
5111,39.1733,456.487,34.7414,1612.4499999999998,11.653,47.4776
3300,35.14,281.588,32.0862,1576.23,8.01333,47.5171
4096,32.3761,209.917,26.0438,1560.37,6.48371,47.5638
9660,36.0843,311.73,31.719,1582.62,8.63894,47.5648
5033,34.703,268.991,29.6084,1573.5299999999997,7.75123,47.5767
7579,32.0895,203.389,22.9821,1558.85,6.33819,47.5861
9889,32.1942,205.759,23.6289,1559.4099999999999,6.39118,47.5866
5268,33.5189,237.162,25.0187,1566.5499999999997,7.07548,47.6228
8827,30.5903,171.859,25.4069,1551.2599999999998,5.6181,47.6449
3128,35.1322,281.358,27.398,1576.1799999999998,8.00857,47.6881
2232,35.4638,291.499,28.2892,1578.3399999999997,8.21962,47.786
3104,36.1903,315.343,29.3933,1583.38,8.71347,47.8257
8493,38.335,405.492,30.509,1602.08,10.5776,47.8422
5362,35.7429,300.409,27.264,1580.23,8.40471,47.8531
3270,34.8357,272.768,27.6274,1574.3399999999997,7.83012,47.9282
41,39.6402,499.808,36.1271,1621.0699999999997,12.6086,47.9526
6468,32.9917,224.352,24.7401,1563.6799999999998,6.80027,47.9692
8063,36.6197,330.468,27.4101,1586.56,9.02432,48.0195
8239,32.9208,222.662,24.8786,1563.2999999999997,6.76356,48.078
2976,35.3917,289.247,29.9605,1577.8600000000001,8.17274,48.1177
9659,38.0112,389.472,39.9989,1598.79,10.2462,48.1242
8308,34.6395,267.199,26.9479,1573.1399999999999,7.7137,48.1275
8844,34.0484,250.981,25.918,1569.6100000000001,7.37129,48.1638
6155,34.2374,256.076,32.4239,1570.7199999999998,7.47943,48.1698
7766,36.7915,337.083,32.7635,1587.94,9.16199,48.193
1724,35.6647,297.881,29.9787,1579.6999999999998,8.35226,48.2352
1017,35.3108,286.744,25.411,1577.33,8.12057,48.2858
440,31.6859,194.406,24.4922,1556.73,6.13541,48.2909
2691,32.8587,221.186,26.8048,1562.96,6.73144,48.3448
9042,33.1682,228.595,25.3371,1564.6399999999999,6.89201,48.3574
9181,32.8506,220.994,27.3667,1562.92,6.72725,48.3615
5540,40.0201,539.086,44.6337,1628.6799999999998,13.4704,48.3904
7835,37.0869,348.863,28.3923,1590.3899999999999,9.40663,48.4368
7954,32.6405,216.049,25.4069,1561.79,6.61905,48.4542
9818,37.4067,362.179,33.223,1593.1599999999999,9.6822,48.457
1346,37.3086,358.031,37.9845,1592.2999999999997,9.59648,48.5122
9914,33.1186,227.399,23.4937,1564.37,6.86621,48.5351
4755,32.4354,211.282,25.6576,1560.69,6.51394,48.5428
8510,34.7158,269.353,27.8857,1573.6100000000001,7.7588,48.5547
5345,32.682,217.021,21.7231,1562.0099999999998,6.64038,48.6243
7964,34.1218,252.948,23.8418,1570.04,7.4131,48.6607
6800,34.1658,254.137,21.9769,1570.2999999999997,7.43833,48.6687
7482,35.3425,287.722,26.9274,1577.54,8.14095,48.6836
3668,39.7819,516.724,44.1346,1624.37,12.9889,48.6845
2380,39.1636,455.797,41.9393,1612.31,11.6383,48.6867
7313,33.1211,227.46,23.0608,1564.38,6.86752,48.7562
91,37.7271,376.137,30.9975,1596.0499999999997,9.96995,48.7596
2424,33.2892,231.531,27.2999,1565.2999999999997,6.95514,48.761
809,36.6336,330.988,29.7478,1586.6599999999999,9.03507,48.7913
7345,34.8151,272.18,24.5403,1574.21,7.81787,48.8251
1092,33.4014,234.272,21.1005,1565.9099999999999,7.01384,48.836
8263,37.9385,385.976,45.0817,1598.0699999999997,10.1737,48.8378
444,33.5042,236.8,23.8505,1566.4699999999998,7.06777,48.8577
4256,39.2259,460.239,36.7797,1613.1999999999998,11.733,48.8821
4828,34.9659,276.514,26.4803,1575.15,7.90812,48.891
1303,34.0658,251.447,24.8123,1569.71,7.3812,48.9255
2836,39.7134,508.628,36.8014,1622.79,12.8075,48.9345
9612,37.3565,360.048,27.0563,1592.7199999999998,9.63817,48.9828
9943,34.1818,254.567,29.4896,1570.3899999999999,7.44746,49.0488
4555,33.86,245.985,25.3483,1568.5099999999998,7.26478,49.0504
9031,32.9708,223.854,29.5522,1563.5699999999997,6.78945,49.1093
9891,34.7815,271.221,25.4698,1574.0099999999998,7.79785,49.2535
8162,34.67,268.058,24.87,1573.33,7.73171,49.2847
4295,37.1179,350.126,34.4569,1590.6599999999999,9.4328,49.3106
8084,37.6774,373.933,32.9051,1595.5899999999997,9.92458,49.3255
3303,35.9506,307.239,30.7806,1581.67,8.54614,49.3378
3514,32.7969,219.724,24.0545,1562.63,6.69954,49.3632
3163,39.3674,470.441,37.3894,1615.25,11.95,49.3704
4633,39.7251,510.027,49.2334,1623.0699999999997,12.8389,49.39
6303,37.4955,365.987,28.7612,1593.9499999999998,9.76081,49.4471
308,33.453,235.539,26.2518,1566.19,7.0409,49.5046
4346,34.3088,258.022,26.8673,1571.15,7.52058,49.5305
3540,36.2512,317.438,32.7182,1583.8199999999997,8.75664,49.5751
7171,36.6994,333.511,29.1494,1587.19,9.08765,49.5832
8381,33.581,238.744,25.8047,1566.9099999999999,7.1095,49.6261
9148,39.4655,477.888,44.5948,1616.73,12.109,49.6929
6882,36.2624,317.827,27.7658,1583.9,8.76465,49.6945
7979,39.5173,484.541,39.655,1618.06,12.2615,49.7014
9425,37.5642,368.963,27.668,1594.56,9.82218,49.7828
4785,33.6534,240.607,27.9222,1567.3199999999997,7.14954,49.7923
5869,35.6135,296.24,27.14,1579.35,8.31818,49.834
4333,35.1192,280.978,27.7856,1576.1,8.00069,49.8977
9162,32.9043,222.27,24.0053,1563.21,6.75504,49.9263
1165,37.4025,362.0,42.124,1593.12,9.67851,49.9344
9803,35.9386,306.84,33.3526,1581.5899999999997,8.53789,49.9587
3924,37.6658,373.416,38.0881,1595.48,9.91395,49.9649
7534,36.3446,320.685,29.5972,1584.5,8.82346,49.9897
4784,35.4622,291.449,27.6099,1578.33,8.21859,50.0106
1967,37.0942,349.16,34.5366,1590.4499999999998,9.41278,50.0561
7946,37.9415,386.12,40.0555,1598.1,10.1767,50.0946
6603,30.9142,178.373,20.4623,1552.8600000000001,5.76993,50.1013
515,34.5334,264.227,25.1141,1572.5,7.65135,50.1821
8739,33.6207,239.762,36.016,1567.13,7.13139,50.2316
3551,32.9633,223.676,24.4926,1563.5299999999997,6.7856,50.2694
7323,36.3145,319.635,30.4825,1584.2799999999997,8.80187,50.3142
7271,33.0481,225.705,25.1203,1563.9899999999998,6.82957,50.3179
7500,35.3948,289.344,31.6296,1577.88,8.17475,50.3645
5244,38.8229,432.021,37.6839,1607.5,11.128,50.3898
3711,36.3521,320.948,32.3107,1584.56,8.82887,50.4456
8635,37.8392,381.264,28.6888,1597.1,10.0759,50.4561
5386,37.4463,363.869,35.8579,1593.5099999999998,9.71709,50.4601
7136,37.0079,345.663,36.4933,1589.73,9.34026,50.5415
5509,39.3791,471.288,43.9829,1615.4099999999999,11.968,50.5776
647,37.3372,359.234,29.3774,1592.5499999999997,9.62134,50.5913
2221,33.2157,229.746,25.0454,1564.9,6.9168,50.5933
8574,33.2403,230.342,26.8135,1565.0299999999997,6.9296,50.6484
2407,40.0957,545.058,39.3728,1629.8199999999997,13.5939,50.747
7419,37.0946,349.174,29.0519,1590.46,9.41307,50.7916
9983,39.386,471.793,41.3589,1615.52,11.9787,50.8031
2622,36.3616,321.28,29.3713,1584.63,8.83571,50.816
2715,39.1228,452.902,36.9493,1611.7199999999998,11.5764,50.831
6168,35.2463,284.766,33.5545,1576.9099999999999,8.07932,50.9094
220,36.401,322.666,34.6485,1584.92,8.8642,50.9102
9272,36.6759,332.606,28.6828,1587.0,9.06879,50.9131
3107,34.721,269.501,29.119,1573.6399999999999,7.7619,50.9246
6983,32.6339,215.893,24.2804,1561.75,6.61561,50.9483
3820,35.7978,302.197,31.6204,1580.6100000000001,8.44176,51.0671
3949,34.399,260.498,23.9251,1571.69,7.57285,51.0745
2349,36.7548,335.655,32.4072,1587.6399999999999,9.13226,51.0945
3990,36.9153,341.961,24.6466,1588.96,9.26339,51.1547
5922,31.0613,181.371,21.0146,1553.6,5.83912,51.2224
7857,34.5339,264.24,29.1879,1572.5,7.65161,51.2434
8879,39.2423,461.411,39.9757,1613.44,11.758,51.2693
2882,37.2782,356.754,37.753,1592.0299999999997,9.57006,51.3272
9352,37.5736,369.373,40.2065,1594.65,9.83065,51.395
7447,39.3812,471.446,42.7668,1615.4499999999998,11.9713,51.4079
5768,32.8083,219.994,27.3124,1562.69,6.70543,51.4281
3309,37.4823,365.417,36.1901,1593.83,9.74906,51.4345
2231,38.544,416.245,44.297,1604.2799999999997,10.7992,51.4437
9060,33.8677,246.189,26.7925,1568.5499999999997,7.26913,51.453
130,37.3918,361.543,39.8012,1593.0299999999997,9.66907,51.6719
2090,37.2844,357.016,30.7693,1592.0899999999997,9.57548,51.795
1514,36.9142,341.916,32.8703,1588.9499999999998,9.26246,51.8123
1312,36.5831,329.146,27.8449,1586.2799999999997,8.99723,51.9211
4500,40.4307,572.045,41.8398,1634.9499999999998,14.1488,51.9403
6497,40.0057,537.952,35.1915,1628.46,13.4469,51.9596
9215,40.2722,559.166,43.7464,1632.5099999999998,13.8847,51.9977
5851,32.5434,213.784,21.4539,1561.27,6.56921,52.0244
1291,35.5141,293.082,33.6587,1578.6799999999998,8.25255,52.039
602,34.3798,259.97,25.2278,1571.5699999999997,7.56171,52.1048
4282,33.5185,237.153,25.6738,1566.5499999999997,7.07529,52.1688
7709,34.523,263.938,30.1795,1572.4299999999998,7.64527,52.1723
5286,33.213,229.681,26.3809,1564.88,6.9154,52.1951
315,35.6831,298.473,30.283,1579.8199999999997,8.36456,52.1998
9717,33.8654,246.127,27.1258,1568.54,7.26781,52.2528
5635,36.7113,333.971,32.5961,1587.29,9.09721,52.2981
5845,34.4678,262.401,26.771,1572.1,7.61294,52.3279
1890,39.3634,470.147,35.1595,1615.19,11.9438,52.3455
8174,36.9399,342.941,25.9134,1589.1599999999999,9.28375,52.36
7193,38.1946,398.453,29.9307,1600.6399999999999,10.4322,52.3678
3052,36.8795,340.54,31.8623,1588.6599999999999,9.23385,52.4084
6157,36.0299,309.894,32.6729,1582.23,8.60103,52.4793
8207,39.9918,536.865,48.0121,1628.25,13.4244,52.4895
7935,39.5056,483.05,42.4521,1617.7599999999998,12.2274,52.5924
868,33.2517,230.619,26.5226,1565.0899999999997,6.93556,52.6206
7736,30.6495,173.041,22.0982,1551.5499999999997,5.64581,52.6596
6848,33.2221,229.902,30.7354,1564.9299999999998,6.92014,52.6711
1438,35.2625,285.26,30.4197,1577.0099999999998,8.08962,52.6733
2584,36.1623,314.385,33.8631,1583.1799999999998,8.69371,52.6743
7920,37.2495,355.558,32.6799,1591.7799999999997,9.54532,52.6759
3772,36.7857,336.855,34.1343,1587.8899999999999,9.15725,52.6998
5626,39.5716,491.363,47.7894,1619.4099999999999,12.4171,52.807
8148,39.405,473.179,35.7202,1615.79,12.0081,52.826
7292,37.2566,355.852,34.9784,1591.85,9.5514,52.8465
2080,38.7692,428.362,37.2873,1606.75,11.049,52.9199
8228,39.5644,490.463,40.8892,1619.23,12.3966,52.9246
2533,33.811,244.7,30.3524,1568.23,7.23731,52.9869
4481,35.4493,291.045,30.8886,1578.2399999999998,8.21017,53.0351
1927,37.0624,347.866,28.6482,1590.19,9.38595,53.0435
1201,39.8159,520.687,47.2381,1625.1399999999999,13.0774,53.0502
8551,39.0403,447.089,35.7291,1610.5499999999997,11.452,53.0905
2115,35.0223,278.151,30.788,1575.5,7.9421,53.1097
8081,39.9405,532.848,48.7787,1627.48,13.3411,53.1819
3691,39.2066,458.855,48.2871,1612.92,11.7035,53.2066
8777,38.2287,400.151,37.934,1600.9899999999998,10.4673,53.211
1469,30.3098,166.319,21.033,1549.87,5.48732,53.232
6683,33.0445,225.618,23.9369,1563.9699999999998,6.8277,53.2564
7317,37.7282,376.187,36.4025,1596.06,9.97097,53.2756
5175,33.9502,248.367,24.2519,1569.0299999999997,7.31563,53.3297
3964,39.696,506.549,46.664,1622.3899999999999,12.7607,53.3413
783,39.7252,510.032,44.6472,1623.0699999999997,12.839,53.3942
2951,37.1076,349.708,31.6689,1590.5699999999997,9.42414,53.4095
3878,39.6475,500.701,40.6974,1621.2399999999998,12.6288,53.4378
4778,33.0167,224.95,27.5703,1563.81,6.81324,53.4631
3100,36.4784,325.402,33.7954,1585.4899999999998,8.9204,53.5187
6071,33.9436,248.191,24.5496,1568.9899999999998,7.31187,53.5442
420,39.8027,519.156,42.8291,1624.8399999999997,13.0432,53.5511
3185,36.7529,335.58,33.0346,1587.62,9.13071,53.5772
512,38.657,422.194,46.2425,1605.5,10.9215,53.6283
5289,35.612,296.192,32.4539,1579.3399999999997,8.3172,53.6725
3704,35.7534,300.748,30.4165,1580.2999999999997,8.41175,53.7065
2079,37.5078,366.514,33.3163,1594.06,9.77168,53.7269
79,35.2819,285.855,25.7094,1577.1399999999999,8.10204,53.7459
439,34.2159,255.492,26.9317,1570.6,7.46705,53.7955
3609,34.7492,270.3,32.7617,1573.81,7.77861,53.8056
7035,36.5387,327.552,29.7469,1585.94,8.96453,53.8246
3848,35.241,284.602,33.392,1576.87,8.0759,53.8407
5265,32.7695,219.078,24.9192,1562.48,6.68543,53.8727
236,40.0443,540.994,45.655,1629.04,13.5099,53.8849
2611,34.1701,254.251,23.0168,1570.3199999999997,7.44074,53.8891
8487,39.6037,495.339,44.4947,1620.19,12.5074,53.9338
257,38.4552,411.634,40.5003,1603.3399999999997,10.7043,53.9431
1104,37.5358,367.727,40.8111,1594.31,9.79671,53.9863
6850,31.4312,189.024,21.6352,1555.4499999999998,6.01391,54.0048
7654,35.3359,287.517,31.1339,1577.4899999999998,8.13669,54.0099
3699,35.0684,279.494,28.58,1575.7799999999997,7.96995,54.0169
112,31.7373,195.536,24.1438,1557.0,6.16107,54.0563
3011,39.9044,530.041,40.5912,1626.94,13.2828,54.078
6934,35.9583,307.497,32.9733,1581.73,8.55147,54.0873
9068,33.6677,240.975,26.872,1567.4,7.15744,54.0988
7667,37.1921,353.177,33.3415,1591.29,9.49603,54.1531
1114,34.7139,269.3,25.2466,1573.5899999999997,7.75769,54.1746
1746,39.7338,511.051,43.8813,1623.27,12.8619,54.1794
4279,35.6644,297.87,31.2489,1579.69,8.35202,54.2068
1821,38.7722,428.565,28.9737,1606.7999999999997,11.0534,54.2218
7757,36.4055,322.825,37.3912,1584.9499999999998,8.86747,54.229
1779,37.0953,349.204,36.3936,1590.46,9.4137,54.286
8132,39.5561,489.436,34.8639,1619.02,12.3732,54.2935
7702,32.9457,223.254,28.6458,1563.4299999999998,6.77644,54.2936
6502,38.0378,390.756,41.3305,1599.06,10.2729,54.3181
6559,36.9617,343.81,32.6444,1589.3399999999997,9.3018,54.3407
4213,39.8399,523.467,54.6205,1625.67,13.1393,54.3995
5846,35.7122,299.414,36.3502,1580.02,8.38407,54.421
2186,39.0776,449.712,43.2397,1611.08,11.5082,54.4403
3787,34.3334,258.696,28.5128,1571.29,7.53483,54.4743
9819,34.7538,270.433,33.8564,1573.8399999999997,7.78138,54.4754
8446,36.4795,325.443,32.2775,1585.5,8.92124,54.536
8768,34.2272,255.799,26.1461,1570.6599999999999,7.47356,54.549
5982,37.8264,380.664,44.8719,1596.98,10.0634,54.5914
1236,36.1592,314.279,32.0212,1583.1599999999999,8.69154,54.7138
666,37.8575,382.13,39.7458,1597.2799999999997,10.0939,54.7315
1440,39.7603,514.182,46.996,1623.87,12.9321,54.7316
3265,36.6594,331.973,32.0511,1586.87,9.05561,54.7689
5192,37.025,346.353,38.0314,1589.87,9.35457,54.781
4987,39.7111,508.353,39.9485,1622.7399999999998,12.8013,54.8165
9137,36.2227,316.456,32.5833,1583.62,8.7364,54.8437
8579,32.5515,213.972,27.263,1561.31,6.57334,54.8452
3771,35.778,301.549,30.0772,1580.4699999999998,8.42835,54.8535
2961,39.5184,484.679,37.4586,1618.08,12.2646,54.9091
8305,36.6719,332.452,31.1851,1586.9699999999998,9.06558,54.9305
5129,35.9861,308.425,30.7312,1581.92,8.57066,55.0247
6136,37.2222,354.422,31.4329,1591.5499999999997,9.52179,55.0782
3532,35.1368,281.493,31.0603,1576.21,8.01136,55.0955
7235,36.1432,313.731,32.0626,1583.04,8.68022,55.1095
6034,38.1768,397.567,32.7857,1600.46,10.4138,55.111
430,34.6466,267.399,27.6426,1573.1799999999998,7.71791,55.1313
3560,35.6413,297.13,33.6493,1579.54,8.33667,55.1386
1738,34.3543,259.269,27.6823,1571.42,7.54692,55.1431
4098,39.6105,496.179,36.8113,1620.35,12.5264,55.1604
1482,34.0251,250.359,28.4609,1569.4699999999998,7.35806,55.2631
8145,35.9721,307.955,29.6844,1581.83,8.56094,55.3112
7917,37.2206,354.356,31.7423,1591.5299999999997,9.52043,55.3475
8165,37.0961,349.238,27.059,1590.4699999999998,9.41441,55.3618
685,37.5752,369.439,37.6517,1594.6599999999999,9.83201,55.4107
3898,33.5278,237.383,28.2498,1566.6,7.08018,55.4315
7506,36.1651,314.48,30.7863,1583.1999999999998,8.69567,55.4457
7211,37.8888,383.611,40.3489,1597.5899999999997,10.1247,55.4585
7655,36.1776,314.908,29.3579,1583.29,8.7045,55.4607
4066,37.534,367.647,34.2725,1594.29,9.79506,55.4833
5161,36.7094,333.897,30.8697,1587.27,9.09567,55.5018
8966,37.2906,357.276,33.6755,1592.1399999999999,9.58086,55.5246
2854,36.0281,309.833,30.3379,1582.2199999999998,8.59976,55.5403
5307,39.534,486.656,37.5589,1618.4699999999998,12.3098,55.5595
6081,35.1124,280.779,27.5379,1576.06,7.99657,55.5948
244,38.2549,401.455,38.6264,1601.2599999999998,10.4942,55.6039
184,39.6941,506.327,50.0636,1622.3399999999997,12.7557,55.6368
7344,35.7582,300.906,29.6384,1580.3399999999997,8.41502,55.6384
2472,33.5367,237.61,28.6376,1566.65,7.08508,55.6393
4999,39.9646,534.735,41.4172,1627.8399999999997,13.3802,55.6409
5459,36.0194,309.541,35.0495,1582.1599999999999,8.59374,55.6588
372,36.746,335.312,29.8098,1587.5699999999997,9.12513,55.6721
9606,37.4142,362.497,34.109,1593.2199999999998,9.68877,55.7024
8465,37.2879,357.161,29.4746,1592.12,9.57847,55.7075
1475,34.1413,253.474,27.7746,1570.15,7.42427,55.7189
2700,38.5078,414.357,39.0302,1603.9,10.7603,55.7404
7658,37.5645,368.973,43.0631,1594.5699999999997,9.8224,55.9117
967,39.8287,522.176,48.0883,1625.42,13.1105,55.9834
3663,37.8382,381.218,43.8505,1597.0899999999997,10.075,55.9969
6252,35.6094,296.11,25.9486,1579.3199999999997,8.31548,55.998
6129,34.4674,262.392,28.7259,1572.1,7.61275,56.0091
8634,36.142,313.689,26.8626,1583.0299999999997,8.67936,56.049
5517,33.9327,247.903,27.0559,1568.9299999999998,7.30574,56.1326
4274,39.3259,467.429,45.7483,1614.6399999999999,11.886,56.1496
5303,39.3832,471.589,44.7529,1615.4699999999998,11.9744,56.1679
8157,39.7672,514.994,32.9324,1624.0299999999997,12.9502,56.2058
2256,34.4167,260.988,29.9361,1571.79,7.58317,56.2079
593,35.9608,307.578,37.5782,1581.75,8.55315,56.3112
3564,36.1362,313.494,36.7887,1582.9899999999998,8.67534,56.3177
4588,33.9023,247.1,25.4442,1568.75,7.28858,56.3482
6405,39.9884,536.595,57.0694,1628.1999999999998,13.4188,56.4162
3310,37.1463,351.289,36.1746,1590.9,9.45691,56.4318
4988,39.3122,466.44,43.7266,1614.44,11.865,56.4373
7555,38.3444,405.966,40.5921,1602.1799999999998,10.5874,56.4615
8495,39.1144,452.307,47.1333,1611.6,11.5637,56.4817
3489,37.8495,381.751,31.5968,1597.1999999999998,10.086,56.4978
7431,39.9082,530.334,49.1847,1627.0,13.2889,56.5416
8525,37.8821,383.293,34.6408,1597.52,10.118,56.5882
2997,37.7563,377.44,33.1511,1596.31,9.99676,56.5985
8688,36.0778,311.511,33.4729,1582.58,8.63442,56.6372
9865,38.9833,443.103,41.5511,1609.75,11.3665,56.6604
8587,40.0086,538.18,48.336,1628.5,13.4516,56.6609
4486,37.3707,360.649,29.0951,1592.8399999999997,9.65058,56.7017
2403,37.6208,371.434,30.7957,1595.0699999999997,9.87313,56.7413
4341,35.1912,283.094,29.7752,1576.5499999999997,8.04447,56.7488
1500,37.9735,387.654,32.2144,1598.42,10.2085,56.7529
8326,37.4638,364.619,39.4195,1593.6599999999999,9.73259,56.8269
8512,38.0959,393.589,31.4421,1599.6399999999999,10.3315,56.8279
9318,35.3968,289.406,32.5202,1577.9,8.17604,56.8349
6176,36.0656,311.098,32.2856,1582.4899999999998,8.62588,56.8442
5044,34.5294,264.116,23.2001,1572.4699999999998,7.649,56.8497
5733,37.2958,357.492,33.9631,1592.19,9.58531,56.8915
3426,39.7127,508.55,42.4199,1622.7799999999997,12.8057,56.9256
101,35.7765,301.499,28.9003,1580.46,8.42732,56.9696
8434,36.0191,309.53,37.6381,1582.1599999999999,8.5935,56.9818
7349,34.2597,256.682,35.4092,1570.8600000000001,7.49226,57.0467
4731,38.6863,423.756,29.1831,1605.8199999999997,10.9536,57.0496
7122,39.7161,508.948,46.3797,1622.8600000000001,12.8147,57.0628
5231,39.739,511.673,56.9338,1623.3899999999999,12.8758,57.0723
8439,39.1338,453.676,35.9082,1611.88,11.593,57.0788
9247,33.3106,232.053,24.886,1565.4099999999999,6.96634,57.08
3874,35.7013,299.06,36.7505,1579.94,8.37673,57.1288
7517,38.6235,420.419,37.7584,1605.1399999999999,10.8851,57.1324
6918,39.6123,496.398,50.3548,1620.4,12.5314,57.1341
3248,36.135,313.451,29.9832,1582.98,8.67446,57.1372
3268,34.6031,266.176,28.3259,1572.92,7.69226,57.2432
3908,37.2554,355.803,30.7117,1591.8399999999997,9.55038,57.2461
1731,39.8403,523.52,36.1629,1625.6799999999998,13.1404,57.2532
9164,39.477,479.382,41.5106,1617.0299999999997,12.1433,57.2869
8803,39.5619,490.155,46.4923,1619.17,12.3896,57.2932
5910,39.0682,449.047,41.3501,1610.9499999999998,11.4939,57.3103
7012,37.6669,373.466,35.6338,1595.4899999999998,9.91497,57.3411
794,34.8404,272.902,31.3667,1574.37,7.83292,57.3903
2088,35.2669,285.396,38.541,1577.04,8.09245,57.4181
8987,33.126,227.578,27.8998,1564.4099999999999,6.87007,57.4473
9482,39.8016,519.021,39.3515,1624.81,13.0402,57.4551
3897,39.6028,495.237,50.4918,1620.17,12.5051,57.4904
4568,36.9244,342.322,35.4903,1589.0299999999997,9.27088,57.5234
1474,38.6465,421.638,45.7608,1605.38,10.9101,57.5299
1355,39.7345,511.135,34.2819,1623.2799999999997,12.8638,57.543
9616,35.7547,300.791,34.1452,1580.31,8.41263,57.5724
7646,35.7046,299.169,32.1411,1579.9699999999998,8.37898,57.5727
8709,34.8861,274.213,28.0855,1574.65,7.86025,57.5939
9746,39.5145,484.182,33.2908,1617.98,12.2533,57.6319
8547,39.0902,450.595,50.928,1611.2599999999998,11.5271,57.6684
4312,34.769,270.864,30.0956,1573.9299999999998,7.79039,57.6739
3454,39.471,478.6,43.5473,1616.87,12.1254,57.6739
4137,36.5776,328.95,35.9011,1586.2399999999998,8.99321,57.699
2643,38.3427,405.884,38.3341,1602.1599999999999,10.5857,57.7375
6434,39.825,521.75,39.2057,1625.3399999999997,13.1011,57.7498
7847,33.7018,241.857,31.7305,1567.6,7.17637,57.7862
5176,37.855,382.011,43.5695,1597.2599999999998,10.0914,57.8133
2497,37.4826,365.43,35.6878,1593.83,9.74932,57.8278
8310,34.0083,249.911,26.7887,1569.37,7.34852,57.8725
2698,33.6618,240.823,25.774,1567.37,7.15418,57.9293
6552,38.0079,389.31,37.3287,1598.7599999999998,10.2429,57.9422
8934,37.7862,378.783,37.8755,1596.5899999999997,10.0244,57.9721
4383,36.6084,330.06,32.2653,1586.4699999999998,9.01595,57.9902
4127,36.103,312.365,29.307,1582.7599999999998,8.65205,58.0514
3538,34.5298,264.126,32.3143,1572.4699999999998,7.64922,58.0666
7028,39.3412,468.537,36.2304,1614.8600000000001,11.9096,58.1132
9611,34.2848,257.366,26.1561,1571.0,7.50671,58.1146
4348,35.216,283.843,31.2143,1576.71,8.06004,58.1575
2786,39.844,523.949,50.6865,1625.77,13.15,58.168
2583,34.9926,277.287,32.9559,1575.31,7.92416,58.2059
6401,39.7549,513.554,42.2668,1623.75,12.918,58.2366
8809,39.6126,496.433,47.5517,1620.4,12.5322,58.2535
1044,37.7746,378.261,34.569,1596.48,10.0136,58.3202
2960,39.8149,520.567,50.513,1625.1100000000001,13.0747,58.3276
2864,35.1212,281.036,24.4894,1576.1100000000001,8.0019,58.3404
4031,31.9122,199.411,23.5749,1557.92,6.24876,58.3625
288,37.4404,363.617,38.4026,1593.46,9.71188,58.3921
8067,38.3945,408.518,41.4374,1602.6999999999998,10.64,58.4008
312,34.7969,271.66,28.0754,1574.1,7.80701,58.4542
4635,39.3858,471.778,44.8891,1615.5099999999998,11.9784,58.4543
9886,37.7997,379.414,32.6652,1596.7199999999998,10.0375,58.5307
2073,35.2804,285.809,30.7565,1577.13,8.10108,58.5341
6278,38.8806,435.987,38.4608,1608.2999999999997,11.2135,58.5784
2992,38.4028,408.942,40.7741,1602.79,10.6488,58.6085
2502,39.8059,519.522,49.6292,1624.9099999999999,13.0514,58.6289
9246,35.8819,304.96,36.2965,1581.19,8.499,58.6358
1214,37.4151,362.539,42.2591,1593.23,9.68962,58.6368
3351,36.3594,321.206,32.403,1584.6100000000001,8.83418,58.6627
2821,35.9531,307.323,34.8508,1581.69,8.54789,58.6809
248,39.7052,507.652,50.0896,1622.6,12.7855,58.7141
3275,36.227,316.606,27.7854,1583.65,8.73949,58.7396
5641,39.7247,509.975,48.7504,1623.06,12.8377,58.7634
7229,39.8665,526.536,47.745,1626.2599999999998,13.2075,58.7736
16,39.1321,453.556,46.1948,1611.8600000000001,11.5904,58.7814
2230,39.0362,446.8,40.0729,1610.4899999999998,11.4458,58.8021
7761,39.3175,466.828,45.479,1614.52,11.8733,58.8098
1009,36.922,342.227,32.5643,1589.0099999999998,9.26891,58.826
9563,34.4344,261.478,29.0045,1571.9,7.59351,58.8315
6143,39.6269,498.184,50.0214,1620.75,12.5719,58.8364
6243,39.3672,470.427,34.5955,1615.2399999999998,11.9497,58.8539
4509,38.3949,408.538,47.0862,1602.71,10.6404,58.8602
6864,39.0017,444.386,37.3892,1610.0099999999998,11.394,58.9028
5042,32.3981,210.423,26.5529,1560.4899999999998,6.49493,58.9301
918,37.7862,378.78,38.0182,1596.5899999999997,10.0243,58.9411
6229,39.3194,466.963,39.3312,1614.5499999999997,11.8761,58.9738
17,39.5819,492.643,45.5501,1619.6599999999999,12.4462,58.9762
649,36.7498,335.461,34.2455,1587.6,9.12822,58.9828
2087,35.7143,299.482,31.8959,1580.0299999999997,8.38549,58.9959
8482,38.1435,395.927,37.6113,1600.12,10.3799,59.0293
9110,39.8373,523.17,46.3818,1625.62,13.1327,59.0339
7883,38.4458,411.152,37.508,1603.2399999999998,10.6943,59.0541
9583,32.7542,218.717,33.3875,1562.4,6.67753,59.073
4095,40.1181,546.83,42.7159,1630.1599999999999,13.6305,59.0796
8606,37.0501,347.366,38.7669,1590.08,9.37558,59.0941
980,40.7023,595.181,40.9824,1639.3199999999997,14.6228,59.1575
4673,39.1137,452.259,45.2633,1611.5899999999997,11.5627,59.1807
7635,39.2137,459.364,54.5039,1613.02,11.7144,59.2137
6220,37.4502,364.036,36.1148,1593.54,9.72055,59.2174
8494,38.1868,398.066,39.0996,1600.56,10.4242,59.2235
8370,37.2645,356.185,28.4814,1591.9099999999999,9.55828,59.2317
7392,36.5227,326.982,33.0312,1585.83,8.95284,59.2443
2541,40.1909,552.634,42.2834,1631.27,13.7502,59.2744
8417,38.8949,436.976,43.0715,1608.5,11.2348,59.2822
5428,37.3421,359.441,33.2617,1592.5899999999997,9.62562,59.291
453,36.6211,330.52,36.9148,1586.5699999999997,9.02538,59.3126
9759,40.5695,583.604,41.7799,1637.1399999999999,14.3853,59.3182
2192,35.9474,307.131,31.0903,1581.65,8.54392,59.3259
3671,39.6095,496.051,51.1442,1620.33,12.5235,59.3357
2628,37.0282,346.484,34.3081,1589.9,9.35729,59.3434
8763,39.3457,468.868,39.6625,1614.9299999999998,11.9166,59.3529
8929,35.0388,278.63,32.1902,1575.6,7.95204,59.4031
2589,36.6907,333.176,31.3941,1587.12,9.08066,59.412
728,42.4305,821.605,61.8624,1679.7599999999998,19.3636,59.4535
3097,37.8313,380.895,31.4515,1597.0299999999997,10.0682,59.4786
1798,38.1484,396.165,41.1988,1600.17,10.3848,59.4898
7324,39.7957,518.34,55.6031,1624.6799999999998,13.025,59.5174
1676,38.7375,426.498,40.7666,1606.37,11.0099,59.5579
977,40.1361,548.262,47.6295,1630.4299999999998,13.6601,59.5832
1245,35.2161,283.846,26.39,1576.71,8.06011,59.5959
5748,36.6469,331.496,35.4096,1586.77,9.04566,59.6236
9813,36.3785,321.872,38.6093,1584.75,8.84788,59.629
4047,36.4564,324.62,29.6296,1585.33,8.90435,59.6643
5198,35.7357,300.173,37.0975,1580.1799999999998,8.39981,59.6696
8864,39.7207,509.502,44.5675,1622.96,12.8271,59.6998
4131,36.4129,323.084,30.9969,1585.0099999999998,8.87278,59.7006
7327,35.5743,294.988,28.6078,1579.08,8.29218,59.7012
9336,37.1029,349.515,31.6492,1590.5299999999997,9.42015,59.7057
9494,40.3472,565.231,53.178,1633.6599999999999,14.0092,59.7191
748,34.28,257.236,26.5555,1570.98,7.50397,59.7238
1726,36.7874,336.922,35.9381,1587.9,9.15863,59.7301
8466,36.9661,343.986,39.5901,1589.38,9.30545,59.7395
7801,37.3494,359.747,36.2568,1592.65,9.63194,59.7889
9719,33.5077,236.886,30.7613,1566.4899999999998,7.06961,59.7938
6027,39.7742,515.817,40.2625,1624.19,12.9686,59.8077
5673,39.5733,491.577,39.2043,1619.4499999999998,12.4219,59.8204
2881,35.0985,280.372,31.489,1575.9699999999998,7.98815,59.8279
2361,39.8016,519.027,39.6294,1624.81,13.0403,59.8389
4060,39.4878,480.776,40.056,1617.31,12.1753,60.0467
1267,33.6344,240.115,29.3013,1567.21,7.13898,60.0604
4793,37.1495,351.423,35.3373,1590.9299999999998,9.45968,60.0895
9420,38.5056,414.246,34.9053,1603.87,10.7581,60.1144
9588,37.5542,368.525,32.3239,1594.4699999999998,9.81316,60.1192
1804,38.6928,424.105,35.4693,1605.8899999999999,10.9608,60.1491
2021,40.4697,575.245,46.8903,1635.56,14.2142,60.1673
4398,40.1783,551.629,42.3283,1631.0699999999997,13.7295,60.1747
3126,35.6429,297.181,36.714,1579.5499999999997,8.33772,60.231
7949,37.1709,352.3,38.7092,1591.1100000000001,9.47786,60.2825
3590,36.4575,324.66,27.5612,1585.3399999999997,8.90517,60.2969
3354,34.3954,260.399,26.3478,1571.67,7.57077,60.3223
8408,40.0413,540.758,49.1522,1629.0,13.505,60.393
8785,40.6415,589.864,52.3981,1638.3199999999997,14.5138,60.4209
6604,39.5419,487.649,50.1057,1618.67,12.3325,60.4503
7432,39.8177,520.897,56.0645,1625.1799999999998,13.082,60.457
1173,39.5193,484.794,50.0791,1618.1100000000001,12.2673,60.4847
1811,39.5533,489.08,38.7678,1618.9499999999998,12.3651,60.4957
4061,40.1181,546.83,45.4309,1630.1599999999999,13.6305,60.5588
5495,40.2682,558.84,45.4118,1632.4499999999998,13.878,60.5606
909,34.4282,261.305,34.7037,1571.8600000000001,7.58987,60.5706
4328,37.4438,363.761,32.9789,1593.4899999999998,9.71488,60.578
8602,38.4431,411.012,30.8526,1603.21,10.6914,60.5982
4052,38.7843,429.385,42.4384,1606.96,11.0711,60.612
1843,36.8654,339.982,33.7068,1588.54,9.22227,60.6213
7863,39.3615,470.012,46.4786,1615.1599999999999,11.9409,60.6498
6249,40.0217,539.216,41.9631,1628.6999999999998,13.4731,60.6605
9956,39.6384,499.595,52.2891,1621.0299999999997,12.6038,60.6625
9750,39.3098,466.266,44.1229,1614.4099999999999,11.8613,60.6686
3349,39.7383,511.588,48.6025,1623.37,12.8739,60.7018
8752,39.5288,485.996,38.2117,1618.3399999999997,12.2947,60.7162
7642,39.4952,481.715,37.0685,1617.4899999999998,12.1968,60.7915
4642,40.5271,579.968,48.1316,1636.4499999999998,14.3106,60.7928
8989,39.8463,524.206,35.2631,1625.8199999999997,13.1557,60.797
7255,37.434,363.342,35.2274,1593.4,9.70622,60.8084
9445,35.0919,280.18,30.6333,1575.9299999999998,7.98417,60.8117
5409,37.902,384.237,31.2515,1597.7199999999998,10.1377,60.8339
1478,41.3922,675.764,49.8816,1654.21,16.3259,60.846
8639,33.0926,226.774,26.3282,1564.23,6.85271,60.8843
8302,38.263,401.865,46.032,1601.3399999999997,10.5027,60.897
8948,37.8423,381.412,32.6947,1597.13,10.079,60.8987
2727,39.8128,520.331,44.9983,1625.0699999999997,13.0694,60.9197
4441,39.0609,448.532,41.3532,1610.8399999999997,11.4829,60.9368
1688,36.7324,334.784,33.8142,1587.46,9.11414,60.9992
8877,36.6547,331.792,36.0883,1586.83,9.05184,61.0118
4677,39.651,501.121,49.4346,1621.33,12.6383,61.0259
3056,39.1729,456.455,44.9825,1612.44,11.6523,61.0474
6977,36.1362,313.494,36.9728,1582.9899999999998,8.67534,61.1028
2911,39.5643,490.46,47.476,1619.23,12.3965,61.1281
4993,39.6908,505.932,38.3367,1622.27,12.7468,61.1593
9725,39.2831,464.34,43.8173,1614.02,11.8204,61.2016
569,39.5758,491.883,44.2484,1619.5099999999998,12.4289,61.2077
181,37.6029,370.652,35.0198,1594.9099999999999,9.857,61.2233
8125,38.6482,421.732,40.7039,1605.4,10.9121,61.2284
2278,37.9491,386.487,34.0535,1598.1799999999998,10.1843,61.2402
7312,39.6494,500.926,47.8769,1621.29,12.6339,61.2406
2321,39.9089,530.39,59.1328,1627.0099999999998,13.29,61.2465
4363,34.7452,270.189,33.3212,1573.79,7.77629,61.2592
8150,39.5177,484.586,42.3998,1618.06,12.2625,61.2926
8222,34.2609,256.716,33.2263,1570.8600000000001,7.49297,61.2972
429,39.5538,489.144,49.1772,1618.9699999999998,12.3666,61.3229
7890,34.5832,265.62,27.9466,1572.7999999999997,7.68059,61.325
1834,38.773,428.618,34.9425,1606.81,11.0545,61.3288
5565,38.4896,413.413,36.001,1603.6999999999998,10.7409,61.3479
6956,35.2859,285.977,37.028,1577.17,8.10457,61.3612
6641,37.9384,385.975,35.1031,1598.0699999999997,10.1737,61.3902
349,35.2756,285.662,33.019,1577.1,8.098,61.3923
6955,35.858,304.173,39.7973,1581.0299999999997,8.48271,61.3958
9083,36.4436,324.168,40.6204,1585.2399999999998,8.89507,61.4069
4194,39.9488,533.5,52.7803,1627.6,13.3546,61.409
3158,38.8677,435.099,40.4182,1608.12,11.1944,61.4393
6467,39.3249,467.363,42.6565,1614.63,11.8846,61.4844
8290,37.5906,370.113,38.7404,1594.7999999999997,9.8459,61.5366
5713,39.5439,487.903,52.3665,1618.7199999999998,12.3382,61.5627
1101,39.8968,529.449,43.9723,1626.83,13.2705,61.5732
9106,39.5578,489.649,42.8273,1619.0699999999997,12.3781,61.6035
2458,37.9193,385.062,43.0108,1597.8899999999999,10.1548,61.606
118,37.4077,362.223,37.9906,1593.17,9.6831,61.6128
153,39.4075,473.361,48.7715,1615.83,12.0119,61.6179
5503,34.6616,267.822,31.5491,1573.27,7.72676,61.6275
493,37.3865,361.322,34.5925,1592.98,9.66449,61.6379
786,34.9897,277.202,30.9491,1575.29,7.92241,61.6628
5744,38.5151,414.735,37.1639,1603.9699999999998,10.7681,61.6644
7210,36.7879,336.943,33.5649,1587.9099999999999,9.15907,61.6916
5586,39.851,524.752,52.7713,1625.92,13.1679,61.725
80,39.5785,492.231,44.5723,1619.58,12.4368,61.7276
2802,34.4667,262.371,33.3625,1572.0899999999997,7.6123,61.7306
4142,38.9794,442.832,39.8688,1609.69,11.3607,61.7331
9535,39.4088,473.453,43.8416,1615.85,12.0139,61.7773
6239,39.8309,522.429,49.1785,1625.4699999999998,13.1162,61.8529
9518,39.7692,515.235,54.9648,1624.08,12.9556,61.8936
6372,36.3362,320.392,34.5473,1584.44,8.81744,61.9124
404,38.6474,421.687,38.8652,1605.3899999999999,10.9111,61.9284
9953,38.0928,393.439,33.1563,1599.6100000000001,10.3284,61.9367
3240,41.1832,642.092,54.4687,1648.06,15.5911,61.9438
3285,39.6912,505.977,38.4544,1622.2799999999997,12.7478,61.9489
6191,39.7907,517.75,48.2621,1624.5699999999997,13.0118,62.0232
1060,37.7171,375.691,32.9089,1595.9499999999998,9.96078,62.0385
3650,40.2189,554.88,52.5429,1631.69,13.7965,62.0436
4796,38.9829,443.074,42.7071,1609.7399999999998,11.3659,62.0806
2131,39.6001,494.896,46.629,1620.1,12.4973,62.0837
2095,39.5257,485.599,44.9443,1618.27,12.2857,62.1046
5784,36.2086,315.972,31.5565,1583.5099999999998,8.72643,62.1316
9532,35.3796,288.871,33.4702,1577.7799999999997,8.16489,62.1369
2504,35.4218,290.186,29.4536,1578.06,8.19228,62.1404
5404,37.8431,381.452,38.6603,1597.1399999999999,10.0798,62.1547
3055,36.2405,317.07,32.5101,1583.75,8.74906,62.1626
1826,37.3725,360.728,41.2901,1592.8600000000001,9.65221,62.1905
1481,40.5132,578.825,48.6633,1636.2399999999998,14.2873,62.2004
8737,36.2667,317.976,31.0797,1583.94,8.76771,62.2168
7444,38.0377,390.752,37.5057,1599.06,10.2728,62.2567
7762,39.9268,531.783,41.5404,1627.27,13.319,62.2634
8032,35.4457,290.932,36.2993,1578.2199999999998,8.20783,62.2915
7384,36.6249,330.654,32.5,1586.5899999999997,9.02813,62.3142
9213,40.8651,609.585,50.9575,1642.02,14.917,62.3223
7988,39.463,477.564,43.8767,1616.67,12.1016,62.3321
9037,37.1996,353.488,35.6336,1591.35,9.50245,62.34
5898,39.8433,523.865,58.4134,1625.75,13.1481,62.3924
1744,39.9757,535.604,46.9797,1628.0099999999998,13.3982,62.395
1057,39.5515,488.858,42.0332,1618.9099999999999,12.36,62.3966
5035,39.9066,530.215,38.553,1626.9699999999998,13.2864,62.4023
6286,37.3585,360.132,41.0843,1592.73,9.6399,62.4046
9491,39.7336,511.036,53.8437,1623.2599999999998,12.8616,62.4494
5151,36.7873,336.918,38.4266,1587.9,9.15856,62.4653
9022,37.2658,356.236,39.9666,1591.9299999999998,9.55933,62.4849
6587,34.8673,273.674,32.1602,1574.54,7.84901,62.4917
5439,39.8572,525.461,47.1066,1626.06,13.1836,62.5064
8999,36.8765,340.424,37.9429,1588.63,9.23145,62.5073
4471,38.0206,389.926,37.8057,1598.8899999999999,10.2556,62.5361
7735,38.441,410.902,39.4378,1603.19,10.6892,62.545
6608,40.7463,599.054,44.067,1640.04,14.702,62.5558
5417,39.389,472.014,50.7146,1615.56,11.9834,62.5571
5131,39.7807,516.583,45.531,1624.3399999999997,12.9858,62.5929
9525,34.2885,257.467,26.5686,1571.0299999999997,7.50884,62.6103
2166,33.3236,232.37,29.7217,1565.4899999999998,6.97313,62.6111
8266,36.4095,322.965,38.6873,1584.98,8.87034,62.6336
6052,36.888,340.878,34.4625,1588.73,9.24088,62.638
1332,36.4263,323.558,36.4572,1585.1100000000001,8.88254,62.7426
3920,39.5086,483.436,38.7541,1617.8399999999997,12.2362,62.7596
37,39.5999,494.879,43.7894,1620.1,12.497,62.7619
570,36.461,324.786,41.2907,1585.37,8.90775,62.7673
1063,39.5248,485.487,49.7672,1618.2399999999998,12.2831,62.7986
4841,39.586,493.15,41.3437,1619.7599999999998,12.4577,62.841
8300,39.6784,504.431,44.9618,1621.9699999999998,12.713,62.8506
5115,39.2504,461.992,42.1746,1613.5499999999997,11.7704,62.9451
5693,34.9006,274.631,37.5112,1574.7399999999998,7.86893,63.0123
6728,36.4425,324.131,38.0473,1585.23,8.89431,63.0135
5064,40.1026,545.605,44.1196,1629.92,13.6052,63.0217
8342,39.4494,476.419,39.3039,1616.44,12.0767,63.0318
7426,39.7108,508.319,45.2812,1622.73,12.8005,63.0394
9430,37.0467,347.23,35.2858,1590.0499999999997,9.37276,63.0405
9286,38.1527,396.38,38.9317,1600.21,10.3893,63.0533
4938,41.6728,726.917,46.1468,1663.31,17.4434,63.0596
7347,39.8098,519.98,49.86,1625.0,13.0616,63.076
3685,39.3373,468.256,53.8292,1614.81,11.9036,63.0761
1681,39.503,482.723,38.7324,1617.69,12.2199,63.0913
2013,37.1805,352.697,40.2505,1591.19,9.48608,63.118
3004,39.3605,469.938,39.5593,1615.1399999999999,11.9393,63.1509
4707,37.7348,376.48,37.1208,1596.12,9.977,63.1519
610,39.1083,451.873,37.8398,1611.52,11.5544,63.1595
5411,40.3791,567.832,55.4727,1634.1599999999999,14.0625,63.1835
4418,39.0447,447.399,47.6578,1610.6100000000001,11.4586,63.2287
3471,36.101,312.296,37.3703,1582.7399999999998,8.65061,63.2393
7362,39.9555,534.023,44.0458,1627.6999999999998,13.3654,63.2671
9341,35.206,283.538,30.3371,1576.65,8.05368,63.3106
531,39.7269,510.237,46.6995,1623.1100000000001,12.8436,63.3227
2702,35.8322,303.323,38.767,1580.85,8.46511,63.3262
5990,39.8398,523.454,40.6914,1625.67,13.139,63.3391
1538,38.7051,424.762,41.7947,1606.02,10.9743,63.4112
2570,39.5509,488.781,45.5828,1618.9,12.3583,63.4341
5868,39.8697,526.907,44.2505,1626.3399999999997,13.2157,63.4423
4196,40.6308,588.926,43.4888,1638.1399999999999,14.4946,63.501
6544,37.819,380.317,43.9702,1596.9099999999999,10.0562,63.5342
201,40.0551,541.847,56.7203,1629.1999999999998,13.5275,63.5375
3381,40.4766,575.809,51.2394,1635.67,14.2257,63.5531
5469,38.527,415.355,31.5101,1604.1,10.7809,63.5587
2913,39.3474,468.986,45.2853,1614.9499999999998,11.9191,63.5673
1360,39.7169,509.045,48.0791,1622.87,12.8168,63.5789
7916,35.3292,287.311,32.9517,1577.4499999999998,8.13239,63.5796
471,37.417,362.619,38.9764,1593.25,9.69128,63.5811
4460,35.0765,279.729,33.2445,1575.83,7.97483,63.5954
8270,36.2263,316.581,32.3883,1583.6399999999999,8.73899,63.6204
6307,40.0529,541.667,48.2818,1629.17,13.5238,63.6495
6943,40.2755,559.431,44.7107,1632.56,13.8901,63.6837
9115,39.4794,479.689,52.3129,1617.0899999999997,12.1504,63.7077
9557,39.5813,492.567,42.0794,1619.6399999999999,12.4445,63.71
166,37.8245,380.573,38.1412,1596.96,10.0615,63.7205
2247,36.681,332.802,30.5071,1587.04,9.07288,63.7294
3844,38.8787,435.854,39.3145,1608.2799999999997,11.2106,63.7936
1959,37.7265,376.11,33.9449,1596.04,9.96939,63.7985
1989,37.6863,374.325,44.4647,1595.67,9.93265,63.8116
5810,39.2581,462.549,46.271,1613.6599999999999,11.7822,63.8223
820,38.344,405.947,42.9401,1602.1799999999998,10.587,63.8392
5424,39.5071,483.245,38.0647,1617.7999999999997,12.2318,63.8412
7005,39.2772,463.92,38.8016,1613.94,11.8114,63.8538
6336,39.6134,496.539,40.0227,1620.4299999999998,12.5346,63.868
5664,39.6761,504.158,44.2411,1621.92,12.7068,63.8773
6595,36.1557,314.158,33.4249,1583.13,8.68902,63.9186
4278,39.8041,519.317,51.1593,1624.87,13.0468,63.9245
5124,39.2199,459.807,48.8276,1613.1100000000001,11.7238,63.9254
656,37.8642,382.445,35.7208,1597.35,10.1004,63.9337
8567,39.5189,484.745,48.5555,1618.1,12.2661,63.9765
5905,36.0613,310.953,41.1405,1582.46,8.62289,63.9774
3462,39.9094,530.431,44.4567,1627.0099999999998,13.2909,63.984
6555,40.5628,583.019,55.2489,1637.0299999999997,14.3733,64.0033
9582,36.0519,310.633,30.6158,1582.3899999999999,8.61629,64.0215
4404,34.9474,275.98,34.7202,1575.0299999999997,7.897,64.0331
4247,39.3489,469.097,36.3223,1614.98,11.9215,64.0389
565,39.1659,455.961,46.0108,1612.3399999999997,11.6418,64.0405
5593,39.4009,472.875,42.4347,1615.73,12.0016,64.0515
5646,39.514,484.116,42.5317,1617.9699999999998,12.2518,64.0622
3742,38.8497,433.864,36.484,1607.87,11.1677,64.0869
7001,36.2241,316.506,36.6796,1583.63,8.73743,64.0908
2052,33.5729,238.535,31.3931,1566.8600000000001,7.105,64.1304
5645,36.7815,336.695,28.2359,1587.8600000000001,9.15391,64.1423
5792,38.1834,397.895,43.9638,1600.5299999999997,10.4206,64.1459
818,36.2557,317.595,35.5199,1583.8600000000001,8.75987,64.146
8460,36.9943,345.116,33.7844,1589.6100000000001,9.3289,64.147
7552,36.8909,340.994,41.6961,1588.75,9.24329,64.1662
6395,39.6093,496.026,47.0846,1620.3199999999997,12.523,64.1801
3940,38.4627,412.023,39.0423,1603.42,10.7123,64.2523
3436,34.8995,274.599,28.3661,1574.73,7.86827,64.253
4743,39.8112,520.144,40.6147,1625.0299999999997,13.0653,64.26
9692,38.8871,436.432,39.9561,1608.3899999999999,11.2231,64.275
7961,38.0153,389.671,45.3525,1598.8399999999997,10.2504,64.2769
9928,39.3879,471.929,43.6905,1615.54,11.9816,64.2771
4225,39.8328,522.644,45.1329,1625.5099999999998,13.121,64.284
2237,39.962,534.53,42.8092,1627.7999999999997,13.376,64.3143
8865,38.3522,406.364,30.2093,1602.2599999999998,10.5956,64.34
1656,40.2737,559.285,43.5057,1632.5299999999997,13.8871,64.3973
2762,40.6408,589.799,49.8863,1638.2999999999997,14.5125,64.4309
3255,38.6525,421.957,37.1973,1605.4499999999998,10.9167,64.4364
3377,39.0578,448.318,36.4806,1610.7999999999997,11.4783,64.4591
3740,39.2353,460.908,52.826,1613.33,11.7473,64.4712
5170,35.0823,279.898,29.1593,1575.87,7.97833,64.4894
5549,40.1805,551.801,54.826,1631.1100000000001,13.7331,64.5001
5180,38.5061,414.272,41.315,1603.88,10.7586,64.5212
6353,39.1266,453.17,46.5606,1611.7799999999997,11.5821,64.5279
6221,37.6452,372.509,36.6867,1595.2999999999997,9.89526,64.548
917,39.3099,466.275,46.1402,1614.4099999999999,11.8615,64.5504
2553,39.325,467.369,46.004,1614.63,11.8848,64.5689
1420,40.1439,548.882,53.955,1630.5499999999997,13.6729,64.5741
803,39.7927,517.987,38.8688,1624.6100000000001,13.0171,64.5922
7982,40.5241,579.721,50.5358,1636.4099999999999,14.3056,64.6002
4659,38.1818,397.815,39.8406,1600.5099999999998,10.419,64.6094
3919,39.1154,452.375,37.1315,1611.62,11.5651,64.6205
8745,40.1888,552.468,49.7309,1631.23,13.7468,64.6738
503,39.6273,498.242,36.797,1620.7599999999998,12.5732,64.7059
4073,38.9874,443.387,40.0161,1609.7999999999997,11.3726,64.7121
9507,40.4475,573.42,38.9145,1635.21,14.1769,64.7462
3287,39.6538,501.466,47.0801,1621.3899999999999,12.6461,64.7957
5104,39.5722,491.445,35.3339,1619.42,12.4189,64.8038
6175,37.8288,380.779,37.7539,1597.0,10.0658,64.8332
3586,40.1783,551.626,50.0292,1631.0699999999997,13.7295,64.8432
5644,41.0277,624.214,55.9864,1644.7399999999998,15.2144,64.8433
8164,39.6048,495.481,46.6186,1620.2199999999998,12.5106,64.872
5136,39.6074,495.791,46.3028,1620.2799999999997,12.5177,64.8851
7568,39.7197,509.375,44.3972,1622.94,12.8242,64.9014
8622,36.8659,340.005,34.0236,1588.5499999999997,9.22274,64.903
337,39.6107,496.201,47.4369,1620.3600000000001,12.5269,64.9057
714,37.975,387.728,33.7025,1598.44,10.2101,64.9314
9488,39.9411,532.898,52.3772,1627.4899999999998,13.3421,64.9547
5554,40.0103,538.315,42.4944,1628.5299999999997,13.4544,64.9742
9758,39.7968,518.47,59.7746,1624.71,13.0279,64.9797
6306,38.5491,416.512,42.3085,1604.3399999999997,10.8047,64.99
4041,39.4834,480.209,40.4787,1617.19,12.1623,65.0058
7088,39.0274,446.188,36.4821,1610.37,11.4327,65.0138
2409,36.9229,342.262,35.7686,1589.02,9.26964,65.037
8,39.46,477.198,50.591,1616.5899999999997,12.0932,65.0912
3395,39.0095,444.93,43.8609,1610.12,11.4057,65.0972
3095,35.5502,294.225,31.6787,1578.92,8.27633,65.1419
7952,38.8398,433.182,40.0877,1607.73,11.153,65.1609
6479,37.2344,354.928,43.1104,1591.65,9.53228,65.1626
3327,41.3769,673.404,59.8618,1653.7799999999997,16.2749,65.1909
7215,34.7927,271.541,33.2005,1574.08,7.80452,65.209
6464,39.5244,485.445,44.1948,1618.23,12.2821,65.2312
2834,38.3472,406.11,38.0321,1602.21,10.5904,65.2682
3745,40.177,551.521,42.1175,1631.0499999999997,13.7273,65.2894
6412,39.4895,480.994,38.2849,1617.35,12.1803,65.3062
2918,39.5316,486.348,41.6394,1618.4099999999999,12.3028,65.3253
2404,38.8697,435.236,39.6258,1608.15,11.1973,65.3727
5174,38.1495,396.219,38.3014,1600.1799999999998,10.386,65.376
4832,40.3464,565.172,56.2757,1633.65,14.008,65.3854
4237,37.3244,358.695,45.5897,1592.44,9.6102,65.419
8481,39.6151,496.738,52.5612,1620.46,12.5391,65.4337
2481,39.6914,506.0,51.2044,1622.2799999999997,12.7483,65.4377
1934,37.0431,347.083,36.8803,1590.02,9.36972,65.438
3137,39.8984,529.575,47.7882,1626.85,13.2731,65.5339
279,35.7485,300.59,33.2454,1580.27,8.40847,65.5436
9599,39.0409,447.128,45.0834,1610.56,11.4528,65.559
2633,39.551,488.792,40.8801,1618.9,12.3585,65.5788
8250,39.666,502.94,59.1507,1621.6799999999998,12.6794,65.6183
4662,35.2598,285.178,35.2942,1577.0,8.0879,65.6459
3120,39.2883,464.717,42.334,1614.1,11.8284,65.6485
4507,39.5483,488.448,37.8727,1618.83,12.3507,65.6768
6690,38.9812,442.96,48.6664,1609.7199999999998,11.3634,65.6974
4834,39.1904,457.704,48.8333,1612.69,11.679,65.7282
1580,39.7678,515.067,37.1131,1624.0499999999997,12.9519,65.7364
6726,38.9078,437.863,45.7045,1608.6799999999998,11.2539,65.7583
7221,39.3982,472.683,44.4205,1615.69,11.9976,65.7667
9868,37.3049,357.875,41.9321,1592.27,9.59324,65.772
4698,39.7236,509.838,57.8912,1623.0299999999997,12.8347,65.7943
4857,40.892,611.99,50.3972,1642.4699999999998,14.966,65.8187
6277,39.5224,485.186,40.7559,1618.1799999999998,12.2762,65.8892
8029,35.1646,282.31,34.0371,1576.3899999999999,8.02826,65.9153
8623,34.6436,267.315,31.5706,1573.17,7.71614,65.9184
9307,39.5452,488.069,42.4837,1618.75,12.342,65.9241
376,40.7326,597.849,55.4243,1639.8199999999997,14.6774,65.9746
1859,39.3485,469.067,50.0183,1614.9699999999998,11.9208,65.9867
4397,39.5419,487.65,40.1731,1618.67,12.3325,66.0112
8988,39.735,511.191,41.6981,1623.29,12.865,66.021
8271,39.5509,488.778,45.9136,1618.8899999999999,12.3582,66.0392
9601,38.6799,423.416,39.3481,1605.75,10.9467,66.0618
658,38.8231,432.039,38.1932,1607.5,11.1284,66.0649
6461,37.0519,347.441,37.0315,1590.1,9.37714,66.1587
830,39.6434,500.197,43.2225,1621.1399999999999,12.6174,66.166
2652,34.4119,260.854,32.7869,1571.7599999999998,7.58036,66.2074
5435,39.9206,531.301,57.9673,1627.1799999999998,13.3089,66.2472
163,37.6107,370.993,35.5464,1594.98,9.86403,66.2519
8569,34.5152,263.718,30.7633,1572.3899999999999,7.64065,66.2946
5541,38.3202,404.742,37.0046,1601.9299999999998,10.5621,66.3108
475,39.1947,458.009,46.0545,1612.75,11.6855,66.3736
518,40.1565,549.889,65.5394,1630.7399999999998,13.6936,66.3754
6668,37.422,362.831,34.7949,1593.29,9.69566,66.4068
4716,40.0135,538.57,51.5256,1628.58,13.4597,66.4252
6698,36.8622,339.857,28.8488,1588.52,9.21967,66.4372
9126,38.6957,424.256,40.2832,1605.92,10.9639,66.4402
3698,35.3414,287.686,26.3905,1577.5299999999997,8.14021,66.4712
3424,39.2247,460.156,46.5023,1613.1799999999998,11.7313,66.5126
3102,36.9364,342.801,33.975,1589.13,9.28083,66.5194
7470,38.798,430.322,44.238,1607.15,11.0914,66.5354
7220,38.3578,406.647,45.0099,1602.3199999999997,10.6014,66.5427
418,39.5286,485.971,45.9295,1618.3399999999997,12.2942,66.5641
8314,40.0406,540.698,45.3738,1628.98,13.5038,66.5731
5358,40.2913,560.71,47.1163,1632.7999999999997,13.9164,66.5833
4870,38.3774,407.646,42.0507,1602.52,10.622,66.5897
6538,37.963,387.152,45.5601,1598.3199999999997,10.1981,66.6179
7943,39.7773,516.18,45.973,1624.2599999999998,12.9768,66.6341
7060,36.7649,336.046,43.1628,1587.7199999999998,9.14041,66.6587
2587,39.4993,482.251,38.7317,1617.6,12.2091,66.6756
4309,39.8848,528.518,54.081,1626.65,13.2511,66.7107
2591,37.8183,380.284,38.3844,1596.9,10.0555,66.7161
5361,39.3804,471.385,45.7536,1615.4299999999998,11.97,66.742
5240,34.6791,268.315,36.0827,1573.38,7.73708,66.769
2974,39.1321,453.556,44.91,1611.8600000000001,11.5904,66.7812
7549,39.1057,451.695,36.3963,1611.48,11.5506,66.8502
5080,39.0347,446.698,39.8836,1610.4699999999998,11.4436,66.8507
3577,37.3396,359.333,38.3588,1592.5699999999997,9.62338,66.8764
4964,39.8163,520.734,53.649,1625.1399999999999,13.0784,66.8794
6614,39.4777,479.473,41.007,1617.0499999999997,12.1454,66.9151
941,36.3477,320.794,30.9229,1584.5299999999997,8.82571,66.9192
5455,33.4782,236.16,28.5826,1566.33,7.05414,66.9315
4777,39.7109,508.334,38.7935,1622.7399999999998,12.8009,66.9398
1805,39.2386,461.148,44.8925,1613.38,11.7524,66.9412
8779,39.5939,494.129,45.2802,1619.9499999999998,12.4799,66.9499
1630,39.0108,445.021,35.5541,1610.13,11.4076,66.9733
6853,37.3703,360.632,38.8627,1592.8399999999997,9.65024,66.9805
9434,40.1605,550.205,52.6528,1630.7999999999997,13.7002,66.982
7723,38.1635,396.913,37.2904,1600.3199999999997,10.4003,66.9857
5870,39.6496,500.953,43.8099,1621.29,12.6345,66.986
2962,39.8698,526.911,50.3057,1626.3399999999997,13.2158,66.9947
8662,37.7446,376.916,42.5372,1596.21,9.98598,66.9969
7162,39.5839,492.893,41.3019,1619.71,12.4519,67.0052
1592,39.6135,496.543,48.0803,1620.4299999999998,12.5347,67.0138
8134,39.126,453.127,41.9568,1611.77,11.5812,67.0158
1383,39.3946,472.418,41.2152,1615.6399999999999,11.9919,67.0606
5085,39.0568,448.249,39.9386,1610.79,11.4768,67.0673
7452,40.1303,547.798,48.8091,1630.3399999999997,13.6505,67.0764
7529,37.5104,366.629,40.4927,1594.08,9.77406,67.1083
973,35.6791,298.344,37.9851,1579.79,8.36188,67.1209
7532,37.7476,377.05,35.3848,1596.23,9.98873,67.1529
9702,36.0157,309.416,34.7391,1582.13,8.59115,67.1565
7084,40.8905,611.857,48.6857,1642.44,14.9633,67.166
9898,40.3181,562.876,50.2186,1633.21,13.9609,67.1763
1849,40.0277,539.687,49.5634,1628.79,13.4828,67.1887
5598,39.4812,479.926,40.8029,1617.1399999999999,12.1558,67.1901
3928,38.3008,403.764,40.3485,1601.73,10.5419,67.2279
6010,37.407,362.191,43.0634,1593.1599999999999,9.68245,67.2324
6765,40.0203,539.1,53.3478,1628.6799999999998,13.4707,67.2373
4400,39.6006,494.963,54.0302,1620.12,12.4989,67.2499
676,34.8785,273.996,29.1601,1574.6100000000001,7.85573,67.2667
9310,39.2296,460.502,38.8738,1613.25,11.7386,67.269
92,38.9655,441.862,41.2372,1609.5,11.3398,67.2747
1628,38.8064,430.897,48.4384,1607.27,11.1038,67.2813
3090,40.0475,541.242,42.5368,1629.0899999999997,13.515,67.2997
3094,40.5503,581.942,41.0434,1636.8199999999997,14.3511,67.3056
5989,39.8127,520.315,43.3136,1625.06,13.0691,67.3508
44,38.5969,419.019,36.8199,1604.85,10.8563,67.3608
1264,36.6589,331.953,36.7291,1586.87,9.05519,67.3622
8848,40.2523,557.558,53.1346,1632.1999999999998,13.8516,67.4002
629,39.7917,517.865,47.438,1624.5899999999997,13.0144,67.4479
7146,35.9386,306.839,36.001,1581.5899999999997,8.53786,67.4572
556,37.5493,368.311,35.8785,1594.4299999999998,9.80876,67.4694
2710,37.5586,368.716,40.6682,1594.5099999999998,9.8171,67.4935
921,37.1169,350.087,46.5911,1590.65,9.432,67.5178
3473,33.9382,248.05,31.0427,1568.96,7.30886,67.5214
9749,38.5404,416.057,38.9203,1604.2399999999998,10.7953,67.5387
3407,37.4987,366.122,38.4204,1593.98,9.7636,67.5476
9026,39.1279,453.262,40.5839,1611.7999999999997,11.5841,67.5714
9449,39.3497,469.157,57.701,1614.9899999999998,11.9228,67.5766
6078,39.4945,481.626,43.9222,1617.48,12.1948,67.5789
2450,39.8146,520.534,51.851,1625.1100000000001,13.074,67.5913
9314,35.0335,278.475,30.8435,1575.5699999999997,7.94882,67.592
7080,36.9677,344.052,33.0364,1589.3899999999999,9.30681,67.6038
4552,39.6259,498.066,42.8001,1620.73,12.5692,67.6202
5214,39.4493,476.416,39.1345,1616.44,12.0767,67.6297
4,38.9866,443.333,41.7191,1609.79,11.3714,67.6319
9092,39.4265,474.744,38.8561,1616.1100000000001,12.0412,67.6539
6446,36.4692,325.076,45.2621,1585.4299999999998,8.91371,67.7047
1985,38.1174,394.641,50.9594,1599.8600000000001,10.3533,67.7191
7468,39.5734,491.585,49.8353,1619.4499999999998,12.4221,67.734
2695,37.6358,372.096,42.9512,1595.21,9.88675,67.7422
2890,38.7035,424.675,37.7991,1606.0,10.9725,67.7448
8241,39.4913,481.228,50.8203,1617.4,12.1856,67.7645
8905,36.4265,323.563,38.2763,1585.1100000000001,8.88264,67.8108
2204,39.6191,497.24,48.0258,1620.56,12.5505,67.823
8282,40.5029,577.972,56.6991,1636.0699999999997,14.2699,67.834
1835,40.0131,538.537,43.4569,1628.5699999999997,13.459,67.8371
8531,39.0634,448.712,42.0396,1610.88,11.4868,67.8534
7227,39.0318,446.495,49.1854,1610.4299999999998,11.4392,67.8741
6076,40.8856,611.421,46.8286,1642.3600000000001,14.9544,67.906
7364,39.3586,469.799,41.6426,1615.12,11.9364,67.9152
9709,38.2956,403.503,44.2574,1601.6799999999998,10.5365,67.9405
8404,39.5743,491.704,43.5746,1619.4699999999998,12.4248,67.972
7225,38.2439,400.905,54.4907,1601.1399999999999,10.4829,67.9746
9009,40.5025,577.94,53.6368,1636.0699999999997,14.2693,67.9867
8064,39.7788,516.359,40.4624,1624.2999999999997,12.9808,68.0066
1339,39.6046,495.457,50.6009,1620.21,12.5101,68.0239
8139,37.3792,361.011,42.786,1592.92,9.65807,68.0302
8060,38.964,441.756,42.1502,1609.4699999999998,11.3376,68.0414
3319,37.0662,348.02,35.096,1590.2199999999998,9.38916,68.0428
9035,36.9103,341.761,38.0954,1588.9099999999999,9.25923,68.0498
5182,39.5985,494.705,40.7474,1620.06,12.493,68.0523
1926,35.9656,307.738,37.1993,1581.7799999999997,8.55647,68.0625
7610,36.4296,323.675,31.8439,1585.13,8.88493,68.0942
5325,38.9846,443.197,53.076,1609.77,11.3685,68.101
3709,39.2356,460.93,41.6834,1613.3399999999997,11.7478,68.1041
2559,39.8738,527.372,41.1707,1626.4299999999998,13.226,68.1362
120,39.7404,511.837,45.8844,1623.42,12.8795,68.1874
6466,38.6937,424.153,43.3252,1605.9,10.9618,68.1951
8630,38.1447,395.986,43.5754,1600.13,10.3811,68.1987
9814,39.3444,468.769,53.5496,1614.9099999999999,11.9145,68.2462
6417,39.111,452.064,45.9475,1611.56,11.5585,68.2783
9720,39.5726,491.497,40.7653,1619.4299999999998,12.4201,68.2984
3413,39.9911,536.806,40.6759,1628.2399999999998,13.4232,68.3176
8319,39.8217,521.365,48.0692,1625.27,13.0925,68.3286
55,36.2014,315.725,35.7498,1583.46,8.72134,68.3666
1641,37.3612,360.247,34.1534,1592.7599999999998,9.64228,68.3751
2871,39.2212,459.9,46.4268,1613.13,11.7258,68.3776
9330,35.5831,295.27,37.6546,1579.1399999999999,8.29804,68.4077
62,39.817,520.821,49.4099,1625.1599999999999,13.0804,68.4235
7759,38.2698,402.205,34.616,1601.4099999999999,10.5097,68.4384
3330,40.5524,582.119,43.2691,1636.8600000000001,14.3548,68.487
2514,39.8796,528.034,48.0704,1626.5499999999997,13.2407,68.5067
5179,40.357,566.034,61.0566,1633.81,14.0257,68.5129
6348,36.7228,334.413,36.3482,1587.38,9.10643,68.5509
9792,36.8718,340.238,39.0934,1588.6,9.22758,68.5565
3679,39.7104,508.277,58.1131,1622.7199999999998,12.7996,68.5598
2286,38.595,418.918,40.6319,1604.83,10.8542,68.5647
7867,39.5634,490.35,48.1992,1619.21,12.394,68.6405
8928,39.5939,494.131,38.409,1619.9499999999998,12.48,68.6644
6613,39.3174,466.819,41.9021,1614.52,11.8731,68.6651
176,38.6486,421.751,39.8522,1605.4099999999999,10.9124,68.6755
4103,39.7624,514.433,51.3795,1623.92,12.9377,68.6902
5226,36.4348,323.858,32.2749,1585.17,8.88869,68.6951
6074,38.4311,410.395,35.864,1603.0899999999997,10.6787,68.7053
1191,39.5291,486.036,41.013,1618.35,12.2957,68.7307
2372,39.3406,468.497,44.4828,1614.8600000000001,11.9087,68.7365
3022,39.411,473.614,47.1613,1615.88,12.0173,68.7595
7804,39.8552,525.235,52.3439,1626.0099999999998,13.1786,68.7717
2747,39.5308,486.256,42.5673,1618.4,12.3007,68.7888
5883,39.1349,453.755,44.868,1611.9,11.5947,68.8002
154,40.1381,548.426,35.529,1630.46,13.6635,68.8137
3253,38.7215,425.639,38.3014,1606.1999999999998,10.9923,68.8942
2353,36.4326,323.778,39.8313,1585.15,8.88706,68.9152
6575,36.1699,314.644,37.389,1583.23,8.69905,68.9346
7892,39.5902,493.68,42.8987,1619.8600000000001,12.4697,68.939
9005,38.4073,409.172,35.9978,1602.8399999999997,10.6535,68.9395
8577,40.2776,559.597,42.7293,1632.5899999999997,13.8935,68.942
6775,38.4601,411.886,36.0691,1603.3899999999999,10.7095,68.9443
7213,39.3936,472.348,39.3365,1615.63,11.9905,68.9917
9315,39.7259,510.115,53.0861,1623.08,12.8409,68.994
8660,40.0597,542.204,47.3411,1629.27,13.5349,69.0074
8464,39.5226,485.211,40.4801,1618.19,12.2768,69.0089
6147,39.954,533.906,49.6324,1627.6799999999998,13.363,69.0115
9253,40.3697,567.062,42.0241,1634.0099999999998,14.0467,69.0268
483,39.4581,477.056,40.4625,1616.5699999999997,12.0902,69.0287
3141,34.5304,264.143,32.1872,1572.48,7.64957,69.047
3279,38.441,410.904,42.7265,1603.19,10.6892,69.0517
9153,39.5373,487.071,48.197,1618.56,12.3193,69.0546
6517,39.7338,511.058,54.5529,1623.27,12.862,69.0667
2782,36.3201,319.833,40.5812,1584.33,8.80593,69.0809
5544,40.5071,578.32,55.5768,1636.1399999999999,14.277,69.0839
9226,39.7414,511.949,50.6235,1623.44,12.882,69.0871
6623,39.6484,500.804,43.4284,1621.2599999999998,12.6311,69.0973
6251,39.3726,470.821,52.9103,1615.3199999999997,11.9581,69.113
1637,38.8701,435.265,47.1159,1608.1599999999999,11.1979,69.1281
8108,40.4927,577.136,59.793,1635.92,14.2528,69.1569
2964,39.7587,514.001,39.3053,1623.8399999999997,12.928,69.163
9192,39.0822,450.037,39.8204,1611.15,11.5151,69.1761
2218,39.479,479.636,46.0698,1617.08,12.1492,69.1839
7563,39.4321,475.157,49.9847,1616.19,12.05,69.1943
597,39.5928,493.994,48.3762,1619.92,12.4769,69.2017
2039,38.4953,413.708,37.4543,1603.7599999999998,10.747,69.2181
348,39.5527,489.003,42.5871,1618.94,12.3633,69.2404
96,40.2821,559.959,56.4815,1632.6599999999999,13.901,69.2432
785,40.3812,567.997,41.4075,1634.19,14.0659,69.2434
5218,37.8927,383.797,37.8985,1597.63,10.1285,69.2726
2473,39.7786,516.33,45.518,1624.29,12.9801,69.2882
1105,39.9427,533.022,43.0958,1627.5099999999998,13.3447,69.2941
6527,38.0907,393.332,43.1861,1599.5899999999997,10.3262,69.3371
1507,39.6455,500.456,49.1496,1621.1999999999998,12.6233,69.3652
8129,38.1161,394.577,35.4708,1599.8399999999997,10.352,69.3718
345,40.3685,566.968,57.32,1633.9899999999998,14.0448,69.4328
3140,38.6456,421.589,43.4155,1605.37,10.9091,69.4671
8939,39.7406,511.857,44.6233,1623.42,12.88,69.4723
452,39.5679,490.902,52.057,1619.31,12.4066,69.4748
8511,38.8246,432.141,44.279,1607.52,11.1306,69.4939
1719,38.4472,411.225,36.7118,1603.2599999999998,10.6958,69.4965
7502,38.2089,399.163,43.1087,1600.79,10.4469,69.4975
3150,40.3593,566.215,52.8905,1633.85,14.0294,69.4988
8817,39.7441,512.272,42.9242,1623.5,12.8893,69.5018
1453,36.1074,312.514,34.2427,1582.79,8.65511,69.5021
4776,39.7975,518.552,43.8126,1624.7199999999998,13.0297,69.5028
5375,37.4377,363.501,36.087,1593.4299999999998,9.7095,69.5179
4869,40.5266,579.929,48.2313,1636.44,14.3099,69.529
5778,39.5929,494.009,45.8401,1619.9299999999998,12.4772,69.533
7165,38.9994,444.225,38.2724,1609.9699999999998,11.3906,69.5529
5583,36.1811,315.026,32.6167,1583.3199999999997,8.70694,69.566
3840,37.5101,366.614,33.6393,1594.08,9.77375,69.6047
9119,39.3869,471.86,44.0825,1615.5299999999997,11.9801,69.6082
4741,39.7509,513.075,46.2592,1623.6599999999999,12.9073,69.6145
9479,36.4356,323.886,30.9511,1585.1799999999998,8.88926,69.662
6516,39.3792,471.3,46.3087,1615.42,11.9682,69.6829
9949,38.6495,421.796,46.1789,1605.42,10.9134,69.6856
1735,39.7937,518.108,46.8304,1624.6399999999999,13.0198,69.7102
3777,39.6937,506.277,42.4384,1622.33,12.7546,69.7393
5095,39.4475,476.285,52.7302,1616.4099999999999,12.0739,69.7701
6105,39.8268,521.958,54.1434,1625.38,13.1057,69.7765
8187,37.8318,380.918,39.7776,1597.0299999999997,10.0687,69.778
8421,36.4446,324.205,35.3256,1585.2399999999998,8.89582,69.7858
5956,40.2305,555.808,56.877,1631.87,13.8156,69.7879
995,35.5557,294.399,39.9021,1578.96,8.27994,69.7885
9975,36.0734,311.361,32.5491,1582.54,8.63131,69.7919
3824,37.6597,373.147,46.535,1595.4299999999998,9.9084,69.8084
8483,37.4036,362.049,39.1801,1593.13,9.6795,69.827
8146,39.3589,469.824,42.8534,1615.12,11.9369,69.8271
7588,39.4364,475.469,43.9559,1616.25,12.0566,69.849
7192,39.8303,522.359,50.0684,1625.46,13.1146,69.8647
9880,37.6129,371.09,40.4292,1595.0,9.86602,69.8666
6942,39.5964,494.44,42.9894,1620.0099999999998,12.487,69.8731
9274,40.6499,590.597,45.6168,1638.4499999999998,14.5288,69.8887
5052,39.4992,482.233,46.0725,1617.6,12.2087,69.8892
542,37.6373,372.163,39.9252,1595.2199999999998,9.88814,69.8903
5853,39.7211,509.545,48.0638,1622.9699999999998,12.8281,69.9077
5019,38.6543,422.055,49.3827,1605.4699999999998,10.9187,69.9098
436,39.6401,499.805,51.6747,1621.0699999999997,12.6086,69.917
5049,35.3293,287.314,30.9687,1577.4499999999998,8.13246,69.9174
4811,35.7942,302.078,37.0755,1580.58,8.4393,69.9186
103,39.7893,517.583,42.7501,1624.5299999999997,13.0081,69.9245
7730,39.113,452.207,39.0303,1611.58,11.5615,69.9555
3259,39.7228,509.748,49.2372,1623.0099999999998,12.8326,69.9937
4144,39.8324,522.6,44.5262,1625.5099999999998,13.12,69.9996
9064,39.504,482.844,45.6969,1617.7199999999998,12.2227,70.0186
2235,35.8494,303.89,37.0455,1580.9699999999998,8.47685,70.0367
155,39.3153,466.663,51.9723,1614.4899999999998,11.8698,70.0418
5271,39.9943,537.057,54.8575,1628.29,13.4284,70.0494
1246,36.1805,315.007,41.3956,1583.31,8.70653,70.0881
6556,39.9295,531.993,49.3935,1627.31,13.3233,70.0962
6166,36.8277,338.501,37.8094,1588.23,9.19148,70.1001
9118,40.0723,543.202,48.8658,1629.46,13.5556,70.1283
3715,39.0288,446.284,40.7002,1610.3899999999999,11.4347,70.1448
8047,40.4424,572.999,54.074,1635.13,14.1683,70.1448
7834,38.0342,390.584,35.9205,1599.02,10.2693,70.1726
8866,40.0112,538.389,48.752,1628.54,13.456,70.1872
5270,40.3611,566.366,64.4317,1633.88,14.0325,70.1885
3495,38.2136,399.394,48.1329,1600.83,10.4516,70.1943
1808,37.4262,363.009,35.0151,1593.33,9.69933,70.2026
6646,40.4378,572.624,42.4087,1635.06,14.1606,70.218
4280,43.7916,956.056,69.2556,1703.13,21.832,70.236
9073,40.2144,554.515,53.7383,1631.62,13.789,70.3143
5847,39.1588,455.455,48.7123,1612.2399999999998,11.631,70.3229
3973,39.4393,475.68,45.6536,1616.29,12.0611,70.3362
5048,38.8223,431.984,44.7826,1607.4899999999998,11.1272,70.3554
2200,39.1259,453.121,42.6305,1611.77,11.5811,70.3621
2516,39.7072,507.885,42.291,1622.65,12.7908,70.3643
3547,37.069,348.134,35.2006,1590.2399999999998,9.39152,70.3677
844,40.8713,610.139,55.5013,1642.12,14.9283,70.3704
7141,39.5682,490.948,41.2659,1619.3199999999997,12.4076,70.372
7819,39.8185,520.991,42.3205,1625.19,13.0842,70.3764
7858,37.3988,361.841,37.8441,1593.0899999999997,9.67522,70.387
1107,39.9701,535.168,48.7765,1627.92,13.3892,70.3992
8344,39.5903,493.687,44.8351,1619.8600000000001,12.4699,70.4006
7903,39.6041,495.392,45.2249,1620.1999999999998,12.5086,70.4088
612,39.8326,522.62,52.6599,1625.5099999999998,13.1204,70.4226
6903,38.8037,430.71,33.9697,1607.23,11.0997,70.4316
4626,37.7486,377.099,44.2861,1596.2399999999998,9.98973,70.4621
2376,39.4371,475.522,55.3219,1616.2599999999998,12.0577,70.4664
5405,40.1134,546.458,55.3869,1630.0899999999997,13.6228,70.4802
9798,39.6633,502.61,49.7512,1621.62,12.6719,70.5049
3339,40.4812,576.186,56.3171,1635.7399999999998,14.2334,70.5168
9461,39.7111,508.35,47.7693,1622.7399999999998,12.8012,70.5212
3813,38.6316,420.849,49.4894,1605.2199999999998,10.8939,70.6132
1288,39.5956,494.338,45.7586,1619.9899999999998,12.4847,70.6173
1424,39.5711,491.31,57.8115,1619.4,12.4159,70.6204
1067,39.6684,503.232,44.045,1621.7399999999998,12.686,70.6273
1062,38.3445,405.976,31.7808,1602.1799999999998,10.5876,70.6294
2081,38.7669,428.205,46.4373,1606.7199999999998,11.0456,70.6747
4044,39.98,535.942,54.1502,1628.0699999999997,13.4052,70.6815
490,39.2639,462.964,38.3631,1613.75,11.7911,70.6897
9298,38.7401,426.635,43.9266,1606.4,11.0128,70.7153
9653,39.7332,510.985,52.1445,1623.25,12.8604,70.732
8231,39.7374,511.484,52.3591,1623.35,12.8716,70.7323
5790,39.5527,489.002,40.1785,1618.94,12.3633,70.7987
6378,36.7788,336.589,37.7579,1587.83,9.1517,70.8037
9769,37.818,380.27,41.2182,1596.9,10.0553,70.8085
9275,39.4084,473.427,44.7509,1615.8399999999997,12.0133,70.8539
2855,39.8964,529.418,47.7334,1626.8199999999997,13.2698,70.8637
4201,39.9657,534.823,47.568,1627.8600000000001,13.382,70.8666
4670,36.8686,340.109,40.6128,1588.5699999999997,9.2249,70.8677
4824,37.6312,371.891,39.8407,1595.17,9.88254,70.8716
5650,38.2711,402.267,35.4513,1601.42,10.511,70.8901
9308,39.8137,520.432,42.4598,1625.0899999999997,13.0717,70.8925
1175,39.1189,452.625,51.6328,1611.67,11.5705,70.9217
1122,39.1292,453.352,43.5636,1611.8199999999997,11.586,70.9219
8591,39.4784,479.557,45.4313,1617.06,12.1473,70.9533
8244,39.8098,519.982,43.1026,1625.0,13.0616,70.9733
9112,39.5362,486.931,47.7394,1618.5299999999997,12.3161,71.0154
9086,36.3811,321.967,34.3547,1584.77,8.84982,71.0169
1625,39.5172,484.53,46.814,1618.0499999999997,12.2612,71.0348
107,39.7227,509.74,51.5452,1623.0099999999998,12.8325,71.0354
6281,39.5717,491.382,41.9548,1619.4099999999999,12.4175,71.0452
3257,39.7814,516.666,45.1346,1624.3600000000001,12.9876,71.1211
9372,39.513,483.999,44.8718,1617.9499999999998,12.2491,71.1248
9454,39.8196,521.123,47.638,1625.2199999999998,13.0871,71.1267
2142,40.6817,593.376,61.1147,1638.98,14.5858,71.1345
4517,38.2671,402.07,35.1971,1601.38,10.5069,71.1445
9416,38.8934,436.87,47.1973,1608.48,11.2325,71.1874
808,39.7221,509.663,43.7494,1623.0,12.8307,71.221
4334,38.353,406.404,44.2703,1602.27,10.5964,71.2338
2670,39.7299,510.591,47.071,1623.1799999999998,12.8516,71.2434
9555,39.5619,490.155,39.9163,1619.17,12.3896,71.2555
3388,39.5152,484.276,47.5057,1618.0,12.2554,71.2825
5370,37.3862,361.308,41.468,1592.98,9.6642,71.2998
4327,39.693,506.189,53.5219,1622.3199999999997,12.7526,71.3043
3244,40.4893,576.852,50.0998,1635.8600000000001,14.247,71.3222
8299,37.4589,364.408,40.9168,1593.62,9.72823,71.3345
5812,39.6809,504.743,42.8513,1622.0299999999997,12.72,71.3374
4900,39.6463,500.553,39.8423,1621.21,12.6255,71.3655
4602,40.1794,551.716,54.482,1631.0899999999997,13.7313,71.3723
1280,40.2442,556.909,41.9671,1632.08,13.8383,71.3772
6031,39.3963,472.54,40.385,1615.67,11.9945,71.3843
3774,39.6089,495.979,47.5762,1620.3199999999997,12.5219,71.4077
6917,39.8199,521.158,55.0906,1625.23,13.0879,71.4155
4674,39.8153,520.62,52.9251,1625.12,13.0759,71.4535
889,37.5626,368.893,35.4331,1594.5499999999997,9.82075,71.4757
2277,36.9047,341.538,38.4475,1588.87,9.2546,71.4902
2966,37.9033,384.301,36.7505,1597.73,10.139,71.5604
2271,40.7101,595.863,50.5577,1639.44,14.6368,71.5914
5595,38.2599,401.706,39.8978,1601.31,10.4994,71.6148
1606,38.134,395.457,38.2226,1600.02,10.3702,71.6299
7999,40.4529,573.86,47.9845,1635.2999999999997,14.1859,71.6528
6804,37.9422,386.154,42.6941,1598.1100000000001,10.1774,71.6541
4480,39.5081,483.374,43.9906,1617.8199999999997,12.2348,71.6543
8698,39.9975,537.311,50.1344,1628.33,13.4336,71.6572
4488,39.4007,472.866,45.3228,1615.73,12.0015,71.6769
2580,40.5248,579.778,43.8641,1636.42,14.3068,71.6772
1198,40.5375,580.831,57.656,1636.6100000000001,14.3283,71.6802
8416,39.6039,495.372,51.9097,1620.1999999999998,12.5082,71.6932
2994,39.5541,489.186,47.5865,1618.98,12.3675,71.7042
5520,38.4713,412.465,45.0649,1603.5099999999998,10.7214,71.7116
7698,39.567,490.795,53.3169,1619.29,12.4041,71.7207
5577,39.4078,473.378,52.8987,1615.83,12.0123,71.7525
1713,39.6129,496.478,48.5541,1620.4099999999999,12.5332,71.7555
9894,38.8019,430.586,43.3815,1607.21,11.0971,71.756
9256,39.7209,509.516,43.4907,1622.9699999999998,12.8274,71.7688
9923,39.5199,484.864,42.4306,1618.12,12.2689,71.777
7989,37.8438,381.485,47.024,1597.15,10.0805,71.7804
1570,40.6293,588.799,46.5467,1638.12,14.492,71.787
4355,39.8788,527.948,46.3687,1626.54,13.2388,71.795
3178,39.8083,519.806,52.272,1624.9699999999998,13.0577,71.7976
2208,37.9212,385.152,35.6611,1597.9099999999999,10.1566,71.8126
4835,37.6048,370.737,41.1333,1594.9299999999998,9.85875,71.8381
7481,37.7458,376.97,33.7165,1596.2199999999998,9.98707,71.8469
3130,37.2651,356.21,35.5165,1591.92,9.55879,71.8924
8177,37.4316,363.241,37.7302,1593.38,9.70412,71.9145
2857,37.6375,372.17,38.8394,1595.23,9.88828,71.9148
9418,40.383,568.15,56.7085,1634.2199999999998,14.069,71.9154
8935,38.4052,409.065,30.464,1602.81,10.6513,71.9227
4484,39.5197,484.838,45.2384,1618.1100000000001,12.2683,71.9239
5446,37.9813,388.028,38.6944,1598.5,10.2163,71.9253
4814,40.3131,562.466,45.1091,1633.1399999999999,13.9525,71.9314
9527,40.1844,552.116,47.4367,1631.17,13.7396,71.9522
7755,39.4076,473.365,44.6947,1615.83,12.012,71.9599
6944,39.8487,524.481,49.3483,1625.87,13.1618,71.9741
5300,40.1738,551.265,45.9907,1631.0,13.722,71.991
5752,39.0328,446.56,46.9308,1610.4499999999998,11.4406,72.0123
1824,35.1136,280.813,34.7437,1576.0699999999997,7.99728,72.0235
9866,37.532,367.562,40.1968,1594.27,9.79331,72.0249
1512,38.9915,443.675,44.2689,1609.8600000000001,11.3788,72.0478
1034,40.6249,588.417,51.6024,1638.04,14.4841,72.0676
4223,35.1412,281.623,29.5961,1576.2399999999998,8.01404,72.0717
4952,39.5011,482.473,47.9615,1617.65,12.2142,72.1131
53,39.6628,502.553,48.2414,1621.6100000000001,12.6706,72.1301
4927,37.2964,357.519,38.1121,1592.19,9.58587,72.1416
3859,39.9764,535.659,42.6165,1628.02,13.3994,72.1569
2668,39.9063,530.189,41.2953,1626.9699999999998,13.2859,72.1711
9345,40.0572,542.011,51.1286,1629.2399999999998,13.5309,72.1732
2716,39.9715,535.277,46.9872,1627.94,13.3915,72.1875
8915,37.221,354.371,34.464,1591.54,9.52074,72.1984
8339,40.056,541.914,45.5778,1629.2199999999998,13.5289,72.2002
3513,39.9763,535.647,43.5719,1628.02,13.3991,72.2011
146,34.6285,266.889,30.8666,1573.0699999999997,7.70722,72.2184
9576,38.7946,430.09,43.4202,1607.1100000000001,11.0863,72.2222
2143,39.77,515.326,39.5944,1624.1,12.9577,72.2243
6084,38.6265,420.578,43.5712,1605.17,10.8883,72.2559
9547,39.8497,524.599,43.9915,1625.8899999999999,13.1644,72.2704
8447,37.608,370.874,48.8195,1594.96,9.86157,72.2779
9827,40.1357,548.232,49.3986,1630.4299999999998,13.6594,72.2787
314,40.4738,575.576,46.0197,1635.62,14.221,72.279
6007,38.8563,434.316,43.5099,1607.9699999999998,11.1775,72.287
7118,39.605,495.506,39.1377,1620.2199999999998,12.5112,72.3289
2667,40.0684,542.891,49.3754,1629.4,13.5491,72.3304
4266,40.3563,565.97,47.6766,1633.7999999999997,14.0243,72.3465
1146,38.9955,443.955,40.7013,1609.92,11.3848,72.3657
2211,40.1381,548.426,57.0544,1630.46,13.6635,72.3928
425,35.9617,307.61,33.8783,1581.75,8.55382,72.3984
944,39.7205,509.475,41.4737,1622.96,12.8265,72.4148
1883,38.5101,414.477,37.3794,1603.92,10.7628,72.4572
5291,37.3893,361.439,44.0525,1593.0,9.6669,72.4597
1889,39.8355,522.966,50.5992,1625.58,13.1281,72.466
6435,39.5406,487.485,54.5451,1618.6399999999999,12.3287,72.4777
2844,38.0391,390.821,50.1497,1599.0699999999997,10.2742,72.5008
4771,39.5214,485.063,46.5681,1618.1599999999999,12.2734,72.524
1619,39.7859,517.188,49.5059,1624.46,12.9993,72.5307
178,40.084,544.128,56.4337,1629.6399999999999,13.5747,72.5412
2249,40.0478,541.265,47.2844,1629.0899999999997,13.5155,72.5414
5217,38.7849,429.43,42.9811,1606.9699999999998,11.0721,72.5779
1241,40.0268,539.613,47.0013,1628.7799999999997,13.4813,72.594
5502,37.8239,380.549,39.0454,1596.96,10.0611,72.6276
814,39.3215,467.112,41.2053,1614.58,11.8793,72.6403
9918,39.5138,484.1,42.8378,1617.9699999999998,12.2514,72.6501
7101,40.2865,560.315,51.2062,1632.73,13.9083,72.6585
8044,39.7994,518.766,56.1376,1624.7599999999998,13.0345,72.6715
2708,35.9992,308.863,35.7806,1582.02,8.57972,72.6795
1709,35.4848,292.159,31.6499,1578.48,8.23335,72.7031
673,40.2693,558.935,55.9273,1632.4699999999998,13.8799,72.7063
9010,37.3795,361.024,41.7173,1592.92,9.65834,72.7364
6321,40.0375,540.454,43.1957,1628.94,13.4987,72.7477
9533,39.7469,512.607,46.1125,1623.5699999999997,12.8968,72.7625
7094,39.0454,447.449,48.3958,1610.62,11.4597,72.7645
4207,39.647,500.639,48.8787,1621.23,12.6274,72.7667
1714,40.0408,540.718,46.5179,1628.9899999999998,13.5042,72.7875
564,39.8025,519.125,59.8113,1624.83,13.0425,72.7945
7199,36.5766,328.912,43.5151,1586.23,8.99242,72.7988
4860,39.9355,532.464,49.3853,1627.4,13.3331,72.8023
6120,40.734,597.97,58.078,1639.8399999999997,14.6799,72.81
5376,36.7323,334.783,30.85,1587.46,9.11412,72.8319
6363,39.0077,444.807,43.3954,1610.0899999999997,11.4031,72.8402
68,39.5323,486.439,48.4372,1618.4299999999998,12.3049,72.8447
2732,39.2042,458.684,49.4743,1612.8899999999999,11.6999,72.8485
3218,39.7122,508.482,46.1507,1622.7599999999998,12.8042,72.8646
8748,39.1318,453.538,35.4513,1611.85,11.59,72.8712
8278,40.2775,559.593,62.9601,1632.5899999999997,13.8934,72.8758
6454,36.1008,312.29,35.8215,1582.7399999999998,8.65049,72.8838
5618,35.4708,291.717,33.262,1578.3899999999999,8.22416,72.8839
2965,39.5829,492.775,37.3799,1619.6799999999998,12.4492,72.8876
3622,39.4475,476.285,45.6741,1616.4099999999999,12.0739,72.894
9313,39.3722,470.788,47.9998,1615.31,11.9574,72.9032
6128,39.4153,473.93,49.2227,1615.94,12.024,72.9273
6592,38.9804,442.901,37.4509,1609.71,11.3621,72.9288
780,32.9153,222.53,29.698,1563.27,6.76069,72.9309
870,42.8513,864.691,64.1319,1687.21,20.1789,72.9463
2217,39.689,505.706,56.5598,1622.2199999999998,12.7417,72.9906
4589,40.0456,541.092,50.6072,1629.06,13.5119,72.9944
419,39.0139,445.241,43.4111,1610.1799999999998,11.4124,73.0193
1178,39.6016,495.082,41.6742,1620.1399999999999,12.5016,73.0224
5609,39.7183,509.216,37.0964,1622.9099999999999,12.8207,73.0613
5610,39.5026,482.661,48.3364,1617.6799999999998,12.2185,73.082
2276,34.6642,267.897,34.6977,1573.29,7.72832,73.0876
3228,39.6288,498.416,44.5443,1620.79,12.5771,73.1025
5672,39.6067,495.71,58.6114,1620.2599999999998,12.5158,73.1201
3064,40.1884,552.431,44.168,1631.23,13.7461,73.124
1196,39.0389,446.988,41.5817,1610.5299999999997,11.4498,73.124
2709,39.8106,520.075,48.5622,1625.02,13.0637,73.1459
8860,37.2576,355.893,36.3261,1591.85,9.55225,73.1485
6735,40.3113,562.326,51.2514,1633.1100000000001,13.9496,73.1488
7882,39.2562,462.406,38.9856,1613.6399999999999,11.7792,73.1519
347,40.7269,597.344,49.9456,1639.7199999999998,14.6671,73.1573
7942,39.604,495.382,58.5202,1620.1999999999998,12.5084,73.1689
4352,37.2749,356.617,42.9446,1592.0,9.56721,73.1861
6460,39.5037,482.813,59.5415,1617.71,12.222,73.2058
5126,39.2594,462.641,60.579,1613.6799999999998,11.7842,73.2215
4512,40.0104,538.328,51.9045,1628.5299999999997,13.4547,73.2238
2215,39.2846,464.451,46.6788,1614.0499999999997,11.8227,73.2403
5915,39.9348,532.405,41.8314,1627.3899999999999,13.3319,73.2452
368,40.0209,539.148,47.7441,1628.69,13.4717,73.2461
2623,38.7674,428.234,43.8025,1606.73,11.0463,73.2774
6397,39.7144,508.744,53.903,1622.8199999999997,12.8101,73.2918
6742,39.9417,532.949,50.8263,1627.5,13.3432,73.3044
8179,39.0427,447.255,42.7401,1610.5899999999997,11.4555,73.3218
7459,39.466,477.955,45.4147,1616.75,12.1106,73.3347
4249,40.053,541.676,60.9376,1629.17,13.524,73.3352
2681,39.5894,493.573,44.9804,1619.8399999999997,12.4673,73.3442
8685,39.793,518.025,45.539,1624.62,13.018,73.3526
1758,39.603,495.262,48.8812,1620.17,12.5056,73.3535
2474,40.4133,570.622,55.4511,1634.6799999999998,14.1196,73.3582
4708,39.2426,461.436,55.2024,1613.44,11.7585,73.3684
3735,37.9479,386.426,28.4407,1598.17,10.1831,73.3688
3202,37.7784,378.431,48.8391,1596.52,10.0171,73.3844
2238,38.0236,390.069,38.834,1598.92,10.2586,73.4072
1765,38.8055,430.835,38.3395,1607.2599999999998,11.1024,73.4553
7117,39.1915,457.784,46.4583,1612.71,11.6807,73.4867
4353,39.2444,461.561,39.401,1613.4699999999998,11.7612,73.4876
7424,38.8255,432.205,41.5644,1607.54,11.132,73.4915
6696,37.3532,359.908,39.0205,1592.69,9.63528,73.5051
465,37.236,354.995,37.4687,1591.67,9.53366,73.5133
6006,39.5939,494.129,38.2959,1619.9499999999998,12.4799,73.5314
951,39.72,509.417,48.2705,1622.9499999999998,12.8252,73.5531
5818,38.898,437.185,38.724,1608.5499999999997,11.2393,73.5564
8086,39.6398,499.762,43.4627,1621.06,12.6076,73.5894
2158,40.45,573.624,53.0778,1635.25,14.1811,73.5966
5072,39.6141,496.617,51.4397,1620.44,12.5364,73.6102
1845,44.2833,1004.87,76.1636,1711.9499999999998,22.6918,73.637
1782,38.1104,394.3,40.2493,1599.79,10.3463,73.6748
5312,39.9061,530.175,62.0113,1626.96,13.2856,73.6759
3811,39.4024,472.985,51.278,1615.75,12.004,73.6846
1751,36.625,330.659,35.8962,1586.5899999999997,9.02822,73.696
9476,38.9348,439.731,42.1173,1609.06,11.294,73.7147
370,38.3453,406.013,39.9878,1602.19,10.5883,73.73
2045,36.1679,314.574,35.0798,1583.2199999999998,8.69761,73.7631
4637,38.771,428.48,34.6777,1606.7799999999997,11.0516,73.8014
8746,39.6039,495.366,40.9077,1620.19,12.508,73.8103
2490,40.7012,595.084,52.2147,1639.2999999999997,14.6208,73.8207
558,39.7023,507.3,56.4356,1622.5299999999997,12.7776,73.8213
2785,37.2861,357.087,52.7447,1592.1,9.57694,73.8495
6470,40.259,558.103,47.2571,1632.31,13.8628,73.853
8410,38.4346,410.573,38.4778,1603.12,10.6824,73.8568
7706,39.8101,520.012,48.2354,1625.0,13.0623,73.8581
3500,39.024,445.946,37.3394,1610.3199999999997,11.4275,73.874
8868,39.1555,455.218,47.3665,1612.19,11.6259,73.8765
5949,36.1791,314.959,35.0313,1583.2999999999997,8.70555,73.8866
8570,39.9367,532.559,43.3411,1627.42,13.3351,73.8873
3649,39.9722,535.329,54.8136,1627.9499999999998,13.3925,73.8902
4071,40.4055,569.981,59.4925,1634.56,14.1065,73.914
3819,39.3393,468.398,45.0256,1614.8399999999997,11.9066,73.9272
8755,39.3048,465.905,47.0273,1614.3399999999997,11.8537,73.9354
6114,39.5635,490.362,47.5244,1619.21,12.3943,73.9535
7336,40.1052,545.812,64.9784,1629.96,13.6095,73.959
3213,39.6223,497.625,40.8568,1620.6399999999999,12.5592,73.9758
2496,39.33,467.726,48.2744,1614.6999999999998,11.8924,73.9784
6576,39.023,445.878,45.6312,1610.31,11.426,74.0044
7182,39.7471,512.627,41.3097,1623.5699999999997,12.8972,74.008
2043,39.7209,509.525,44.2562,1622.9699999999998,12.8276,74.0174
5414,37.986,388.254,41.8139,1598.54,10.221,74.0199
6889,40.3964,569.238,50.3955,1634.42,14.0913,74.0373
1508,37.8887,383.608,46.2521,1597.5899999999997,10.1246,74.0462
1087,40.1298,547.765,44.1368,1630.3399999999997,13.6498,74.0525
2261,39.3772,471.149,51.4601,1615.3899999999999,11.965,74.07
1909,36.8871,340.84,34.7427,1588.7199999999998,9.24011,74.0761
7219,36.8143,337.976,40.7239,1588.12,9.18055,74.0847
2265,39.5581,489.679,52.7159,1619.0699999999997,12.3787,74.0864
7152,39.8476,524.361,57.2223,1625.85,13.1592,74.09
4371,37.9873,388.32,43.8684,1598.56,10.2224,74.0995
7630,35.3179,286.962,35.2181,1577.38,8.12512,74.101
1783,34.7402,270.045,36.6319,1573.75,7.77329,74.105
3374,39.9338,532.331,54.5562,1627.38,13.3303,74.122
9123,39.3676,470.452,45.6583,1615.25,11.9502,74.1239
3337,39.674,503.907,42.4301,1621.87,12.7012,74.1268
4859,36.2848,318.603,40.2697,1584.0699999999997,8.78063,74.1296
920,39.8123,520.269,52.7096,1625.0499999999997,13.0681,74.1443
7303,34.8172,272.24,37.3663,1574.23,7.81912,74.1494
4036,39.5526,488.995,38.6401,1618.94,12.3631,74.156
21,40.1879,552.399,55.4409,1631.2199999999998,13.7454,74.1735
3716,39.795,518.254,47.0894,1624.6599999999999,13.0231,74.1898
1994,39.621,497.462,50.1967,1620.6100000000001,12.5555,74.2149
2657,39.3145,466.611,45.6269,1614.48,11.8687,74.2678
7157,39.812,520.234,48.7907,1625.0499999999997,13.0673,74.2735
1716,39.3719,470.767,45.5378,1615.31,11.9569,74.291
6995,38.7079,424.907,39.6338,1606.0499999999997,10.9773,74.2957
7891,40.2826,560.003,55.1964,1632.67,13.9019,74.3083
9403,38.2691,402.167,40.5211,1601.4,10.5089,74.3115
5380,35.6117,296.181,41.8599,1579.33,8.31696,74.3333
6101,39.8319,522.544,45.5951,1625.4899999999998,13.1187,74.3419
4536,38.4125,409.441,45.9487,1602.8899999999999,10.6591,74.3579
7593,39.7541,513.46,50.8383,1623.73,12.9159,74.3644
3882,39.5659,490.65,43.5038,1619.2599999999998,12.4008,74.3804
3369,40.5853,584.969,51.7438,1637.4,14.4133,74.4032
4105,38.793,429.979,49.4098,1607.08,11.0839,74.4113
1650,39.9548,533.968,46.6942,1627.69,13.3643,74.422
7353,39.4827,480.111,51.6063,1617.1799999999998,12.16,74.4259
7021,38.7498,427.157,37.3921,1606.5099999999998,11.0235,74.4369
9708,39.4788,479.614,59.7726,1617.08,12.1487,74.446
6686,39.0655,448.857,46.1646,1610.9099999999999,11.4899,74.4698
2106,41.1961,644.28,65.5138,1648.46,15.6393,74.5071
186,39.5096,483.555,50.5195,1617.8600000000001,12.2389,74.5421
9501,38.368,407.169,38.5864,1602.4299999999998,10.6122,74.5477
2319,40.266,558.668,50.5056,1632.4099999999999,13.8744,74.5649
3093,40.5035,578.028,50.4231,1636.0899999999997,14.271,74.5664
4563,39.5838,492.877,42.1042,1619.6999999999998,12.4515,74.578
2084,39.7953,518.291,41.6837,1624.67,13.0239,74.5818
1233,38.1689,397.178,53.3868,1600.38,10.4058,74.584
6489,40.2088,554.07,53.7833,1631.54,13.7798,74.594
7821,35.5395,293.886,33.3143,1578.85,8.26927,74.5955
2280,38.9983,444.153,54.9656,1609.96,11.389,74.6123
36,39.4645,477.766,48.5186,1616.71,12.1062,74.6146
8831,39.5824,492.71,40.0251,1619.67,12.4477,74.631
496,40.1794,551.717,53.8279,1631.0899999999997,13.7313,74.6502
7545,39.8261,521.877,42.5696,1625.37,13.1039,74.66
2116,39.7075,507.924,65.4911,1622.6599999999999,12.7916,74.6818
6521,38.7074,424.883,42.5712,1606.0499999999997,10.9768,74.6847
4681,38.4073,409.172,47.9573,1602.8399999999997,10.6535,74.7355
5066,40.4298,571.968,51.8006,1634.94,14.1472,74.7752
4655,38.6079,419.6,39.7757,1604.9699999999998,10.8682,74.7753
8774,39.6355,499.237,44.5874,1620.96,12.5957,74.7802
6041,39.3807,471.407,45.8015,1615.44,11.9705,74.7821
353,39.786,517.202,51.0011,1624.46,12.9996,74.7871
9474,39.6896,505.788,45.5459,1622.2399999999998,12.7436,74.7874
6392,39.621,497.471,42.8533,1620.6100000000001,12.5557,74.8053
5058,40.6727,592.585,51.946,1638.83,14.5696,74.8073
3302,39.6997,506.988,38.5425,1622.4699999999998,12.7706,74.8371
9109,39.4708,478.575,60.1823,1616.87,12.1248,74.8406
8952,36.7866,336.892,39.1426,1587.9,9.158,74.8563
6719,39.3324,467.903,55.7969,1614.7399999999998,11.8961,74.8799
5150,39.8383,523.29,52.6132,1625.6399999999999,13.1353,74.8987
3013,40.4123,570.539,49.0843,1634.67,14.118,74.9031
3544,38.1116,394.355,38.7259,1599.7999999999997,10.3474,74.9325
7538,40.1584,550.038,57.9689,1630.77,13.6967,74.9477
6218,39.728,510.372,50.006,1623.13,12.8466,74.9507
2940,39.3464,468.913,36.1964,1614.94,11.9176,74.962
3466,40.1629,550.402,45.2944,1630.8399999999997,13.7042,74.9801
7286,40.1207,547.037,52.2888,1630.1999999999998,13.6348,74.9934
5442,40.5431,581.318,59.0544,1636.71,14.3383,75.0047
7776,40.3287,563.733,47.0511,1633.38,13.9785,75.0104
540,37.5532,368.485,39.3607,1594.46,9.81233,75.0435
592,40.4874,576.701,58.2856,1635.83,14.244,75.0644
5829,39.6815,504.803,54.0848,1622.0499999999997,12.7214,75.0736
4286,39.9488,533.5,54.3016,1627.6,13.3546,75.0874
6383,39.3566,469.659,56.579,1615.0899999999997,11.9334,75.0973
4377,39.3809,471.419,50.0036,1615.44,11.9708,75.0997
7466,37.9585,386.936,42.9727,1598.27,10.1937,75.1121
1131,39.1557,455.237,44.3273,1612.19,11.6263,75.136
8292,39.4302,475.014,50.6485,1616.1599999999999,12.047,75.1374
3164,39.3772,471.15,45.549,1615.3899999999999,11.9651,75.1525
3292,37.7891,378.913,46.217,1596.62,10.0271,75.1581
3583,38.7699,428.407,46.1841,1606.7599999999998,11.05,75.1622
8440,39.7315,510.781,44.3503,1623.21,12.8558,75.1729
536,39.5797,492.379,45.2101,1619.6100000000001,12.4402,75.2067
7827,39.5829,492.776,47.637,1619.6799999999998,12.4492,75.2527
8620,39.2672,463.202,48.3536,1613.7999999999997,11.7962,75.265
5390,40.5581,582.618,59.7411,1636.9499999999998,14.365,75.2802
6928,38.7782,428.974,47.6834,1606.88,11.0622,75.2829
7516,39.5142,484.146,44.7403,1617.98,12.2525,75.304
6214,39.6076,495.824,45.2212,1620.2799999999997,12.5184,75.3274
5861,39.702,507.266,56.3583,1622.5299999999997,12.7768,75.3742
8962,40.457,574.2,57.5707,1635.3600000000001,14.1929,75.3797
8427,38.4274,410.204,38.8995,1603.0499999999997,10.6748,75.3904
8026,37.9896,388.428,38.3738,1598.58,10.2246,75.4422
9244,40.2738,559.292,50.5735,1632.5299999999997,13.8872,75.445
1066,34.3217,258.377,39.4785,1571.23,7.52808,75.4509
3939,39.5312,486.304,56.3714,1618.4099999999999,12.3018,75.4797
6083,37.2628,356.112,39.2151,1591.9,9.55677,75.4859
7061,39.8237,521.589,43.6987,1625.31,13.0975,75.5062
4967,37.815,380.129,45.4422,1596.87,10.0523,75.536
5630,39.9582,534.233,55.6288,1627.7399999999998,13.3698,75.5424
7608,38.7224,425.683,45.2999,1606.21,10.9932,75.6296
7243,38.5172,414.849,43.7628,1604.0,10.7705,75.6435
7971,40.3801,567.908,49.4187,1634.17,14.0641,75.6598
3333,39.286,464.555,47.0433,1614.0699999999997,11.8249,75.6634
8267,39.5714,491.345,51.4527,1619.4,12.4167,75.6842
2873,41.3415,667.895,50.4172,1652.7799999999997,16.1555,75.7001
6369,40.1061,545.883,54.5122,1629.98,13.611,75.7167
1938,38.4656,412.175,46.7803,1603.4499999999998,10.7154,75.7204
6713,39.609,495.99,40.8514,1620.3199999999997,12.5222,75.7564
7924,38.6497,421.806,48.0582,1605.42,10.9136,75.8122
8743,37.4301,363.177,39.5564,1593.3600000000001,9.70281,75.8513
1588,38.335,405.493,39.0938,1602.08,10.5776,75.8587
7390,39.8381,523.259,45.897,1625.63,13.1347,75.9171
3892,39.2025,458.563,51.7792,1612.8600000000001,11.6973,75.9406
3562,39.696,506.554,54.0053,1622.3899999999999,12.7608,75.9449
6609,40.6023,586.45,50.3633,1637.67,14.4437,75.9519
8348,40.0407,540.705,49.0118,1628.9899999999998,13.5039,75.953
1966,41.6442,721.562,69.5643,1662.37,17.3269,75.9587
7026,36.7531,335.587,34.4649,1587.62,9.13085,75.9703
8236,37.3964,361.741,32.3172,1593.0699999999997,9.67316,75.9899
7978,39.5552,489.318,48.8722,1619.0,12.3705,76.016
5950,38.0998,393.781,40.5303,1599.6799999999998,10.3355,76.0233
2733,36.918,342.067,35.2489,1588.98,9.2656,76.0365
2707,38.6345,421.005,37.9343,1605.25,10.8971,76.0558
5341,36.5906,329.417,39.0897,1586.3399999999997,9.00278,76.0632
2829,36.2632,317.855,39.9042,1583.9099999999999,8.76522,76.0644
4640,39.7567,513.757,54.5414,1623.79,12.9225,76.0706
8694,38.936,439.815,42.1112,1609.08,11.2959,76.0852
8856,39.0975,451.109,44.6909,1611.3600000000001,11.5381,76.1168
5488,38.7187,425.486,37.2142,1606.17,10.9892,76.1492
7750,36.5919,329.464,38.5876,1586.3399999999997,9.00373,76.1551
4840,37.1267,350.488,38.9799,1590.73,9.44032,76.1704
2521,40.0937,544.899,52.0877,1629.79,13.5906,76.1917
5944,39.445,476.099,50.6214,1616.38,12.07,76.2084
572,38.9765,442.63,50.8341,1609.65,11.3563,76.2093
3370,40.7571,600.004,56.4848,1640.2199999999998,14.7215,76.2118
1947,39.7398,511.764,50.7427,1623.4,12.8779,76.2132
8889,37.107,349.682,38.7662,1590.56,9.42361,76.2145
6991,39.3529,469.388,43.6672,1615.0299999999997,11.9277,76.227
1715,38.9434,440.329,47.5697,1609.1799999999998,11.3069,76.2436
6632,39.8482,524.423,46.877,1625.8600000000001,13.1605,76.2488
6940,38.9808,442.932,40.3872,1609.71,11.3628,76.2555
69,39.2928,465.039,41.9308,1614.1599999999999,11.8352,76.266
7055,39.5592,489.818,44.8342,1619.1,12.3819,76.2767
5811,39.5622,490.197,45.3698,1619.1799999999998,12.3905,76.287
8043,39.1194,452.657,52.5764,1611.6799999999998,11.5712,76.3057
6631,36.9803,344.556,41.5783,1589.5,9.31727,76.3062
2264,40.086,544.285,52.6433,1629.67,13.5779,76.3355
9731,40.28,559.797,57.4217,1632.63,13.8976,76.3392
7368,40.1793,551.709,49.5062,1631.0899999999997,13.7312,76.3493
7897,39.6782,504.412,47.5374,1621.9699999999998,12.7126,76.3713
1529,39.9416,532.933,51.0739,1627.4899999999998,13.3428,76.3932
1727,39.4604,477.23,41.4163,1616.6,12.0939,76.3938
846,39.6685,503.237,48.1471,1621.7399999999998,12.6861,76.4114
2718,39.3138,466.559,56.671,1614.4699999999998,11.8675,76.4694
6072,38.8548,434.21,52.7074,1607.94,11.1752,76.4694
9609,40.6618,591.63,51.7547,1638.65,14.55,76.4831
14,39.689,505.708,48.6255,1622.2199999999998,12.7418,76.4935
2175,40.0476,541.256,56.0921,1629.0899999999997,13.5153,76.5002
6063,40.6335,589.164,66.799,1638.19,14.4995,76.5264
2041,39.8253,521.776,54.1254,1625.35,13.1016,76.5505
5674,39.3684,470.509,59.7606,1615.2599999999998,11.9515,76.5666
7693,40.1764,551.479,45.6751,1631.04,13.7264,76.5772
5983,39.6436,500.226,48.1575,1621.15,12.6181,76.5819
1177,40.0237,539.369,57.8855,1628.73,13.4762,76.6225
2051,39.7885,517.493,45.3331,1624.52,13.0061,76.6412
987,37.7542,377.347,46.7171,1596.2999999999997,9.99484,76.6522
4110,39.1901,457.681,41.828,1612.69,11.6785,76.6545
5856,39.9833,536.201,46.3969,1628.12,13.4106,76.6748
8852,40.1632,550.421,44.5018,1630.8399999999997,13.7046,76.6768
7662,39.7721,515.571,46.1508,1624.1399999999999,12.9631,76.6827
4324,39.6754,504.078,40.747,1621.9,12.705,76.6978
8388,38.5092,414.433,46.88,1603.9099999999999,10.7619,76.7096
5074,40.4189,571.076,51.5095,1634.77,14.1289,76.7241
8120,39.7728,515.654,54.3326,1624.1599999999999,12.965,76.7352
3165,41.5982,712.799,56.2489,1660.83,17.1353,76.7379
5208,40.9464,616.874,65.6939,1643.38,15.0654,76.7577
8186,34.5251,263.996,43.8507,1572.4499999999998,7.6465,76.7648
5880,39.7978,518.584,46.2882,1624.73,13.0305,76.7762
7764,40.1386,548.465,44.2157,1630.4699999999998,13.6643,76.7813
7145,39.8734,527.327,45.7862,1626.42,13.225,76.7833
8792,39.8098,519.983,46.6588,1625.0,13.0617,76.7908
9961,40.4947,577.302,55.1465,1635.9499999999998,14.2562,76.7982
9651,39.4991,482.224,46.3544,1617.6,12.2085,76.7994
6476,38.9919,443.702,40.1187,1609.87,11.3794,76.8027
9497,40.3467,565.197,51.7853,1633.6599999999999,14.0085,76.8506
3748,40.8917,611.968,60.9372,1642.46,14.9656,76.8602
3237,38.8167,431.601,44.2034,1607.4099999999999,11.1189,76.8662
2938,39.4913,481.218,41.4232,1617.4,12.1854,76.9081
9713,41.1427,635.135,57.0019,1646.77,15.4374,76.9128
3262,40.2032,553.62,46.6132,1631.4499999999998,13.7705,76.921
2438,39.2798,464.105,50.5882,1613.98,11.8154,76.9223
1763,39.05,447.771,46.9269,1610.69,11.4666,76.9291
8975,38.994,443.851,44.2646,1609.9,11.3825,76.9718
969,39.5023,482.634,44.1906,1617.6799999999998,12.2179,76.9736
8106,37.3315,358.993,38.9714,1592.5,9.61635,76.9822
6093,39.5663,490.704,45.7118,1619.2799999999997,12.4021,76.987
3799,39.0691,449.112,49.4094,1610.96,11.4953,77.0002
3371,40.8084,604.54,59.773,1641.0699999999997,14.8141,77.0028
2435,39.8973,529.492,51.4924,1626.83,13.2714,77.0115
1829,39.5713,491.331,47.1127,1619.4,12.4163,77.0334
2893,39.7361,511.322,51.5863,1623.3199999999997,12.868,77.0342
3752,38.4941,413.646,38.797,1603.75,10.7457,77.0367
5638,39.136,453.833,46.8483,1611.9099999999999,11.5963,77.0411
9207,37.7489,377.112,36.7165,1596.25,9.98999,77.0428
6760,35.692,298.76,38.3592,1579.88,8.37051,77.0485
6274,40.3577,566.085,47.7706,1633.8199999999997,14.0267,77.0518
5190,39.8351,522.91,50.9385,1625.5699999999997,13.1269,77.0538
6116,39.9509,533.663,55.1417,1627.63,13.358,77.0546
9845,40.2159,554.638,47.9854,1631.65,13.7915,77.0647
3499,37.3876,361.365,39.5924,1592.9899999999998,9.66537,77.0661
7332,39.7421,512.036,40.6754,1623.46,12.884,77.0733
662,38.7613,427.825,51.08,1606.65,11.0374,77.075
9082,38.9915,443.677,59.9821,1609.8600000000001,11.3788,77.0758
7435,39.7446,512.33,55.6596,1623.5099999999998,12.8906,77.0763
3198,37.0099,345.745,34.6405,1589.7399999999998,9.34196,77.0848
8810,40.6488,590.501,49.0699,1638.44,14.5269,77.1125
1121,40.0354,540.291,56.1514,1628.9099999999999,13.4953,77.1249
1016,40.212,554.323,42.4966,1631.5899999999997,13.785,77.1594
8530,40.3571,566.042,51.2079,1633.8199999999997,14.0258,77.1596
3018,39.4914,481.229,42.4139,1617.4,12.1857,77.1598
7908,40.4596,574.41,54.204,1635.4,14.1971,77.1649
3389,38.4601,411.886,51.0804,1603.3899999999999,10.7095,77.1959
5465,39.7927,517.99,59.4144,1624.6100000000001,13.0172,77.1989
8874,37.5374,367.797,44.2395,1594.3199999999997,9.79815,77.2044
2162,40.0399,540.642,57.68,1628.9699999999998,13.5026,77.2196
6310,39.7029,507.378,44.5115,1622.5499999999997,12.7794,77.2248
3003,40.0077,538.111,59.5299,1628.4899999999998,13.4502,77.2283
9280,39.3977,472.641,45.2298,1615.69,11.9967,77.2447
6430,40.2711,559.073,41.3187,1632.4899999999998,13.8828,77.2495
2750,39.7583,513.951,51.2124,1623.83,12.9269,77.2594
9390,40.4852,576.518,66.1952,1635.7999999999997,14.2402,77.2596
115,39.6601,502.221,48.8992,1621.54,12.6631,77.2617
7325,36.8405,339.003,39.2067,1588.3399999999997,9.20191,77.2656
3467,37.9808,388.005,46.2097,1598.4899999999998,10.2158,77.2662
3166,37.7882,378.872,41.2329,1596.6100000000001,10.0262,77.2714
7566,41.244,652.246,56.036,1649.9299999999998,15.8143,77.2757
507,39.4838,480.256,45.225,1617.1999999999998,12.1634,77.2854
6337,39.7273,510.285,47.2549,1623.12,12.8447,77.3213
6959,39.8486,524.469,51.6902,1625.87,13.1616,77.3274
2298,39.8413,523.634,52.6715,1625.6999999999998,13.143,77.3497
2972,39.278,463.979,42.7013,1613.9499999999998,11.8127,77.3508
6529,40.3115,562.339,61.3579,1633.1100000000001,13.9498,77.3587
3832,39.5788,492.264,50.8868,1619.58,12.4376,77.371
3041,40.1696,550.936,58.9365,1630.94,13.7152,77.3859
9105,36.4944,325.971,37.9601,1585.6100000000001,8.9321,77.4093
4506,39.4396,475.706,41.7917,1616.2999999999997,12.0616,77.4168
5105,40.4398,572.79,46.1546,1635.0899999999997,14.164,77.5108
2713,39.6372,499.447,41.8474,1621.0,12.6005,77.5143
2464,38.647,421.664,49.2546,1605.3899999999999,10.9107,77.5261
2465,40.0773,543.602,54.4201,1629.54,13.5638,77.5436
8237,39.8644,526.297,48.1814,1626.2199999999998,13.2022,77.5753
7382,40.7712,601.245,49.9282,1640.4499999999998,14.7468,77.5803
65,38.893,436.84,44.8384,1608.48,11.2318,77.5841
9288,39.7058,507.717,51.0432,1622.62,12.787,77.5923
3967,39.8645,526.306,43.8222,1626.2199999999998,13.2024,77.5944
6689,37.5994,370.498,34.8857,1594.88,9.85383,77.6057
3655,39.7218,509.624,52.2975,1622.9899999999998,12.8298,77.6109
5528,38.9909,443.632,41.5618,1609.85,11.3778,77.6197
7494,39.6122,496.392,36.5577,1620.4,12.5313,77.6455
8546,40.5981,586.08,50.8164,1637.6,14.4362,77.6582
4065,40.2705,559.025,51.1236,1632.48,13.8818,77.6857
6247,40.2824,559.987,47.9498,1632.67,13.9015,77.7309
6189,40.3623,566.459,58.6836,1633.8899999999999,14.0344,77.7422
4742,38.7738,428.675,47.0097,1606.8199999999997,11.0558,77.7481
8397,37.4062,362.159,50.1067,1593.15,9.68179,77.7543
1830,40.6022,586.439,53.342,1637.67,14.4435,77.7591
7069,38.386,408.086,47.323,1602.6100000000001,10.6311,77.7933
7006,39.9973,537.298,60.3367,1628.33,13.4333,77.8025
8735,40.1876,552.367,57.2841,1631.21,13.7447,77.803
2676,39.5692,491.066,49.1432,1619.35,12.4103,77.814
3877,39.075,449.53,48.5012,1611.04,11.5043,77.8154
8886,38.2527,401.348,41.4042,1601.23,10.492,77.8262
4585,39.4878,480.766,59.8866,1617.31,12.1751,77.8323
6880,39.9856,536.378,61.3166,1628.1599999999999,13.4143,77.8346
8901,39.7822,516.759,52.4443,1624.37,12.9897,77.8562
3181,38.9763,442.619,46.9759,1609.65,11.3561,77.8626
4099,38.9581,441.351,42.9809,1609.3899999999999,11.3289,77.8832
3980,39.8434,523.879,46.8339,1625.75,13.1484,77.8853
4268,39.338,468.306,51.0859,1614.8199999999997,11.9047,77.8875
2167,38.8667,435.03,42.9894,1608.1100000000001,11.1929,77.894
5169,40.6713,592.463,47.441,1638.81,14.5671,77.8996
9907,39.4108,473.601,46.4047,1615.88,12.017,77.9104
7453,40.3005,561.452,52.1669,1632.94,13.9316,77.9117
8965,39.3388,468.369,48.0934,1614.83,11.906,77.9307
1527,40.3132,562.474,55.9828,1633.1399999999999,13.9526,77.9319
731,37.8091,379.851,43.4322,1596.81,10.0465,77.9762
7771,39.5621,490.179,44.9692,1619.17,12.3901,77.9908
5958,39.5555,489.363,46.4558,1619.0099999999998,12.3715,77.9987
3027,40.4479,573.455,61.9819,1635.2199999999998,14.1776,78.0118
1487,39.841,523.598,43.7843,1625.6999999999998,13.1422,78.1223
2568,39.5578,489.642,40.6642,1619.0699999999997,12.3779,78.1509
1617,39.8389,523.353,53.447,1625.65,13.1367,78.1779
5040,38.5007,413.991,52.1785,1603.8199999999997,10.7528,78.1804
358,40.0869,544.36,45.8731,1629.69,13.5795,78.181
1084,39.5284,485.943,44.9627,1618.33,12.2935,78.1866
8441,39.018,445.528,48.8899,1610.2399999999998,11.4185,78.2189
2344,39.5929,494.007,48.3287,1619.9299999999998,12.4772,78.2211
8085,37.1897,353.076,36.432,1591.27,9.49394,78.2721
2076,39.5664,490.719,46.801,1619.2799999999997,12.4024,78.2737
8235,39.838,523.254,49.0318,1625.63,13.1345,78.2917
2105,40.5565,582.478,55.7866,1636.9299999999998,14.3621,78.3072
9263,39.5932,494.042,50.3704,1619.9299999999998,12.478,78.3338
1042,40.2743,559.334,56.5897,1632.54,13.8881,78.3407
2251,40.2684,558.859,57.3273,1632.4499999999998,13.8784,78.3726
2812,38.746,426.956,48.2601,1606.4699999999998,11.0193,78.3735
4701,39.5911,493.781,50.4157,1619.88,12.472,78.4074
4040,40.152,549.529,42.5556,1630.67,13.6862,78.4255
1930,40.468,575.101,55.2482,1635.5299999999997,14.2113,78.4347
3991,39.7466,512.564,54.8364,1623.56,12.8958,78.4406
7062,40.5862,585.05,46.1543,1637.4099999999999,14.415,78.4502
992,40.8106,604.739,48.7344,1641.1100000000001,14.8182,78.453
5420,41.0153,623.09,58.6299,1644.54,15.1916,78.462
8309,39.84,523.486,44.3733,1625.6799999999998,13.1397,78.4845
8806,39.9779,535.774,48.4409,1628.04,13.4018,78.5275
6900,40.0626,542.44,50.5097,1629.3199999999997,13.5398,78.5558
9833,40.1246,547.35,49.173,1630.2599999999998,13.6412,78.5642
7416,39.5918,493.879,47.6023,1619.9,12.4743,78.5707
3075,39.4013,472.909,48.7455,1615.7399999999998,12.0024,78.5737
2910,39.5841,492.92,58.5363,1619.71,12.4525,78.5765
2337,39.0135,445.214,44.664,1610.17,11.4118,78.5957
2861,39.8153,520.615,45.6366,1625.12,13.0758,78.6052
7177,39.6495,500.942,65.0898,1621.29,12.6343,78.6118
7184,38.4746,412.637,48.4567,1603.5499999999997,10.7249,78.6239
1728,40.0311,539.948,53.6853,1628.8399999999997,13.4882,78.6301
508,39.7601,514.167,43.9925,1623.87,12.9317,78.66
3006,40.0868,544.347,59.1078,1629.6799999999998,13.5792,78.6696
342,39.7664,514.907,46.7915,1624.02,12.9483,78.6721
6170,40.4781,575.934,60.5915,1635.69,14.2283,78.6933
720,39.5324,486.458,48.4751,1618.44,12.3053,78.7214
7040,39.6068,495.723,47.0172,1620.27,12.5161,78.7237
3761,39.5202,484.906,53.4551,1618.13,12.2698,78.7245
2638,39.622,497.587,54.7056,1620.63,12.5583,78.7298
1389,39.9158,530.931,54.1733,1627.1100000000001,13.3013,78.7423
6272,39.5622,490.199,42.0849,1619.1799999999998,12.3906,78.7452
3587,39.8822,528.313,58.9989,1626.6100000000001,13.2469,78.756
4439,40.1599,550.16,50.7343,1630.79,13.6992,78.7648
1297,39.1913,457.764,40.4421,1612.6999999999998,11.6802,78.7707
1112,40.3576,566.076,64.063,1633.8199999999997,14.0265,78.7826
1307,38.6854,423.706,44.1351,1605.81,10.9526,78.7875
5741,39.6938,506.291,48.8458,1622.3399999999997,12.7549,78.7901
7410,40.1232,547.239,54.2314,1630.2399999999998,13.639,78.7977
8978,39.513,483.991,58.4745,1617.9499999999998,12.2489,78.8456
6279,38.8947,436.96,46.1133,1608.5,11.2344,78.8475
9377,35.9888,308.514,34.5201,1581.94,8.5725,78.8807
2856,39.7653,514.769,54.3369,1623.9899999999998,12.9452,78.8927
125,40.5134,578.839,57.9759,1636.2399999999998,14.2876,78.8967
2724,38.8714,435.354,47.132,1608.1799999999998,11.1998,78.8991
9169,39.5348,486.75,45.8405,1618.4899999999998,12.3119,78.9349
5427,40.4609,574.522,52.6608,1635.42,14.1994,78.9403
192,39.342,468.601,46.4771,1614.88,11.9109,78.9498
3184,39.6786,504.46,42.4536,1621.98,12.7136,78.9557
7772,40.1829,551.997,63.2489,1631.1399999999999,13.7371,78.9602
1723,38.7351,426.369,43.9539,1606.35,11.0073,78.9875
9972,38.563,417.238,40.9566,1604.4899999999998,10.8196,78.9912
9811,38.2899,403.216,42.703,1601.62,10.5306,78.9963
5701,39.7939,518.128,46.866,1624.6399999999999,13.0203,79.0284
3893,41.0999,630.778,50.3168,1645.96,15.3474,79.0684
7250,41.8003,748.451,68.1774,1667.0699999999997,17.9054,79.0715
6233,39.3119,466.42,41.8808,1614.44,11.8646,79.1079
9410,40.2743,559.335,45.0645,1632.54,13.8881,79.1281
1422,38.6321,420.878,43.5365,1605.23,10.8945,79.1364
7688,39.8209,521.268,43.2948,1625.25,13.0903,79.1502
7896,40.2272,555.547,47.0599,1631.8199999999997,13.8102,79.163
1239,39.9538,533.889,51.7439,1627.6799999999998,13.3627,79.1909
1082,39.6255,498.02,36.1551,1620.7199999999998,12.5682,79.2036
8977,39.6859,505.342,58.1672,1622.15,12.7335,79.2041
7107,39.7426,512.101,43.8915,1623.4699999999998,12.8854,79.2051
4847,37.989,388.399,46.4253,1598.5699999999997,10.224,79.2299
8980,39.7277,510.328,47.551,1623.12,12.8457,79.2497
6839,39.1154,452.38,52.0448,1611.62,11.5653,79.2556
8673,40.4826,576.303,54.9907,1635.7599999999998,14.2358,79.2619
4215,39.2647,463.023,36.988,1613.7599999999998,11.7923,79.2724
3439,39.2299,460.526,49.0677,1613.2599999999998,11.7392,79.289
3981,37.8098,379.882,44.0945,1596.8199999999997,10.0472,79.2959
1745,39.3873,471.887,42.2092,1615.5299999999997,11.9807,79.2989
4704,35.7035,299.132,39.3181,1579.96,8.37821,79.3047
9299,39.4465,476.206,43.3452,1616.4,12.0722,79.3082
2196,39.6512,501.148,48.0468,1621.33,12.6389,79.313
9965,39.1882,457.543,42.9019,1612.6599999999999,11.6755,79.3302
7363,39.8758,527.604,53.9488,1626.4699999999998,13.2312,79.3331
13,39.6182,497.126,45.1315,1620.54,12.5479,79.3371
6367,40.6551,591.051,57.8747,1638.54,14.5382,79.3372
8425,40.0041,537.829,44.7448,1628.4299999999998,13.4443,79.3375
4683,37.3377,359.255,42.2036,1592.5499999999997,9.62178,79.3403
168,38.395,408.546,44.379,1602.71,10.6406,79.3603
2296,39.7961,518.38,44.7423,1624.69,13.0259,79.3604
877,39.4927,481.402,45.4191,1617.4299999999998,12.1896,79.3648
4108,39.2193,459.768,45.6137,1613.1100000000001,11.723,79.3655
6887,39.5535,489.111,46.6355,1618.96,12.3658,79.3843
5113,39.7984,518.652,47.2954,1624.7399999999998,13.032,79.3945
6830,39.7555,513.622,47.4221,1623.77,12.9195,79.4048
5462,39.5655,490.612,56.4914,1619.2599999999998,12.4,79.4094
9452,39.6266,498.148,45.1621,1620.7399999999998,12.5711,79.4096
5337,39.4847,480.369,50.2977,1617.23,12.166,79.4143
99,40.0491,541.372,41.169,1629.1100000000001,13.5177,79.4147
2113,38.5211,415.051,44.2364,1604.04,10.7746,79.4284
9300,39.6651,502.838,42.1141,1621.6599999999999,12.6771,79.4331
1243,40.047,541.201,63.6301,1629.08,13.5142,79.4356
2316,39.7498,512.952,73.419,1623.6399999999999,12.9045,79.4388
31,39.5119,483.859,57.6331,1617.92,12.2459,79.4569
5079,39.7286,510.438,40.2667,1623.15,12.8481,79.4616
9815,39.9714,535.269,47.7639,1627.94,13.3913,79.4636
3318,36.4966,326.051,48.5972,1585.63,8.93372,79.4701
4916,39.7849,517.07,52.086,1624.44,12.9967,79.4744
7128,39.1227,452.891,51.9647,1611.7199999999998,11.5762,79.494
7567,39.6295,498.51,50.0487,1620.81,12.5792,79.4969
8958,39.4996,482.286,42.9336,1617.6100000000001,12.2099,79.5154
7247,39.5703,491.206,48.5742,1619.37,12.4135,79.5378
8153,37.4216,362.815,43.0308,1593.29,9.69534,79.5517
5708,39.624,497.84,42.7647,1620.6799999999998,12.5641,79.555
1311,39.8772,527.764,48.8212,1626.5,13.2347,79.5573
4839,39.4051,473.185,52.7259,1615.79,12.0082,79.5967
6145,40.5022,577.915,52.778,1636.06,14.2688,79.6122
4241,39.5103,483.654,48.4288,1617.88,12.2412,79.6309
5820,40.2733,559.252,46.8871,1632.5299999999997,13.8864,79.6357
4451,40.3083,562.081,49.2575,1633.06,13.9445,79.6873
6059,39.5809,492.524,48.9368,1619.63,12.4435,79.6899
1058,39.4292,474.941,58.9517,1616.1399999999999,12.0454,79.6918
6572,39.5639,490.409,55.1816,1619.2199999999998,12.3954,79.6988
3818,39.7781,516.275,63.9705,1624.2799999999997,12.9789,79.6996
9146,39.0796,449.85,45.6086,1611.1100000000001,11.5111,79.7133
5743,40.6869,593.827,58.7118,1639.06,14.5951,79.7237
4833,39.5769,492.03,42.4011,1619.54,12.4322,79.7293
4386,40.092,544.765,53.5721,1629.7599999999998,13.5879,79.7332
7950,38.537,415.88,51.0003,1604.21,10.7917,79.7931
1974,40.1819,551.915,56.7955,1631.13,13.7354,79.7953
8144,39.0549,448.114,35.9202,1610.7599999999998,11.474,79.7974
7535,40.7699,601.133,57.3705,1640.4299999999998,14.7445,79.8207
1387,39.634,499.055,47.5987,1620.92,12.5916,79.8358
4445,40.5242,579.735,50.5549,1636.4099999999999,14.3059,79.8516
9429,40.8781,610.745,58.2768,1642.23,14.9407,79.8609
5801,40.36,566.276,54.6891,1633.8600000000001,14.0306,79.8664
1254,38.048,391.252,42.882,1599.1599999999999,10.2831,79.9076
521,39.4313,475.096,59.596,1616.1799999999998,12.0487,79.9099
3313,39.7998,518.818,58.4206,1624.77,13.0357,79.9151
6782,39.9391,532.745,45.6555,1627.46,13.3389,79.9189
8083,39.7823,516.773,45.1515,1624.38,12.99,79.9219
9530,38.7889,429.701,44.7064,1607.0299999999997,11.0779,79.9236
1156,39.5353,486.819,51.5299,1618.5099999999998,12.3135,79.9254
5336,40.4204,571.197,55.1977,1634.79,14.1314,79.9328
5580,40.7455,598.984,50.9669,1640.0299999999997,14.7006,79.9415
4231,39.8114,520.166,58.5632,1625.0299999999997,13.0658,79.9465
1006,40.1363,548.278,43.8538,1630.4299999999998,13.6604,79.9613
7316,40.3032,561.668,46.6832,1632.9899999999998,13.9361,79.9697
1680,40.2037,553.663,66.7242,1631.46,13.7714,79.9701
8550,39.0292,446.311,48.922,1610.3899999999999,11.4353,79.9862
2598,39.6982,506.812,43.4538,1622.44,12.7666,79.9989
1135,39.9947,537.095,50.0345,1628.29,13.4291,80.01
4910,39.6726,503.737,42.7195,1621.8399999999997,12.6974,80.0144
4629,39.8,518.838,48.849,1624.7799999999997,13.0361,80.0187
7767,39.319,466.93,54.4067,1614.54,11.8755,80.0395
6548,39.6565,501.795,57.2177,1621.46,12.6535,80.0439
1972,39.8245,521.688,47.5198,1625.33,13.0997,80.0456
8552,39.5686,490.995,61.3561,1619.33,12.4087,80.0487
6950,39.2423,461.413,45.4233,1613.44,11.758,80.0524
1777,34.8133,272.127,32.746,1574.1999999999998,7.81675,80.0584
4803,41.3181,664.204,54.2438,1652.1100000000001,16.0754,80.0611
3633,40.7152,596.313,54.1881,1639.5299999999997,14.646,80.0707
4595,39.8154,520.629,49.2728,1625.12,13.0761,80.0745
8857,36.9781,344.468,38.6184,1589.48,9.31545,80.086
7387,39.8311,522.455,42.426,1625.48,13.1168,80.1079
6414,39.9824,536.129,53.9664,1628.1100000000001,13.4091,80.1102
2850,36.2779,318.365,42.2972,1584.02,8.77573,80.1235
3433,39.5137,484.081,52.2759,1617.96,12.251,80.1391
4290,38.7545,427.411,50.6987,1606.56,11.0287,80.1398
5774,39.6812,504.768,64.2763,1622.04,12.7206,80.1645
5926,37.7699,378.05,40.0907,1596.44,10.0093,80.1654
5391,38.8399,433.186,48.0166,1607.7399999999998,11.1531,80.1859
9504,40.458,574.282,52.7782,1635.38,14.1945,80.2081
776,39.5936,494.093,57.6493,1619.94,12.4791,80.2239
4767,38.4504,411.391,37.7428,1603.29,10.6992,80.2682
6684,40.2511,557.462,57.867,1632.19,13.8496,80.2846
6313,40.0483,541.306,52.588,1629.1,13.5163,80.2865
7389,40.7119,596.025,50.0471,1639.48,14.6401,80.2976
6896,40.1001,545.403,61.2218,1629.88,13.601,80.3015
8056,39.3801,471.36,56.254,1615.4299999999998,11.9695,80.3054
3149,39.6076,495.819,51.8078,1620.2799999999997,12.5183,80.3272
4601,39.241,461.318,56.3696,1613.42,11.756,80.3317
9167,39.5786,492.237,51.7872,1619.58,12.4369,80.3446
6359,39.5216,485.092,48.363,1618.1599999999999,12.2741,80.3501
2562,39.5534,489.092,55.4055,1618.96,12.3654,80.3563
2518,40.1048,545.775,60.4869,1629.96,13.6087,80.3646
6458,39.3804,471.382,48.7,1615.4299999999998,11.97,80.3696
4466,41.3898,675.395,80.7444,1654.1399999999999,16.3179,80.3844
1961,39.7047,507.585,39.5816,1622.5899999999997,12.784,80.3922
3751,38.9651,441.833,49.3171,1609.4899999999998,11.3392,80.3932
7398,39.5736,491.617,71.622,1619.46,12.4229,80.4142
8059,37.5041,366.355,40.766,1594.02,9.7684,80.4176
7267,38.9938,443.836,48.9341,1609.8899999999999,11.3822,80.4401
6701,40.0723,543.202,50.8522,1629.46,13.5556,80.4422
222,40.132,547.935,60.6445,1630.37,13.6533,80.4436
6264,39.3017,465.686,50.517,1614.29,11.849,80.4482
4748,39.5198,484.853,49.9875,1618.12,12.2686,80.4507
9952,39.1693,456.199,57.8762,1612.3899999999999,11.6469,80.4625
117,39.8778,527.83,48.0273,1626.5099999999998,13.2362,80.4642
4766,39.4829,480.145,57.4873,1617.1799999999998,12.1608,80.4779
4817,40.9665,618.678,67.0467,1643.71,15.1021,80.4779
9964,38.4097,409.296,41.3255,1602.8600000000001,10.6561,80.486
6389,40.644,590.08,61.2316,1638.3600000000001,14.5183,80.5093
121,40.1819,551.919,51.0144,1631.13,13.7355,80.5149
5248,40.6969,594.707,56.4265,1639.23,14.6131,80.5297
20,39.8081,519.776,51.5195,1624.96,13.0571,80.5335
2532,39.3384,468.339,52.6431,1614.8199999999997,11.9054,80.5492
799,39.5468,488.264,45.4456,1618.79,12.3465,80.553
5304,38.9129,438.216,49.8349,1608.7599999999998,11.2615,80.5547
8532,38.6751,423.161,51.0494,1605.69,10.9414,80.555
8411,39.797,518.492,41.3567,1624.71,13.0284,80.5644
9209,37.0539,347.523,39.0042,1590.1100000000001,9.37884,80.5708
2308,40.268,558.828,58.2352,1632.4499999999998,13.8777,80.5797
908,39.3281,467.593,55.1328,1614.6799999999998,11.8895,80.585
2566,40.0379,540.486,49.6011,1628.94,13.4994,80.5887
435,39.7128,508.562,53.8564,1622.7799999999997,12.806,80.6034
1572,39.8306,522.395,60.4086,1625.4699999999998,13.1154,80.6103
3657,40.6966,594.677,61.7779,1639.2199999999998,14.6125,80.6285
3274,38.6813,423.49,39.1524,1605.7599999999998,10.9482,80.631
8678,38.7775,428.928,45.9493,1606.87,11.0613,80.6504
5939,39.0541,448.055,46.7208,1610.75,11.4727,80.6538
948,39.9926,536.925,52.5099,1628.2599999999998,13.4256,80.6583
8049,39.8462,524.202,47.6808,1625.81,13.1556,80.7242
3365,39.565,490.544,57.7201,1619.2399999999998,12.3984,80.7309
3847,39.5686,490.998,50.7853,1619.33,12.4088,80.759
175,40.1033,545.657,50.5184,1629.9299999999998,13.6063,80.7612
6571,38.5662,417.405,43.2947,1604.52,10.8231,80.7766
9039,39.5487,488.506,47.9883,1618.8399999999997,12.352,80.8064
8658,37.6259,371.662,41.985,1595.12,9.87782,80.8173
6971,39.3947,472.425,53.6093,1615.6399999999999,11.9921,80.8182
4183,38.6866,423.772,45.9731,1605.8199999999997,10.954,80.8192
2813,38.5181,414.895,41.5675,1604.0099999999998,10.7714,80.8301
4126,40.3118,562.363,45.2189,1633.12,13.9503,80.8412
498,40.74,598.497,52.0466,1639.94,14.6906,80.8936
4068,40.0209,539.151,45.2979,1628.69,13.4717,80.8981
1206,40.7027,595.212,48.2786,1639.3199999999997,14.6234,80.8991
1767,40.1575,549.971,52.2287,1630.7599999999998,13.6953,80.9088
2624,39.2675,463.219,52.0705,1613.7999999999997,11.7965,80.9228
4164,40.5422,581.243,47.112,1636.69,14.3367,80.9251
7302,37.6798,374.038,46.5558,1595.6100000000001,9.92674,80.9268
6590,37.7923,379.065,39.2248,1596.65,10.0302,80.9305
3256,39.6421,500.041,44.7148,1621.1100000000001,12.6139,80.9376
3803,39.785,517.085,55.677,1624.44,12.997,81.0087
7144,39.9178,531.085,48.4913,1627.1399999999999,13.3045,81.0347
4227,40.7842,602.401,58.6842,1640.67,14.7705,81.0382
5606,39.5361,486.919,36.9842,1618.5299999999997,12.3158,81.0404
6987,39.7495,512.906,41.4898,1623.63,12.9035,81.0468
2569,39.9446,533.17,55.8601,1627.54,13.3477,81.0643
5512,40.4633,574.717,43.1168,1635.46,14.2034,81.0744
334,39.0251,446.026,52.2336,1610.3399999999997,11.4292,81.0752
7214,40.6644,591.856,50.9513,1638.69,14.5547,81.0876
4143,39.6033,495.292,46.6904,1620.1799999999998,12.5063,81.0931
5881,39.4036,473.076,48.8416,1615.77,12.0059,81.0952
2883,40.0353,540.284,54.3891,1628.9,13.4952,81.1102
6340,37.426,363.004,41.7126,1593.33,9.69923,81.1214
9415,39.8285,522.151,42.045,1625.42,13.11,81.1227
7712,39.2293,460.479,49.5164,1613.25,11.7381,81.1466
504,38.6486,421.751,48.4175,1605.4099999999999,10.9124,81.1508
6599,38.9858,443.276,59.3244,1609.7799999999997,11.3702,81.1518
9200,39.7272,510.265,50.0827,1623.1100000000001,12.8442,81.1635
5007,39.702,507.267,43.1175,1622.5299999999997,12.7769,81.1645
6725,40.4108,570.42,50.7361,1634.65,14.1155,81.1739
3805,39.6331,498.942,49.6583,1620.9,12.589,81.1905
3080,40.3046,561.781,59.0984,1633.0099999999998,13.9384,81.2124
4059,39.3722,470.79,54.8856,1615.3199999999997,11.9574,81.2242
5516,39.6068,495.717,46.5142,1620.2599999999998,12.516,81.2327
7911,39.6497,500.962,50.2533,1621.29,12.6347,81.258
3998,39.578,492.165,54.683,1619.56,12.4353,81.2675
9084,38.9388,440.013,51.5267,1609.12,11.3001,81.2691
7704,36.4844,325.615,40.9167,1585.54,8.92478,81.2847
4101,39.1232,452.93,42.5457,1611.73,11.577,81.288
7244,37.4407,363.632,43.4385,1593.46,9.7122,81.3167
2283,39.4278,474.839,52.3318,1616.12,12.0433,81.3192
1613,36.083,311.686,42.8307,1582.6100000000001,8.63803,81.3214
1764,40.4545,573.997,63.6055,1635.3199999999997,14.1887,81.3273
4351,40.3542,565.801,48.4467,1633.77,14.0209,81.3334
9059,39.8345,522.845,51.7033,1625.5499999999997,13.1254,81.373
9442,38.7622,427.883,50.8326,1606.6599999999999,11.0387,81.3948
5266,39.5878,493.381,62.9378,1619.7999999999997,12.4629,81.3996
5677,40.9799,619.89,59.0568,1643.94,15.1267,81.4017
2330,40.5582,582.621,50.8906,1636.9499999999998,14.3651,81.4098
2336,39.8472,524.316,51.8729,1625.8399999999997,13.1581,81.4115
4217,40.2656,558.636,58.2094,1632.4099999999999,13.8738,81.4218
5292,40.4462,573.317,55.7521,1635.19,14.1748,81.4388
2112,40.0866,544.333,48.9523,1629.6799999999998,13.5789,81.4389
2099,39.4758,479.229,50.9011,1617.0,12.1398,81.4512
9114,39.5696,491.117,58.5621,1619.3600000000001,12.4115,81.4519
7413,43.6749,944.235,66.0866,1701.04,21.6196,81.4555
6636,37.1439,351.19,39.6885,1590.88,9.45487,81.4632
9254,40.3648,566.662,57.9831,1633.9299999999998,14.0385,81.4907
1523,39.3618,470.036,50.2689,1615.1599999999999,11.9414,81.5027
1190,38.5082,414.377,42.4017,1603.9,10.7608,81.5125
4963,39.6667,503.021,45.5149,1621.6999999999998,12.6812,81.513
6758,39.832,522.555,50.2109,1625.5,13.119,81.5625
4632,39.5604,489.973,40.4383,1619.13,12.3854,81.5671
271,38.2863,403.032,47.3676,1601.58,10.5268,81.5891
4379,40.1969,553.119,50.2091,1631.3600000000001,13.7602,81.6013
81,39.6823,504.91,39.3703,1622.0699999999997,12.7238,81.6231
5294,39.1479,454.68,39.6174,1612.08,11.6144,81.6384
3174,41.3141,663.571,63.0502,1652.0,16.0616,81.674
2771,39.3347,468.065,53.2441,1614.77,11.8996,81.6785
9735,39.5063,483.144,41.6107,1617.7799999999997,12.2295,81.6788
9861,41.0693,627.992,54.8206,1645.4499999999998,15.291,81.6847
2059,40.134,548.099,51.3501,1630.4,13.6567,81.698
5401,39.7225,509.713,51.5199,1623.0,12.8318,81.7028
4596,39.5374,487.079,46.7497,1618.56,12.3195,81.7071
9046,38.8692,435.201,47.8492,1608.1399999999999,11.1966,81.7211
162,39.3587,469.807,50.4785,1615.12,11.9366,81.7218
7203,40.4141,570.688,54.6196,1634.6999999999998,14.121,81.7279
777,39.4991,482.216,47.3365,1617.5899999999997,12.2083,81.7481
5560,39.8198,521.138,61.9721,1625.2199999999998,13.0874,81.7601
3021,39.0279,446.219,48.3391,1610.38,11.4333,81.7625
606,37.03,346.554,40.9457,1589.9099999999999,9.35875,81.8047
3221,39.5622,490.19,49.3215,1619.17,12.3904,81.8116
1371,37.6365,372.124,43.0817,1595.2199999999998,9.88733,81.8132
9931,39.5235,485.323,41.6376,1618.21,12.2794,81.8261
3280,39.4616,477.388,49.9117,1616.63,12.0975,81.8377
7508,40.1629,550.402,57.3396,1630.8399999999997,13.7042,81.8384
9348,39.6934,506.241,51.7723,1622.33,12.7538,81.8451
6487,39.5469,488.278,41.8265,1618.7999999999997,12.3468,81.8648
5186,39.5499,488.658,62.3125,1618.87,12.3555,81.8929
9225,38.9423,440.255,41.4627,1609.17,11.3053,81.9019
2914,39.3526,469.363,46.0946,1615.0299999999997,11.9271,81.9186
4581,39.8246,521.693,42.7078,1625.33,13.0998,81.9221
2946,38.8938,436.897,50.6187,1608.4899999999998,11.2331,81.9353
1848,40.1263,547.48,54.6442,1630.2799999999997,13.6439,81.9364
6138,40.3044,561.768,56.9526,1633.0,13.9381,81.9376
6539,38.6488,421.76,40.2833,1605.4099999999999,10.9126,81.9542
4550,39.6358,499.273,46.9281,1620.96,12.5965,81.9841
409,39.7201,509.428,48.4736,1622.9499999999998,12.8255,82.0071
1398,41.9457,765.754,60.2362,1670.08,18.2559,82.0167
4566,39.0615,448.58,46.3353,1610.85,11.4839,82.0395
8364,39.4775,479.45,50.6266,1617.04,12.1449,82.0669
66,39.49,481.052,46.1031,1617.3600000000001,12.1816,82.0691
4016,39.5801,492.417,43.2451,1619.6100000000001,12.4411,82.0702
7758,37.5008,366.213,44.3519,1593.9899999999998,9.76548,82.0978
1040,39.067,448.964,41.754,1610.9299999999998,11.4921,82.0979
3646,39.9939,537.032,52.8175,1628.2799999999997,13.4278,82.1109
3123,39.2761,463.841,51.7486,1613.92,11.8098,82.1229
9499,39.5423,487.698,54.3753,1618.6799999999998,12.3336,82.1323
2520,38.9088,437.935,51.1975,1608.6999999999998,11.2554,82.1382
2188,39.9626,534.575,42.9769,1627.81,13.3769,82.1512
3593,39.7489,512.846,52.5725,1623.6100000000001,12.9021,82.1561
2948,38.3366,405.573,40.9663,1602.1,10.5793,82.1571
7016,40.6368,589.45,55.5099,1638.2399999999998,14.5053,82.1625
1465,40.5989,586.15,63.2846,1637.62,14.4376,82.1958
9902,40.1319,547.932,60.1882,1630.37,13.6533,82.2033
9575,40.6997,594.955,56.7027,1639.27,14.6182,82.2142
6585,37.9619,387.096,41.6874,1598.31,10.197,82.2165
5830,39.8927,529.136,53.664,1626.7599999999998,13.264,82.2307
2133,42.6001,838.825,74.4405,1682.7399999999998,19.6907,82.235
4714,40.1352,548.188,53.2596,1630.42,13.6586,82.236
75,39.3475,468.995,44.5178,1614.96,11.9193,82.2411
7829,40.6731,592.619,47.7653,1638.8399999999997,14.5703,82.2494
625,40.2503,557.399,41.9732,1632.17,13.8483,82.2507
8909,39.1927,457.864,48.4968,1612.7199999999998,11.6824,82.2584
4427,39.8467,524.252,54.5539,1625.8199999999997,13.1567,82.2891
826,39.5867,493.242,42.6966,1619.7799999999997,12.4598,82.2962
2582,40.0479,541.277,52.9235,1629.0899999999997,13.5157,82.3014
549,39.5581,489.685,43.7073,1619.0699999999997,12.3789,82.3084
4132,40.1691,550.892,67.7782,1630.9299999999998,13.7143,82.3125
9081,37.0046,345.531,37.4659,1589.6999999999998,9.33751,82.3189
3437,37.3682,360.543,46.8064,1592.8199999999997,9.64839,82.3258
5728,39.6721,503.676,58.0536,1621.83,12.696,82.3508
5001,39.8531,524.988,55.666,1625.9699999999998,13.1731,82.3536
1454,40.2732,559.244,62.0072,1632.52,13.8863,82.3596
1950,39.5308,486.254,49.9543,1618.4,12.3006,82.3681
9189,40.3498,565.444,48.7968,1633.6999999999998,14.0135,82.3706
9369,40.3161,562.714,47.1593,1633.1799999999998,13.9575,82.3727
5996,40.5124,578.762,60.7075,1636.2199999999998,14.286,82.3734
3976,40.0578,542.061,43.8659,1629.25,13.532,82.3743
8170,39.6455,500.451,51.7367,1621.19,12.6232,82.3807
5738,40.4264,571.693,43.2095,1634.8899999999999,14.1416,82.3833
6181,39.3378,468.292,47.4268,1614.8199999999997,11.9044,82.3994
1933,40.906,613.244,54.0634,1642.6999999999998,14.9915,82.4166
7881,38.9868,443.345,41.35,1609.7999999999997,11.3717,82.4351
1356,39.3328,467.934,49.6531,1614.7399999999998,11.8968,82.4681
2527,37.6665,373.447,35.8277,1595.4899999999998,9.91458,82.4725
7746,39.0849,450.221,59.2624,1611.1799999999998,11.5191,82.4743
7279,39.6084,495.925,46.8362,1620.2999999999997,12.5207,82.477
4656,39.1468,454.604,46.0043,1612.0699999999997,11.6128,82.4898
7737,39.2602,462.694,38.3749,1613.69,11.7853,82.5072
7809,37.2517,355.65,42.7679,1591.7999999999997,9.54721,82.5173
3189,39.5977,494.599,50.7096,1620.04,12.4906,82.5178
9424,39.0877,450.422,40.5152,1611.2199999999998,11.5234,82.521
893,39.5726,491.495,51.711,1619.4299999999998,12.4201,82.5226
306,40.0464,541.154,66.1735,1629.0699999999997,13.5132,82.5433
4446,39.2489,461.889,51.9061,1613.5299999999997,11.7682,82.5519
3739,39.8011,518.971,43.5801,1624.7999999999997,13.0391,82.5536
1946,39.5317,486.361,51.6288,1618.42,12.3031,82.5597
7768,40.044,540.967,57.8517,1629.04,13.5093,82.5673
554,39.5576,489.621,50.5458,1619.06,12.3774,82.5742
4257,39.905,530.085,51.4644,1626.9499999999998,13.2837,82.5776
5232,37.4041,362.066,43.9278,1593.13,9.67987,82.5804
7226,39.8847,528.51,38.0841,1626.6399999999999,13.251,82.5843
7725,39.094,450.868,42.2485,1611.31,11.5329,82.5923
5269,43.2403,901.928,57.8371,1693.6599999999999,20.8585,82.6029
9970,40.6509,590.677,56.2741,1638.4699999999998,14.5305,82.6039
2416,40.04,540.649,57.0553,1628.9699999999998,13.5028,82.626
3108,40.0692,542.96,55.0558,1629.42,13.5506,82.6315
1564,39.5656,490.618,46.5857,1619.2599999999998,12.4001,82.6435
1604,39.7057,507.711,40.1359,1622.6100000000001,12.7869,82.6442
7096,40.255,557.779,52.8078,1632.25,13.8561,82.6452
1901,39.7816,516.687,53.7067,1624.3600000000001,12.9881,82.6518
351,40.1049,545.782,51.908,1629.96,13.6089,82.661
905,39.393,472.301,48.8539,1615.62,11.9895,82.6706
8582,40.6378,589.533,49.6485,1638.25,14.507,82.6887
4151,39.8347,522.865,52.6621,1625.56,13.1259,82.6913
2619,39.6704,503.476,49.3205,1621.79,12.6915,82.7231
8360,40.2754,559.42,58.2712,1632.56,13.8899,82.7372
375,39.0255,446.052,48.7662,1610.3399999999997,11.4298,82.7507
7475,39.5361,486.917,50.3936,1618.5299999999997,12.3158,82.7761
3082,40.3754,567.524,55.1371,1634.1,14.0562,82.7792
7557,39.5733,491.577,49.5026,1619.4499999999998,12.4219,82.7821
2332,40.0798,543.798,66.5836,1629.58,13.5679,82.785
4447,39.8418,523.691,49.3073,1625.7199999999998,13.1442,82.7953
4314,40.442,572.971,44.79,1635.13,14.1677,82.8038
6569,39.5364,486.958,52.6836,1618.5299999999997,12.3167,82.8099
5775,39.9024,529.882,47.4824,1626.9099999999999,13.2795,82.8171
5566,39.8752,527.533,56.3475,1626.46,13.2296,82.8231
2350,39.6416,499.981,56.0206,1621.1,12.6125,82.8288
9232,39.7551,513.573,59.4816,1623.7599999999998,12.9184,82.8315
5787,40.4102,570.371,63.515,1634.6399999999999,14.1145,82.8681
4430,39.5712,491.32,43.8865,1619.4,12.4161,82.8738
291,40.7884,602.77,60.3855,1640.7399999999998,14.778,82.8751
8269,39.9494,533.549,49.6916,1627.6100000000001,13.3556,82.8846
7202,39.8284,522.137,49.7114,1625.42,13.1097,82.897
4478,40.1831,552.014,53.3668,1631.15,13.7375,82.9077
8175,39.7809,516.599,42.0518,1624.3399999999997,12.9861,82.9125
5041,40.7121,596.043,55.3846,1639.48,14.6404,82.9189
1942,40.3783,567.768,44.4327,1634.1399999999999,14.0612,82.937
7679,40.6433,590.018,51.024,1638.35,14.517,82.9426
9243,38.8297,432.491,42.4368,1607.5899999999997,11.1381,82.9545
8112,39.298,465.416,51.1382,1614.2399999999998,11.8432,83.0019
797,41.0616,627.286,55.6207,1645.3199999999997,15.2767,83.007
1301,40.1715,551.084,46.0582,1630.9699999999998,13.7183,83.0259
3903,39.0486,447.672,44.7812,1610.67,11.4645,83.053
700,39.7645,514.677,53.1592,1623.9699999999998,12.9431,83.0604
8354,39.1813,457.051,54.3479,1612.56,11.665,83.0624
1773,38.0135,389.581,44.836,1598.8199999999997,10.2485,83.0656
1691,39.6887,505.677,46.4544,1622.2199999999998,12.7411,83.0679
2945,39.0375,446.895,43.8151,1610.5099999999998,11.4478,83.0709
7980,39.3269,467.506,50.2852,1614.6599999999999,11.8877,83.0782
4928,39.5454,488.088,49.3606,1618.7599999999998,12.3425,83.0811
3876,40.8714,610.153,60.6707,1642.12,14.9286,83.0818
5633,40.6755,592.828,55.9861,1638.87,14.5746,83.0979
9292,39.0146,445.285,43.8967,1610.19,11.4133,83.0988
4318,38.8249,432.164,51.4066,1607.5299999999997,11.1311,83.1146
2663,39.4088,473.453,46.6042,1615.85,12.0139,83.1147
1569,39.5161,484.389,48.5974,1618.0299999999997,12.258,83.1208
8991,40.2198,554.953,52.7615,1631.71,13.798,83.1253
639,38.978,442.735,50.3706,1609.67,11.3586,83.1312
8076,40.2719,559.143,53.4143,1632.5,13.8842,83.1345
157,39.628,498.32,48.6585,1620.7799999999997,12.5749,83.1442
7420,39.2105,459.137,43.5685,1612.98,11.7095,83.1783
3599,39.7919,517.898,44.454,1624.6,13.0151,83.1926
2672,39.603,495.253,50.1663,1620.17,12.5055,83.2002
9282,39.4213,474.37,50.1435,1616.0299999999997,12.0333,83.2038
4413,39.333,467.943,51.2122,1614.75,11.897,83.2072
2387,40.4546,574.004,54.5024,1635.3199999999997,14.1888,83.2434
5246,38.4181,409.728,43.2543,1602.9499999999998,10.665,83.2437
5453,39.7965,518.427,47.7639,1624.6999999999998,13.027,83.25
6258,40.2234,555.239,58.1659,1631.7599999999998,13.8039,83.2519
2534,40.6027,586.483,57.9304,1637.6799999999998,14.4444,83.2573
2862,39.974,535.469,46.3963,1627.98,13.3954,83.2714
7716,39.8559,525.313,54.6978,1626.0299999999997,13.1803,83.2796
4010,40.519,579.305,51.6873,1636.33,14.2971,83.2816
9534,39.357,469.687,56.1146,1615.0899999999997,11.934,83.29
1697,40.254,557.702,52.003,1632.23,13.8546,83.2972
8169,40.1114,546.3,52.1061,1630.06,13.6196,83.3006
2937,39.7172,509.078,53.492,1622.88,12.8176,83.301
5730,39.8731,527.296,45.8446,1626.4099999999999,13.2243,83.3227
7888,39.1604,455.571,37.2482,1612.2599999999998,11.6334,83.3367
273,39.7341,511.085,46.5419,1623.27,12.8626,83.3535
4298,40.6199,587.975,51.6543,1637.96,14.4751,83.3565
8155,40.0035,537.785,41.3857,1628.4299999999998,13.4434,83.3663
9514,38.5659,417.388,57.6221,1604.52,10.8227,83.4035
9001,39.7596,514.108,45.6639,1623.8600000000001,12.9304,83.4076
9875,40.2678,558.809,46.1035,1632.44,13.8773,83.4129
9172,40.2873,560.38,40.7922,1632.7399999999998,13.9096,83.4161
8773,40.0696,542.992,54.7882,1629.42,13.5512,83.4252
7968,39.2801,464.127,51.3796,1613.98,11.8158,83.4349
2806,39.6843,505.148,54.9509,1622.1100000000001,12.7292,83.4357
8542,37.589,370.041,44.3613,1594.79,9.84442,83.4476
9142,39.0096,444.942,40.2571,1610.12,11.406,83.4642
962,39.5762,491.932,51.6953,1619.52,12.43,83.4753
982,39.4801,479.781,52.0964,1617.1100000000001,12.1525,83.4846
2257,39.5248,485.486,53.1644,1618.2399999999998,12.2831,83.4885
1314,39.5798,492.387,51.0235,1619.6100000000001,12.4403,83.5129
4017,40.1006,545.441,55.8651,1629.8899999999999,13.6018,83.5201
2318,40.2374,556.362,52.9599,1631.98,13.827,83.5301
5686,39.7119,508.452,45.1761,1622.7599999999998,12.8035,83.5352
8586,39.515,484.25,44.1183,1618.0,12.2548,83.5445
6963,39.4918,481.283,46.6404,1617.4099999999999,12.1869,83.555
5000,40.1572,549.946,60.1551,1630.75,13.6948,83.5792
4569,38.2765,402.541,39.5389,1601.48,10.5167,83.5798
6751,41.6587,724.295,65.2936,1662.85,17.3864,83.6098
2239,40.176,551.444,49.308,1631.04,13.7257,83.6301
9901,39.4774,479.434,52.1754,1617.04,12.1445,83.6639
1737,39.8437,523.907,53.7606,1625.7599999999998,13.1491,83.6676
2421,39.9806,535.987,53.3041,1628.08,13.4062,83.674
7607,39.773,515.68,40.7988,1624.17,12.9656,83.6871
4136,41.1731,640.37,59.2122,1647.7399999999998,15.5531,83.6892
2363,39.5876,493.348,57.8915,1619.7999999999997,12.4622,83.6923
7385,39.7948,518.232,48.812,1624.6599999999999,13.0226,83.7086
6161,38.4909,413.481,51.113,1603.7199999999998,10.7423,83.7093
3983,34.8572,273.383,36.2276,1574.4699999999998,7.84295,83.7103
722,39.7842,516.991,67.6149,1624.42,12.9949,83.7139
9198,41.08,628.965,55.6437,1645.63,15.3107,83.7273
9722,39.5485,488.483,54.0389,1618.8399999999997,12.3515,83.7313
6361,37.552,368.432,40.7978,1594.4499999999998,9.81124,83.7467
6095,39.205,458.746,38.1057,1612.9,11.7012,83.759
1441,39.8476,524.364,54.8444,1625.85,13.1592,83.7795
4797,39.5509,488.784,48.0703,1618.9,12.3583,83.7928
8368,39.4805,479.836,49.0402,1617.12,12.1537,83.8187
8279,40.6929,594.353,52.2986,1639.1599999999999,14.6058,83.8402
7074,39.8755,527.566,58.2309,1626.46,13.2303,83.8452
3554,39.784,516.964,40.0616,1624.4099999999999,12.9943,83.8463
5451,40.6666,592.052,53.932,1638.73,14.5587,83.8543
2920,37.642,372.366,43.9471,1595.27,9.89232,83.8612
3602,37.9112,384.678,48.7979,1597.81,10.1468,83.8857
1855,39.1693,456.2,48.3854,1612.3899999999999,11.6469,83.887
2519,40.3619,566.429,51.0788,1633.8899999999999,14.0338,83.8886
7064,40.1813,551.868,53.3908,1631.12,13.7344,83.8891
6888,39.5673,490.829,50.1882,1619.2999999999997,12.4049,83.8893
9255,40.0841,544.134,65.3572,1629.6399999999999,13.5748,83.9212
8796,38.8643,434.862,48.7087,1608.08,11.1893,83.9271
6386,39.4556,476.876,43.9252,1616.5299999999997,12.0864,83.9294
3219,39.4926,481.384,52.7411,1617.4299999999998,12.1892,83.9377
8051,39.5578,489.647,43.1567,1619.0699999999997,12.378,83.9497
1282,39.9146,530.835,45.1007,1627.0899999999997,13.2993,83.9701
7053,40.7939,603.26,60.6008,1640.83,14.788,83.971
7866,39.5469,488.279,48.0484,1618.7999999999997,12.3468,83.9867
7773,40.5855,584.992,56.1202,1637.4,14.4138,83.9918
4289,40.6327,589.096,57.5895,1638.17,14.4981,84.012
359,40.5221,579.562,64.5966,1636.37,14.3024,84.0143
3718,40.049,541.361,53.7219,1629.1100000000001,13.5175,84.0322
6415,39.2083,458.979,48.1463,1612.9499999999998,11.7062,84.0748
6377,39.5735,491.602,52.3088,1619.4499999999998,12.4225,84.0788
5584,40.1938,552.87,47.9601,1631.31,13.7551,84.0882
8490,39.5285,485.959,52.2459,1618.3399999999997,12.2939,84.1517
6969,39.5466,488.241,55.6225,1618.79,12.346,84.153
3417,39.7769,516.134,37.6931,1624.25,12.9757,84.1625
5508,39.5384,487.211,54.0498,1618.58,12.3225,84.1709
8992,39.6786,504.455,47.3447,1621.98,12.7135,84.1723
3579,39.7234,509.821,49.0573,1623.0299999999997,12.8343,84.174
6039,40.3246,563.398,48.6084,1633.31,13.9716,84.1757
9147,39.5736,491.613,54.1595,1619.46,12.4228,84.1847
4652,38.4607,411.922,59.1763,1603.4,10.7102,84.1892
2509,39.8506,524.705,53.9407,1625.9099999999999,13.1668,84.2051
6914,39.2582,462.556,49.7646,1613.67,11.7824,84.2069
7947,40.3586,566.158,55.653,1633.8399999999997,14.0282,84.2103
562,39.5192,484.783,51.1325,1618.1,12.267,84.2178
2469,39.0284,446.255,39.8115,1610.38,11.4341,84.2218
152,40.5671,583.393,50.9801,1637.1,14.3809,84.224
4723,40.4174,570.956,50.5406,1634.75,14.1265,84.2598
9741,39.1997,458.365,48.2411,1612.8199999999997,11.6931,84.2908
881,39.2245,460.135,56.5873,1613.1799999999998,11.7308,84.3212
6355,40.5416,581.19,74.7116,1636.6799999999998,14.3356,84.3221
2495,39.5288,485.991,36.7262,1618.3399999999997,12.2946,84.3303
7176,39.9525,533.789,55.0654,1627.6599999999999,13.3606,84.3344
793,38.2181,399.62,42.8957,1600.88,10.4563,84.3362
8666,38.6176,420.109,41.1128,1605.0699999999997,10.8787,84.338
3836,39.6874,505.521,41.9369,1622.19,12.7376,84.351
6859,38.9307,439.446,49.4393,1609.0099999999998,11.2879,84.4005
5141,40.0628,542.45,55.1664,1629.3199999999997,13.54,84.4022
6491,40.2828,560.019,50.6448,1632.67,13.9022,84.411
3380,39.5898,493.626,50.2703,1619.85,12.4685,84.4348
3871,40.6874,593.873,57.3606,1639.0699999999997,14.596,84.4431
6826,38.6431,421.459,42.0384,1605.35,10.9064,84.4489
5616,37.4446,363.797,42.5251,1593.4899999999998,9.71561,84.4691
8009,39.6525,501.303,51.2841,1621.3600000000001,12.6424,84.4801
5298,40.4991,577.663,56.6904,1636.02,14.2636,84.4906
1844,40.1931,552.813,64.9987,1631.2999999999997,13.7539,84.4947
5777,41.893,759.423,53.6935,1668.98,18.1277,84.5061
197,39.2375,461.072,47.143,1613.37,11.7508,84.5068
1725,39.4511,476.545,52.4515,1616.46,12.0794,84.5116
474,40.3806,567.949,53.9036,1634.1799999999998,14.0649,84.5144
1085,41.468,687.247,79.6407,1656.2799999999997,16.573,84.5158
2963,40.0774,543.607,44.5536,1629.54,13.5639,84.5254
2574,39.7949,518.238,49.0559,1624.6599999999999,13.0227,84.5272
5496,40.0458,541.112,51.4593,1629.06,13.5123,84.5391
4058,40.1814,551.878,52.2949,1631.12,13.7347,84.5431
9045,40.1725,551.162,45.233,1630.98,13.7199,84.5618
8486,37.8933,383.826,46.424,1597.63,10.1291,84.5663
6980,39.7131,508.591,44.0584,1622.79,12.8066,84.571
3001,39.9424,533.001,51.8683,1627.5099999999998,13.3442,84.6128
6691,40.2787,559.689,55.4302,1632.6100000000001,13.8954,84.6551
1666,40.5978,586.056,58.4312,1637.6,14.4357,84.6707
1159,39.6268,498.175,53.4548,1620.75,12.5717,84.7044
4100,42.112,786.305,63.2108,1673.6399999999999,18.6718,84.7189
7493,39.003,444.477,43.1695,1610.02,11.396,84.7352
5422,37.2907,357.28,45.6886,1592.1399999999999,9.58093,84.7385
6927,39.599,494.758,62.6629,1620.08,12.4942,84.7534
4315,40.1694,550.918,45.2133,1630.94,13.7149,84.7696
235,40.0338,540.161,51.3594,1628.88,13.4926,84.7723
6630,39.8252,521.772,52.1677,1625.35,13.1015,84.779
3017,39.67,503.428,51.1839,1621.7799999999997,12.6904,84.7839
9398,38.2779,402.614,44.8437,1601.4899999999998,10.5182,84.7877
8024,39.791,517.783,58.3928,1624.5699999999997,13.0126,84.7914
1935,38.8136,431.389,48.1494,1607.37,11.1144,84.7955
330,40.2392,556.512,45.7239,1632.0,13.8301,84.8115
1324,39.8417,523.678,53.1359,1625.71,13.144,84.82
2815,39.3967,472.572,45.1081,1615.67,11.9952,84.8245
6656,39.4108,473.598,44.5789,1615.88,12.017,84.8311
2164,39.8732,527.299,44.9332,1626.4099999999999,13.2244,84.8346
6702,37.63,371.842,40.9992,1595.1599999999999,9.88152,84.848
8178,39.5842,492.932,47.7143,1619.7199999999998,12.4528,84.8553
7254,38.9976,444.102,54.0857,1609.9499999999998,11.3879,84.8648
4264,40.4772,575.858,53.1156,1635.6799999999998,14.2267,84.888
3352,39.83,522.328,49.8771,1625.4499999999998,13.1139,84.8953
4461,39.9816,536.067,39.6518,1628.1,13.4078,84.8973
5215,40.3843,568.25,62.4518,1634.23,14.0711,84.8988
410,39.7031,507.402,48.7438,1622.5499999999997,12.7799,84.9004
3207,38.0239,390.085,40.4372,1598.92,10.2589,84.9577
2998,39.4869,480.659,50.269,1617.2799999999997,12.1726,84.9799
9183,41.2693,656.384,68.1574,1650.69,15.9049,84.987
5036,41.3735,672.88,65.996,1653.69,16.2636,84.9976
5876,38.3386,405.676,44.9769,1602.12,10.5814,85.0036
1133,39.885,528.53,53.6556,1626.65,13.2514,85.005
8607,40.0959,545.071,47.4479,1629.8199999999997,13.5942,85.0269
1417,39.699,506.909,46.9724,1622.46,12.7688,85.0298
32,38.8124,431.309,42.2717,1607.35,11.1126,85.0446
6506,40.0385,540.533,54.1942,1628.9499999999998,13.5003,85.0541
7052,40.0463,541.153,56.0156,1629.0699999999997,13.5132,85.0658
4074,40.0166,538.808,55.1803,1628.62,13.4646,85.0692
7188,40.1955,553.004,51.5517,1631.3399999999997,13.7578,85.0693
24,39.7553,513.592,46.7672,1623.7599999999998,12.9188,85.074
3665,39.7207,509.492,46.1218,1622.96,12.8269,85.0774
2898,39.7982,518.626,47.8769,1624.7399999999998,13.0314,85.0829
7339,39.53,486.151,53.0372,1618.37,12.2983,85.0835
7936,39.7014,507.202,52.8387,1622.52,12.7754,85.1119
7748,40.0534,541.708,52.5735,1629.1799999999998,13.5246,85.1166
9691,38.5623,417.202,46.9349,1604.48,10.8189,85.1211
4838,37.9997,388.915,42.3099,1598.6799999999998,10.2347,85.1219
9503,39.8127,520.317,51.1975,1625.06,13.0691,85.1567
5408,40.9623,618.297,51.1332,1643.6399999999999,15.0943,85.1617
3326,39.6046,495.454,48.128,1620.21,12.51,85.1692
5166,40.3755,567.537,55.4908,1634.1,14.0565,85.1751
9634,40.0581,542.081,53.7513,1629.25,13.5324,85.1761
8444,38.8967,437.098,45.7537,1608.5299999999997,11.2374,85.1816
3542,39.4687,478.303,45.6448,1616.8199999999997,12.1185,85.1836
357,39.6531,501.376,49.8875,1621.38,12.6441,85.1894
3391,39.0811,449.954,52.9285,1611.13,11.5134,85.2044
3954,39.9798,535.922,46.2418,1628.0699999999997,13.4048,85.2153
2030,40.2774,559.587,42.3982,1632.5899999999997,13.8933,85.224
2635,39.6329,498.927,57.3776,1620.9,12.5887,85.2808
7503,39.3774,471.167,51.0496,1615.3899999999999,11.9654,85.2829
7673,39.6096,496.068,50.9713,1620.33,12.5239,85.3214
1936,39.3161,466.723,48.6021,1614.5,11.871,85.3381
6518,40.2815,559.915,52.5022,1632.65,13.9001,85.3381
6629,40.2543,557.726,52.4581,1632.2399999999998,13.8551,85.3464
8183,39.4316,475.119,52.1764,1616.1799999999998,12.0492,85.3614
3442,40.1897,552.538,60.6565,1631.25,13.7482,85.4178
6634,39.1287,453.316,49.2822,1611.81,11.5853,85.4302
6284,40.4624,574.642,42.614,1635.4499999999998,14.2019,85.4393
7423,40.0081,538.146,47.7122,1628.5,13.4509,85.4476
6718,40.335,564.248,56.4245,1633.48,13.989,85.4568
848,40.2104,554.199,51.5962,1631.56,13.7825,85.4737
8079,39.5272,485.789,45.1854,1618.2999999999997,12.29,85.4773
839,38.5184,414.907,42.7056,1604.0099999999998,10.7717,85.4777
7358,42.1323,788.863,65.2532,1674.0899999999997,18.7235,85.4922
2571,40.7446,598.899,64.0507,1640.0099999999998,14.6989,85.501
9241,39.2532,462.191,44.5095,1613.5899999999997,11.7746,85.5025
9511,39.9839,536.244,52.21,1628.13,13.4115,85.5167
26,39.3936,472.347,40.4724,1615.63,11.9904,85.5232
2354,39.5358,486.883,50.3179,1618.52,12.315,85.5259
7104,41.1935,643.839,45.4391,1648.38,15.6296,85.526
6393,39.4091,473.476,46.5426,1615.85,12.0144,85.5267
984,40.1132,546.441,58.7698,1630.08,13.6225,85.5271
1139,40.724,597.091,52.6315,1639.6799999999998,14.6619,85.5308
8192,38.4549,411.62,44.183,1603.3399999999997,10.704,85.5496
8295,39.6534,501.419,47.2748,1621.38,12.645,85.5508
3780,40.2646,558.554,54.0906,1632.3899999999999,13.8721,85.5598
4925,38.5129,414.624,44.2473,1603.9499999999998,10.7659,85.5638
2455,40.0193,539.023,57.4838,1628.6599999999999,13.4691,85.5655
6384,39.94,532.814,53.3262,1627.4699999999998,13.3404,85.5753
5480,39.5205,484.946,54.8222,1618.1399999999999,12.2708,85.6112
4573,39.3763,471.085,55.0328,1615.37,11.9637,85.6118
304,39.3141,466.577,39.5944,1614.4699999999998,11.8679,85.6124
8807,40.5188,579.291,58.2454,1636.3199999999997,14.2968,85.6437
6245,39.8054,519.471,51.0973,1624.9,13.0503,85.6444
774,37.649,372.676,45.082,1595.33,9.89869,85.6711
6134,39.679,504.51,49.8255,1621.9899999999998,12.7148,85.7012
5803,38.9039,437.597,48.7302,1608.63,11.2481,85.704
9075,40.6471,590.349,62.1728,1638.4099999999999,14.5238,85.7119
2056,39.9021,529.864,48.1394,1626.9099999999999,13.2791,85.7198
5832,39.8004,518.889,52.6271,1624.79,13.0373,85.7515
4759,38.3919,408.389,49.0608,1602.6799999999998,10.6374,85.7725
4184,39.8932,529.17,59.2536,1626.77,13.2647,85.7897
6407,39.8232,521.531,41.384,1625.2999999999997,13.0962,85.7946
1857,39.7181,509.193,51.033,1622.9,12.8202,85.8081
1877,39.6205,497.399,41.8399,1620.5899999999997,12.5541,85.8102
8185,39.6689,503.294,46.9307,1621.75,12.6874,85.8291
6086,40.1703,550.99,56.387,1630.9499999999998,13.7164,85.8299
1471,39.8002,518.867,46.8823,1624.7799999999997,13.0368,85.8324
2339,39.7994,518.766,48.0888,1624.7599999999998,13.0345,85.8479
3445,38.7379,426.519,44.3463,1606.38,11.0104,85.852
5092,40.2359,556.245,51.754,1631.9499999999998,13.8246,85.8736
231,40.4165,570.878,58.13,1634.73,14.1249,85.8955
5482,41.3336,666.653,55.4381,1652.56,16.1286,85.923
4483,39.5154,484.295,55.1343,1618.0099999999998,12.2559,85.9249
2323,39.7418,512.0,47.0749,1623.4499999999998,12.8832,85.9284
5347,39.1019,451.427,52.1869,1611.4299999999998,11.5449,85.9371
6211,38.9671,441.972,46.8026,1609.52,11.3422,85.9436
7488,39.7444,512.307,50.3849,1623.5099999999998,12.8901,85.9514
3168,39.3898,472.071,50.6538,1615.5699999999997,11.9846,85.9751
5623,39.596,494.387,55.9521,1620.0,12.4858,85.9837
7265,39.9526,533.799,58.1102,1627.6599999999999,13.3608,85.9845
1998,39.5521,488.934,49.4276,1618.9299999999998,12.3618,85.9929
2068,39.833,522.677,54.5911,1625.52,13.1217,86.0004
7670,39.816,520.704,47.2201,1625.1399999999999,13.0777,86.0026
432,40.6122,587.309,66.207,1637.8399999999997,14.4614,86.0035
3749,39.7521,513.224,56.9661,1623.69,12.9106,86.0066
4193,35.6378,297.017,34.0171,1579.5099999999998,8.33433,86.026
6716,35.7554,300.813,36.8262,1580.3199999999997,8.41309,86.0632
1289,40.1108,546.25,47.346,1630.0499999999997,13.6185,86.0956
7352,39.7863,517.233,51.9641,1624.4699999999998,13.0003,86.1087
901,40.361,566.357,68.0203,1633.88,14.0323,86.1446
3734,39.5901,493.657,48.4051,1619.8600000000001,12.4692,86.1446
228,39.5423,487.704,43.7457,1618.6799999999998,12.3337,86.1909
7403,39.3961,472.528,39.1515,1615.6599999999999,11.9943,86.1997
4830,39.8587,525.632,56.415,1626.0899999999997,13.1874,86.2214
2814,39.0267,446.137,48.5211,1610.3600000000001,11.4316,86.2875
1513,40.2999,561.4,46.6278,1632.9299999999998,13.9306,86.3043
8529,40.4627,574.671,50.8874,1635.4499999999998,14.2025,86.3056
7589,40.1373,548.359,46.4588,1630.4499999999998,13.6621,86.3242
6960,39.7725,515.614,41.4127,1624.15,12.9641,86.3334
5695,40.4412,572.901,48.3011,1635.12,14.1663,86.343
9423,39.9107,530.53,51.9152,1627.0299999999997,13.2929,86.346
6082,39.5464,488.209,49.0021,1618.7799999999997,12.3452,86.3713
2379,38.5154,414.756,45.8443,1603.98,10.7686,86.3724
7774,40.4761,575.765,56.2182,1635.6599999999999,14.2248,86.3765
8765,39.4484,476.35,45.6688,1616.4299999999998,12.0753,86.3794
7000,40.4329,572.22,55.1079,1634.9899999999998,14.1524,86.3855
1451,39.9498,533.575,52.4869,1627.62,13.3562,86.3861
7599,39.9505,533.631,50.1293,1627.63,13.3573,86.3984
7505,40.2185,554.844,52.9055,1631.69,13.7958,86.3993
4229,40.1217,547.12,52.5656,1630.21,13.6365,86.4025
1919,40.1583,550.028,52.2042,1630.77,13.6965,86.4108
3160,39.9415,532.928,41.5476,1627.4899999999998,13.3427,86.412
3190,39.3133,466.52,68.8492,1614.46,11.8667,86.4128
1134,39.2731,463.621,54.1859,1613.88,11.8051,86.4213
7836,40.4901,576.921,55.8564,1635.88,14.2484,86.4435
8740,38.9987,444.18,46.5351,1609.96,11.3896,86.4746
1098,36.3204,319.841,41.3301,1584.33,8.8061,86.4776
1472,39.8806,528.147,52.2965,1626.5699999999997,13.2432,86.4787
2617,39.5284,485.94,43.5359,1618.33,12.2935,86.4813
2262,41.1049,631.237,56.1536,1646.0499999999997,15.3567,86.5028
6844,39.4529,476.679,51.4228,1616.4899999999998,12.0822,86.5066
5473,38.6758,423.197,46.8093,1605.6999999999998,10.9422,86.5066
9724,39.8374,523.177,45.1169,1625.62,13.1328,86.557
8218,39.8293,522.247,45.9954,1625.44,13.1121,86.5632
8954,40.1483,549.236,60.4754,1630.62,13.6802,86.5665
5839,38.3511,406.311,45.4396,1602.25,10.5945,86.5696
3089,40.4411,572.896,59.1012,1635.1100000000001,14.1662,86.5725
6607,39.6975,506.736,45.2495,1622.42,12.7649,86.5849
7361,40.3729,567.325,57.7089,1634.06,14.0521,86.6098
9101,39.3528,469.383,53.2989,1615.0299999999997,11.9275,86.6229
4492,39.5053,483.008,38.8084,1617.75,12.2264,86.6255
3817,39.1886,457.575,45.9134,1612.67,11.6762,86.652
3216,39.8559,525.314,69.3034,1626.0299999999997,13.1803,86.6784
2791,39.5637,490.379,47.3286,1619.21,12.3947,86.7233
7418,39.7068,507.837,40.0917,1622.6399999999999,12.7897,86.7538
3311,39.7061,507.757,48.5873,1622.62,12.7879,86.767
6111,38.9769,442.655,52.3567,1609.6599999999999,11.3569,86.7705
1127,39.7931,518.037,43.7285,1624.62,13.0183,86.772
7522,38.9421,440.238,56.4069,1609.17,11.3049,86.7725
1552,39.5909,493.757,46.6913,1619.88,12.4715,86.7741
1916,41.0163,623.181,55.5832,1644.5499999999997,15.1935,86.7803
9267,36.9372,342.833,36.5896,1589.1399999999999,9.28151,86.7915
3480,40.2806,559.841,49.6006,1632.6399999999999,13.8985,86.8014
4134,39.7478,512.715,49.9319,1623.5899999999997,12.8992,86.8051
5195,40.1867,552.301,50.6438,1631.1999999999998,13.7434,86.8107
4202,40.0278,539.69,47.3276,1628.79,13.4829,86.8108
1075,39.152,454.973,40.9269,1612.1399999999999,11.6207,86.8204
3552,39.7353,511.229,50.9761,1623.2999999999997,12.8659,86.8408
8318,38.6547,422.073,44.1154,1605.4699999999998,10.9191,86.8717
4565,39.6523,501.283,43.7892,1621.3600000000001,12.642,86.874
5924,39.734,511.079,67.1376,1623.27,12.8625,86.8892
6068,39.4886,480.879,47.658,1617.33,12.1777,86.8898
9706,40.2748,559.376,54.6479,1632.5499999999997,13.889,86.907
9326,39.7842,516.986,61.4277,1624.42,12.9948,86.9073
2001,38.4293,410.303,42.5018,1603.0699999999997,10.6768,86.9176
6825,36.1685,314.595,38.0104,1583.2199999999998,8.69804,86.9327
2604,40.1886,552.448,61.6742,1631.23,13.7464,86.9451
2492,37.2932,357.383,40.0741,1592.1599999999999,9.58307,86.9452
594,39.557,489.541,48.89,1619.0499999999997,12.3756,86.9537
735,38.6158,420.016,42.2862,1605.0499999999997,10.8768,86.9733
6699,39.9556,534.033,46.6914,1627.71,13.3657,86.9845
2581,39.4237,474.54,43.5871,1616.06,12.0369,86.9848
5981,40.2804,559.827,49.9402,1632.63,13.8982,86.9928
3460,39.3108,466.343,46.8356,1614.4299999999998,11.863,86.9998
4875,39.3293,467.676,43.225,1614.69,11.8913,87.0102
8516,38.4744,412.629,40.6549,1603.54,10.7247,87.018
5276,39.4659,477.94,42.9221,1616.7399999999998,12.1102,87.0617
5157,40.2855,560.241,50.2059,1632.71,13.9068,87.0831
2401,40.4271,571.747,57.7001,1634.9,14.1427,87.0908
4114,38.9997,444.246,54.4832,1609.98,11.391,87.1079
964,39.7452,512.407,61.3982,1623.5299999999997,12.8923,87.1159
180,39.7101,508.237,45.284,1622.7199999999998,12.7987,87.1234
574,40.3717,567.226,53.92,1634.04,14.0501,87.1285
5087,40.7103,595.887,64.9979,1639.4499999999998,14.6372,87.1322
886,39.3419,468.589,46.9703,1614.87,11.9107,87.1478
3598,39.4871,480.688,46.9926,1617.29,12.1733,87.1519
7464,38.1452,396.011,47.4929,1600.1399999999999,10.3817,87.1648
762,40.2805,559.833,61.993,1632.6399999999999,13.8984,87.1691
1130,36.7768,336.512,37.4662,1587.8199999999997,9.1501,87.1851
9221,39.8042,519.324,65.1277,1624.87,13.047,87.188
3506,39.0193,445.617,50.0583,1610.25,11.4204,87.1974
8843,40.1553,549.795,72.2715,1630.7199999999998,13.6917,87.1977
5419,39.8281,522.107,42.4158,1625.4099999999999,13.109,87.2028
7151,39.7221,509.67,47.2773,1623.0,12.8309,87.2263
7851,39.9641,534.697,47.9419,1627.83,13.3794,87.2452
1699,39.8766,527.696,62.6472,1626.4899999999998,13.2332,87.2765
2853,39.9793,535.881,51.4585,1628.06,13.404,87.2839
4943,40.5733,583.934,58.2095,1637.1999999999998,14.3921,87.2883
9144,39.8066,519.611,40.9438,1624.9299999999998,13.0534,87.3011
4238,37.6901,374.492,41.7313,1595.71,9.93608,87.313
203,38.9736,442.426,55.734,1609.6100000000001,11.3519,87.3242
1524,38.8472,433.688,52.8452,1607.8399999999997,11.1639,87.3344
8671,39.5915,493.836,44.5054,1619.8899999999999,12.4733,87.3568
7910,39.8666,526.548,54.9289,1626.27,13.2077,87.3815
2118,39.1234,452.941,51.533,1611.73,11.5772,87.4016
9644,40.115,546.583,51.8708,1630.1100000000001,13.6254,87.4105
9357,39.7298,510.579,56.147,1623.17,12.8513,87.4152
8352,39.9907,536.777,47.5264,1628.23,13.4226,87.4274
7619,39.5829,492.765,55.0386,1619.6799999999998,12.449,87.4306
6024,39.5949,494.26,42.3324,1619.98,12.4829,87.4413
7421,39.5242,485.408,54.9337,1618.23,12.2813,87.4486
1273,40.2773,559.575,58.3122,1632.5899999999997,13.8931,87.4587
213,42.3034,809.032,83.6733,1677.58,19.1245,87.4786
3387,40.1547,549.748,56.2917,1630.71,13.6907,87.4793
7149,39.6826,504.938,43.924,1622.0699999999997,12.7244,87.4797
6564,39.0911,450.66,52.6049,1611.27,11.5285,87.4839
4479,39.7143,508.735,52.0243,1622.81,12.8099,87.5069
421,40.249,557.293,58.3885,1632.15,13.8461,87.5099
52,39.8693,526.855,51.1478,1626.33,13.2146,87.5119
3537,40.2361,556.258,68.5154,1631.96,13.8249,87.5197
5280,40.5948,585.794,57.3822,1637.5499999999997,14.4303,87.5307
5994,39.7629,514.486,55.439,1623.9299999999998,12.9389,87.5496
2642,39.5965,494.456,56.5964,1620.02,12.4874,87.5573
697,40.8548,608.668,51.1174,1641.8399999999997,14.8983,87.5574
4599,39.9026,529.897,57.0419,1626.9099999999999,13.2798,87.5612
6574,40.0647,542.599,42.7194,1629.35,13.5431,87.5742
1566,39.7163,508.969,43.5081,1622.8600000000001,12.8151,87.5796
8990,40.1678,550.793,68.447,1630.9099999999999,13.7123,87.5891
1810,38.9679,442.029,47.9216,1609.5299999999997,11.3434,87.5951
9359,40.2348,556.152,55.8727,1631.94,13.8227,87.6445
3563,37.9834,388.129,44.2503,1598.52,10.2184,87.6464
93,40.1211,547.07,44.7076,1630.1999999999998,13.6355,87.6612
4638,38.8591,434.505,44.226,1608.0,11.1816,87.6831
2912,39.7596,514.098,43.6546,1623.8600000000001,12.9302,87.6841
4428,39.9156,530.915,48.0172,1627.1100000000001,13.3009,87.6881
2644,39.5966,494.465,54.6508,1620.02,12.4876,87.6996
1125,39.7583,513.948,50.5951,1623.83,12.9268,87.7017
2798,40.078,543.655,48.2588,1629.5499999999997,13.5649,87.7128
689,39.9757,535.604,52.4765,1628.0099999999998,13.3982,87.7459
5012,39.7834,516.9,49.8366,1624.4,12.9929,87.7463
7957,40.0463,541.153,47.6912,1629.0699999999997,13.5132,87.7527
7115,40.1855,552.201,52.0811,1631.1799999999998,13.7413,87.7759
7057,41.6473,722.148,58.051,1662.48,17.3396,87.7775
4250,39.5718,491.386,51.4623,1619.4099999999999,12.4176,87.7951
3348,40.779,601.936,54.9909,1640.58,14.761,87.7995
1155,39.8179,520.917,48.5766,1625.1799999999998,13.0825,87.8019
6562,39.469,478.353,56.4561,1616.83,12.1197,87.8106
4658,40.6572,591.227,60.4595,1638.5699999999997,14.5418,87.813
5372,40.3526,565.67,48.1342,1633.75,14.0182,87.8162
381,41.1915,643.499,56.4156,1648.3199999999997,15.6221,87.824
4401,41.2228,648.747,68.5709,1649.29,15.7376,87.8269
1860,39.6156,496.803,45.0781,1620.48,12.5406,87.849
3385,39.7771,516.163,48.7741,1624.2599999999998,12.9764,87.8531
8311,40.4207,571.223,57.9772,1634.7999999999997,14.1319,87.8595
6931,39.3327,467.924,42.7393,1614.7399999999998,11.8966,87.8619
2889,39.0222,445.823,49.1611,1610.2999999999997,11.4248,87.8622
8676,36.9192,342.115,41.5602,1588.9899999999998,9.2666,87.8632
4450,40.1934,552.837,50.9013,1631.2999999999997,13.7544,87.8733
8775,40.183,552.001,55.0381,1631.1399999999999,13.7372,87.885
5755,39.6793,504.542,52.4508,1622.0,12.7155,87.9004
8371,39.8215,521.334,51.9407,1625.2599999999998,13.0918,87.9025
7282,40.5265,579.922,53.198,1636.44,14.3097,87.9064
4739,40.431,572.072,54.2804,1634.96,14.1493,87.9069
8325,39.5289,486.009,65.7738,1618.35,12.295,87.9251
2763,39.9539,533.896,53.876,1627.6799999999998,13.3628,87.9254
1643,39.3902,472.098,48.8778,1615.58,11.9852,87.9425
4709,40.1736,551.249,56.0127,1631.0,13.7217,87.9443
8522,39.2849,464.476,52.3105,1614.0499999999997,11.8232,88.002
8927,39.0888,450.503,56.9047,1611.2399999999998,11.5251,88.0052
8705,39.8137,520.431,58.4971,1625.0899999999997,13.0717,88.0058
852,39.8546,525.162,55.0879,1626.0,13.177,88.0106
4147,39.8308,522.414,60.2554,1625.4699999999998,13.1158,88.0162
1186,40.5798,584.495,72.5048,1637.31,14.4036,88.0258
5807,40.1827,551.977,58.353,1631.1399999999999,13.7367,88.0326
874,39.8148,520.561,52.9626,1625.1100000000001,13.0746,88.0374
6448,39.3408,468.513,45.9607,1614.8600000000001,11.9091,88.042
7674,39.4387,475.638,43.4455,1616.2799999999997,12.0602,88.0593
6070,40.17,550.968,56.1913,1630.9499999999998,13.7159,88.0668
7960,39.3389,468.373,52.1551,1614.83,11.9061,88.068
5504,40.1469,549.125,55.7667,1630.6,13.6779,88.0754
4336,40.3134,562.493,62.3455,1633.1399999999999,13.953,88.0856
9796,39.87,526.934,59.2942,1626.3399999999997,13.2163,88.0892
2641,40.2749,559.384,60.0448,1632.5499999999997,13.8891,88.1005
1227,40.2824,559.983,55.2937,1632.6599999999999,13.9015,88.1096
1168,40.158,550.005,46.3568,1630.7599999999998,13.696,88.1191
8736,39.1361,453.844,54.5791,1611.9099999999999,11.5965,88.1267
522,40.0427,540.864,56.2732,1629.02,13.5072,88.1302
3839,40.1043,545.739,47.0287,1629.9499999999998,13.608,88.1326
2661,37.5112,366.661,45.4668,1594.0899999999997,9.77472,88.14
438,40.9773,619.655,58.2949,1643.9,15.1219,88.1538
4752,40.3639,566.594,60.4478,1633.92,14.0371,88.1737
7715,41.3395,667.576,50.4807,1652.73,16.1486,88.1881
8173,40.1862,552.261,52.2987,1631.19,13.7425,88.2
7326,39.5824,492.708,42.2696,1619.67,12.4477,88.2079
4102,39.5439,487.905,63.0547,1618.7199999999998,12.3383,88.2246
2637,40.288,560.44,44.4983,1632.75,13.9109,88.2347
9878,39.718,509.183,59.7857,1622.9,12.8199,88.2366
8248,39.5312,486.306,43.8917,1618.4099999999999,12.3018,88.2493
6612,40.2744,559.338,57.0327,1632.54,13.8882,88.2534
7056,39.8006,518.908,59.4261,1624.79,13.0377,88.2582
9577,39.8064,519.586,45.8805,1624.92,13.0528,88.2642
7397,39.1695,456.211,48.731,1612.3899999999999,11.6471,88.2764
7018,39.2429,461.459,44.7301,1613.4499999999998,11.759,88.2795
7328,41.7361,738.458,52.2993,1665.33,17.6935,88.2817
930,39.6283,498.359,66.3828,1620.7799999999997,12.5758,88.2952
6697,37.7422,376.81,44.1081,1596.1799999999998,9.98379,88.3087
1582,39.0945,450.899,54.9666,1611.3199999999997,11.5336,88.3109
8881,40.075,543.417,50.5519,1629.5,13.56,88.338
6949,40.0195,539.04,50.2318,1628.67,13.4694,88.3593
2368,39.8025,519.128,56.4222,1624.83,13.0426,88.3612
9915,39.4928,481.411,48.9322,1617.4299999999998,12.1898,88.3681
6244,39.781,516.619,41.5259,1624.35,12.9866,88.3725
749,39.5566,489.495,48.3353,1619.04,12.3745,88.3749
3763,37.5405,367.93,43.5306,1594.35,9.8009,88.375
4323,39.2617,462.805,47.3994,1613.7199999999998,11.7877,88.3861
7239,40.0825,544.012,58.9753,1629.62,13.5723,88.3921
2219,39.4044,473.131,68.3523,1615.7799999999997,12.0071,88.4153
3463,40.2897,560.575,47.7959,1632.7799999999997,13.9136,88.4163
3510,40.0263,539.576,60.9916,1628.77,13.4805,88.4196
4890,39.8159,520.691,45.7772,1625.1399999999999,13.0775,88.4381
8353,40.7203,596.766,57.4605,1639.6100000000001,14.6552,88.4384
5891,39.7981,518.62,45.4374,1624.7399999999998,13.0313,88.442
9055,39.528,485.893,48.7508,1618.3199999999997,12.2924,88.4483
2776,40.4906,576.962,65.5789,1635.88,14.2493,88.4487
4158,40.6219,588.15,56.7466,1637.9899999999998,14.4787,88.4495
4526,39.7059,507.735,66.282,1622.62,12.7874,88.4531
6379,39.4134,473.791,47.5289,1615.92,12.0211,88.4605
3729,39.6266,498.152,54.4856,1620.7399999999998,12.5711,88.4822
8245,39.6609,502.329,43.9423,1621.56,12.6656,88.488
1226,39.1922,457.828,47.8177,1612.7199999999998,11.6816,88.4954
5931,39.5709,491.274,51.2753,1619.3899999999999,12.4151,88.5026
2560,39.3382,468.324,50.0506,1614.8199999999997,11.9051,88.5226
4959,39.7961,518.38,49.2063,1624.69,13.0259,88.5238
9252,39.8027,519.153,54.5945,1624.8399999999997,13.0432,88.525
242,39.8016,519.028,63.7095,1624.81,13.0404,88.5455
6122,39.6024,495.179,52.2466,1620.1599999999999,12.5038,88.5475
1852,39.9674,534.955,57.5735,1627.88,13.3848,88.5598
6820,39.4475,476.285,41.9996,1616.4099999999999,12.0739,88.5607
3807,41.0024,621.921,71.7125,1644.3199999999997,15.1679,88.5749
5828,39.8344,522.835,49.4605,1625.5499999999997,13.1252,88.58
713,39.3231,467.227,41.8926,1614.6,11.8817,88.5969
7509,39.3735,470.88,47.9674,1615.33,11.9593,88.6038
4453,40.3703,567.115,48.713,1634.02,14.0478,88.6326
1242,36.7989,337.372,37.0467,1588.0,9.168,88.633
3533,39.793,518.024,59.3246,1624.62,13.018,88.6341
4086,39.102,451.428,49.8445,1611.4299999999998,11.5449,88.636
851,39.0563,448.21,54.1951,1610.7799999999997,11.476,88.6494
6459,40.8203,605.596,48.1847,1641.27,14.8357,88.6543
6270,39.3722,470.79,60.8341,1615.3199999999997,11.9574,88.666
5438,39.6867,505.431,55.5242,1622.17,12.7355,88.7044
4467,40.6715,592.478,56.1033,1638.81,14.5674,88.71
4575,40.05,541.439,54.6619,1629.13,13.5191,88.7112
2740,40.6859,593.741,50.8055,1639.0499999999997,14.5933,88.7222
9755,39.1374,453.933,48.8855,1611.9299999999998,11.5985,88.7235
5838,40.662,591.655,54.0394,1638.65,14.5505,88.7347
4955,40.2808,559.859,60.761,1632.6399999999999,13.8989,88.7523
5323,39.8063,519.573,53.4297,1624.92,13.0525,88.7602
1854,39.7558,513.651,46.1262,1623.77,12.9202,88.7684
8712,40.0125,538.486,59.0459,1628.56,13.458,88.7751
5697,40.918,614.324,56.9888,1642.9,15.0135,88.7777
3880,40.1455,549.015,55.0117,1630.5699999999997,13.6756,88.7796
3118,40.6569,591.205,61.4145,1638.5699999999997,14.5413,88.7985
2875,40.7481,599.207,57.7075,1640.0699999999997,14.7052,88.8025
3373,39.9909,536.794,48.7854,1628.2399999999998,13.4229,88.8039
4210,37.4322,363.269,47.0574,1593.38,9.70471,88.81
6051,39.5033,482.754,43.8056,1617.6999999999998,12.2206,88.8158
4997,39.5913,493.815,46.8025,1619.8899999999999,12.4728,88.8199
7476,37.9225,385.212,52.2244,1597.92,10.1579,88.842
4772,39.833,522.668,47.8603,1625.52,13.1215,88.8456
1148,38.6565,422.167,44.802,1605.4899999999998,10.921,88.8483
3508,39.8377,523.216,48.6532,1625.62,13.1337,88.8576
8549,40.048,541.284,52.2343,1629.1,13.5159,88.8662
5387,39.8307,522.402,54.5372,1625.4699999999998,13.1156,88.8758
2942,40.1088,546.095,60.4777,1630.02,13.6153,88.8804
3965,40.4931,577.166,50.8924,1635.92,14.2535,88.8916
1775,39.7132,508.611,61.4595,1622.79,12.8071,88.9085
1202,40.6845,593.622,52.646,1639.02,14.5909,88.9338
2415,40.6957,594.601,55.9141,1639.21,14.6109,88.936
9676,39.7892,517.578,55.8444,1624.5299999999997,13.008,88.9829
5897,40.0179,538.915,60.6667,1628.6399999999999,13.4668,88.9991
4975,39.7785,516.322,53.2831,1624.29,12.9799,89.0192
9061,40.1558,549.83,45.7748,1630.73,13.6924,89.036
3760,40.1564,549.876,65.0758,1630.7399999999998,13.6934,89.0404
8224,39.7476,512.689,68.3541,1623.58,12.8986,89.0451
2117,38.7611,427.808,44.0306,1606.6399999999999,11.0371,89.0528
8797,39.5705,491.23,52.9117,1619.38,12.414,89.0772
4876,40.4007,569.592,55.5485,1634.4899999999998,14.0986,89.0774
7042,40.2654,558.619,51.9518,1632.4099999999999,13.8734,89.1391
8969,39.7269,510.24,61.795,1623.1100000000001,12.8437,89.1671
8461,39.821,521.277,45.5819,1625.25,13.0905,89.182
5433,39.5427,487.756,43.5998,1618.69,12.3349,89.2021
6537,40.1355,548.216,55.6982,1630.42,13.6591,89.2038
8492,39.8949,529.305,45.0634,1626.7999999999997,13.2675,89.2182
8158,39.5384,487.203,42.2717,1618.58,12.3223,89.2351
2980,39.8388,523.34,52.8096,1625.65,13.1365,89.2629
4863,39.5311,486.286,50.9553,1618.4,12.3014,89.2632
4668,39.6106,496.192,54.3161,1620.3600000000001,12.5268,89.2645
3323,40.1858,552.23,49.2588,1631.19,13.7419,89.2747
338,39.7574,513.849,54.1194,1623.81,12.9246,89.2784
8426,40.1621,550.335,49.9878,1630.83,13.7028,89.2819
8343,39.4135,473.8,45.709,1615.92,12.0212,89.2946
6427,39.8959,529.383,48.9487,1626.81,13.2691,89.3364
5530,40.0786,543.704,59.0491,1629.56,13.5659,89.3384
2739,40.278,559.63,61.0601,1632.6,13.8942,89.3474
8093,40.6718,592.508,50.8099,1638.81,14.568,89.3657
5432,40.0779,543.648,49.2503,1629.5499999999997,13.5648,89.3695
887,40.8054,604.277,57.0645,1641.02,14.8087,89.3736
510,39.4054,473.204,59.2802,1615.7999999999997,12.0086,89.3871
3652,38.7407,426.666,45.9007,1606.4099999999999,11.0134,89.3882
9440,39.0475,447.591,51.4798,1610.65,11.4627,89.3896
5015,40.2808,559.86,49.0403,1632.6399999999999,13.8989,89.3966
1900,38.7784,428.983,49.0974,1606.88,11.0624,89.3993
1556,37.2316,354.814,41.7453,1591.63,9.52992,89.4343
3914,39.892,529.074,58.913,1626.75,13.2627,89.4378
1771,39.7007,507.113,54.224,1622.5,12.7734,89.4555
8499,40.0453,541.07,51.8139,1629.06,13.5115,89.4608
8887,40.0364,540.37,44.7061,1628.92,13.497,89.4691
1684,39.3794,471.31,46.2459,1615.42,11.9685,89.5389
1621,36.9823,344.637,37.071,1589.5099999999998,9.31895,89.5521
5301,39.9263,531.744,44.4907,1627.27,13.3181,89.5624
1045,39.0013,444.357,44.2501,1610.0,11.3934,89.5742
9367,39.5688,491.021,47.1269,1619.3399999999997,12.4093,89.5744
6,38.991,443.641,48.6858,1609.85,11.378,89.5801
3475,40.601,586.336,55.6142,1637.65,14.4414,89.5979
499,40.0437,540.949,71.5804,1629.0299999999997,13.509,89.6105
5034,39.5816,492.609,50.2495,1619.65,12.4454,89.6114
5031,39.7515,513.149,62.9765,1623.67,12.9089,89.6234
513,39.5536,489.117,57.9046,1618.96,12.3659,89.6256
581,40.1739,551.278,52.4625,1631.0099999999998,13.7223,89.6343
9631,39.642,500.034,40.8337,1621.1100000000001,12.6137,89.6573
754,39.847,524.289,49.5979,1625.83,13.1576,89.6731
1982,40.9675,618.769,62.7244,1643.73,15.1039,89.674
773,39.6025,495.196,39.2579,1620.1599999999999,12.5042,89.6784
996,39.8073,519.684,48.0417,1624.94,13.055,89.6864
1853,40.3137,562.515,50.6537,1633.15,13.9535,89.6877
5357,39.7217,509.621,49.1132,1622.9899999999998,12.8298,89.6891
9322,39.6505,501.062,61.5847,1621.31,12.637,89.6893
1532,39.9457,533.256,57.7014,1627.56,13.3495,89.6955
5028,39.0686,449.075,52.3784,1610.9499999999998,11.4945,89.7359
9201,39.839,523.363,45.347,1625.65,13.137,89.7496
3428,40.7738,601.478,60.107,1640.5,14.7516,89.75
2947,39.5318,486.374,44.8939,1618.42,12.3034,89.7876
1575,39.4828,480.131,60.3378,1617.1799999999998,12.1605,89.7908
7861,40.3793,567.847,61.3513,1634.1599999999999,14.0628,89.795
2797,39.0622,448.624,51.8325,1610.8600000000001,11.4849,89.7963
127,39.4604,477.225,45.2276,1616.6,12.0938,89.8126
9154,39.5789,492.271,43.3832,1619.58,12.4377,89.8278
8566,39.2917,464.966,48.5067,1614.15,11.8337,89.8488
3548,38.2754,402.486,47.8436,1601.4699999999998,10.5155,89.849
8699,39.7588,514.01,43.4117,1623.8399999999997,12.9282,89.8599
7680,38.2011,398.775,40.0639,1600.71,10.4388,89.8636
110,40.0087,538.194,55.8258,1628.5,13.4519,89.8785
2071,39.5194,484.8,41.6505,1618.1100000000001,12.2674,89.8847
9379,39.9051,530.098,52.0297,1626.9499999999998,13.284,89.9021
9942,40.0456,541.094,53.7797,1629.06,13.512,89.9335
7578,38.9827,443.059,55.252,1609.7399999999998,11.3655,89.9395
5617,40.1217,547.116,57.8137,1630.21,13.6364,89.9589
2478,39.38,471.359,45.5994,1615.4299999999998,11.9695,89.962
6902,38.7223,425.679,48.5139,1606.21,10.9931,89.9783
2876,38.4219,409.925,49.9782,1602.9899999999998,10.669,89.9797
8759,39.7084,508.029,54.4288,1622.6799999999998,12.794,89.9848
5326,39.7411,511.914,50.4212,1623.4299999999998,12.8812,90.0186
8491,39.8297,522.291,56.2071,1625.4499999999998,13.1131,90.0277
1707,39.5526,488.997,47.9049,1618.94,12.3632,90.0291
3088,40.1123,546.369,63.1057,1630.0699999999997,13.621,90.034
7003,39.4336,475.264,66.3331,1616.21,12.0523,90.0342
3115,40.2247,555.343,45.6907,1631.7799999999997,13.806,90.0473
3572,39.9671,534.932,54.4501,1627.88,13.3843,90.049
5986,40.4059,570.016,55.8762,1634.5699999999997,14.1073,90.0564
8102,40.2938,560.905,53.7284,1632.8399999999997,13.9204,90.0702
7274,38.4578,411.771,55.7223,1603.37,10.7071,90.1004
3010,39.7757,515.999,49.6409,1624.23,12.9727,90.1066
8659,40.8619,609.299,66.3395,1641.96,14.9112,90.1091
7218,40.9493,617.133,53.9017,1643.4299999999998,15.0707,90.116
3162,40.068,542.866,48.8393,1629.4,13.5486,90.1419
9687,40.9949,621.238,56.6251,1644.19,15.1541,90.1484
3502,39.8105,520.057,50.5744,1625.0099999999998,13.0633,90.1523
4553,39.5085,483.417,52.226,1617.83,12.2358,90.1608
6025,39.7877,517.398,58.9252,1624.5,13.004,90.165
1902,39.8283,522.132,48.225,1625.4099999999999,13.1096,90.1653
6118,39.7234,509.824,47.3198,1623.0299999999997,12.8343,90.1715
3585,39.6136,496.561,49.3781,1620.4299999999998,12.5351,90.1851
1748,39.6201,497.363,61.1689,1620.5899999999997,12.5533,90.1879
6387,39.5655,490.603,48.5736,1619.2599999999998,12.3998,90.2011
2999,40.3155,562.664,49.8206,1633.17,13.9565,90.2158
6761,39.0059,444.684,48.2815,1610.0699999999997,11.4004,90.2282
7158,37.1575,351.752,43.1021,1590.9899999999998,9.4665,90.2355
8265,38.6496,421.804,46.7486,1605.42,10.9135,90.2388
2576,40.9499,617.188,58.7686,1643.44,15.0718,90.265
7245,41.3205,664.58,60.2624,1652.1799999999998,16.0835,90.2652
525,39.8439,523.928,67.313,1625.7599999999998,13.1495,90.2755
5385,40.3555,565.907,52.9958,1633.79,14.023,90.2846
3201,41.0828,629.218,58.377,1645.6799999999998,15.3159,90.3011
2486,44.0185,979.616,77.9355,1707.3399999999997,22.2546,90.3148
9774,40.4865,576.622,61.3582,1635.8199999999997,14.2423,90.3215
9408,39.9321,532.195,51.0136,1627.35,13.3275,90.3224
6000,39.7989,518.712,63.9101,1624.75,13.0333,90.3231
2975,39.736,511.312,46.9534,1623.3199999999997,12.8677,90.3245
109,40.1771,551.53,54.2475,1631.0499999999997,13.7275,90.3267
5919,39.9732,535.404,48.0268,1627.9699999999998,13.3941,90.3299
1603,40.0479,541.273,63.1913,1629.0899999999997,13.5156,90.346
5212,40.4771,575.85,45.0279,1635.67,14.2266,90.3692
9840,41.5003,693.264,57.6137,1657.35,16.7051,90.385
6866,40.0665,542.748,55.3058,1629.38,13.5462,90.4126
8859,38.2205,399.738,46.8402,1600.9,10.4587,90.4141
7234,39.4618,477.414,51.0239,1616.6399999999999,12.0981,90.4186
3416,39.6772,504.29,41.9209,1621.9499999999998,12.7098,90.4269
7692,40.0427,540.864,55.7145,1629.02,13.5072,90.436
8594,39.4867,480.627,48.6867,1617.2799999999997,12.1719,90.451
7422,39.4085,473.435,46.4138,1615.8399999999997,12.0135,90.4565
683,39.1247,453.033,48.1269,1611.75,11.5792,90.461
4421,40.3337,564.139,56.057,1633.4499999999998,13.9868,90.4636
1043,40.6407,589.795,57.2888,1638.2999999999997,14.5124,90.4743
7805,39.9146,530.833,50.3497,1627.0899999999997,13.2992,90.4799
3029,39.8171,520.831,49.8311,1625.1599999999999,13.0806,90.4809
7462,39.2418,461.377,44.5684,1613.4299999999998,11.7573,90.4864
8637,38.6829,423.577,40.1721,1605.7799999999997,10.95,90.5136
8226,39.5624,490.225,50.1019,1619.1799999999998,12.3912,90.5153
1143,39.5921,493.906,66.2163,1619.9099999999999,12.4749,90.5167
598,39.8154,520.628,61.182,1625.12,13.076,90.5187
7473,42.0907,783.624,79.4013,1673.1799999999998,18.6175,90.5302
9019,39.7594,514.083,49.458,1623.8600000000001,12.9298,90.537
8801,39.4119,473.681,52.3747,1615.8899999999999,12.0187,90.5409
2443,39.974,535.472,47.5011,1627.98,13.3955,90.5458
4340,40.3642,566.618,61.0315,1633.9299999999998,14.0376,90.5464
8467,39.7045,507.563,52.2694,1622.5899999999997,12.7835,90.5565
1485,39.6089,495.985,43.3265,1620.3199999999997,12.5221,90.5755
7953,39.583,492.788,49.3486,1619.69,12.4495,90.5818
9472,39.9963,537.218,56.8885,1628.3199999999997,13.4317,90.5984
264,40.4877,576.72,60.9035,1635.8399999999997,14.2443,90.6377
1274,39.9345,532.386,57.7927,1627.3899999999999,13.3315,90.6507
1696,39.6793,504.545,46.8572,1622.0,12.7156,90.6611
7379,40.0276,539.673,53.3516,1628.79,13.4825,90.6767
3641,39.5261,485.652,49.5599,1618.2799999999997,12.2869,90.6974
3857,38.6059,419.493,51.1219,1604.9499999999998,10.866,90.7039
7098,36.2782,318.376,45.9897,1584.02,8.77594,90.7073
5680,36.1287,313.237,39.5499,1582.94,8.67003,90.7158
9622,39.8031,519.201,51.9751,1624.85,13.0442,90.7396
3199,39.5527,489.012,48.5507,1618.94,12.3635,90.7399
8596,40.8801,610.923,58.9955,1642.27,14.9443,90.7445
6637,39.6674,503.115,52.2432,1621.7199999999998,12.6833,90.7529
9347,36.4021,322.703,47.9441,1584.9299999999998,8.86496,90.7585
8419,40.1981,553.214,64.0376,1631.38,13.7622,90.7823
6210,39.9965,537.233,62.2762,1628.3199999999997,13.432,90.7855
4562,39.6967,506.631,57.1734,1622.4,12.7625,90.789
160,40.5899,585.374,54.4519,1637.4699999999998,14.4217,90.8029
4527,41.2045,645.694,56.7885,1648.7199999999998,15.6705,90.8079
2036,39.8519,524.859,44.0479,1625.94,13.1702,90.82
9335,41.9133,761.851,61.9328,1669.4,18.1768,90.82
9810,39.8392,523.383,51.0698,1625.6599999999999,13.1374,90.821
1019,40.044,540.969,54.3549,1629.04,13.5094,90.8248
4191,38.5063,414.28,42.1497,1603.88,10.7588,90.8326
6591,40.1461,549.059,51.8712,1630.58,13.6765,90.8392
2579,40.2136,554.452,60.2885,1631.6100000000001,13.7877,90.857
4271,39.4691,478.359,51.4944,1616.83,12.1198,90.8878
484,39.9048,530.069,49.0718,1626.94,13.2833,90.893
3382,37.5242,367.225,42.7023,1594.1999999999998,9.78635,90.8996
6399,39.7108,508.32,55.2305,1622.73,12.8006,90.9041
8035,39.7475,512.676,54.7635,1623.58,12.8983,90.9092
4564,39.5151,484.255,40.0347,1618.0,12.2549,90.9315
8376,39.8793,528.008,57.1923,1626.5499999999997,13.2401,90.9324
8783,40.0542,541.77,64.7251,1629.19,13.5259,90.9383
4957,39.3538,469.45,52.4689,1615.0499999999997,11.929,90.943
1776,40.1881,552.408,53.7568,1631.2199999999998,13.7456,90.9435
9562,40.6351,589.302,51.0055,1638.21,14.5023,90.946
1494,39.6956,506.497,48.8415,1622.38,12.7595,90.9472
4852,39.5926,493.967,57.3431,1619.92,12.4762,90.9636
7498,39.5581,489.679,54.9135,1619.0699999999997,12.3787,90.9719
4705,36.0421,310.305,40.7743,1582.3199999999997,8.60952,90.9895
6300,39.4024,472.985,48.5406,1615.75,12.004,90.9941
5959,40.3021,561.577,56.0353,1632.9699999999998,13.9342,90.9941
5339,40.2681,558.832,51.2176,1632.4499999999998,13.8778,91.0149
6475,39.5361,486.925,49.3984,1618.5299999999997,12.3159,91.0292
6862,39.7796,516.447,57.1478,1624.31,12.9827,91.0334
9321,39.5887,493.488,49.1863,1619.8199999999997,12.4654,91.0386
2932,40.9454,616.78,76.3684,1643.3600000000001,15.0635,91.0637
3231,39.8579,525.542,51.867,1626.0699999999997,13.1854,91.0717
7103,39.771,515.439,49.9482,1624.12,12.9602,91.0839
864,39.4704,478.532,45.5659,1616.8600000000001,12.1238,91.0948
472,40.4425,573.007,57.8858,1635.1399999999999,14.1685,91.1058
8535,39.0202,445.68,42.955,1610.27,11.4218,91.1086
3215,39.9917,536.856,59.0947,1628.25,13.4242,91.1302
6406,40.6188,587.879,57.6027,1637.94,14.4731,91.1306
7236,38.8141,431.424,48.4972,1607.38,11.1151,91.1754
7893,39.5845,492.973,46.5348,1619.7199999999998,12.4537,91.1769
9404,39.6084,495.923,49.5717,1620.2999999999997,12.5206,91.2098
832,39.7221,509.667,48.0877,1623.0,12.8308,91.2211
1320,40.4035,569.818,52.9119,1634.5299999999997,14.1032,91.222
6816,39.592,493.898,58.9457,1619.9099999999999,12.4747,91.2309
6511,39.6984,506.833,48.0153,1622.44,12.7671,91.2339
3425,39.4182,474.141,53.0955,1615.98,12.0285,91.235
6695,39.178,456.822,44.7543,1612.5099999999998,11.6601,91.246
5483,40.0812,543.907,52.1418,1629.6,13.5701,91.2554
1840,40.1001,545.4,54.0549,1629.88,13.601,91.2649
2213,40.0462,541.14,54.6285,1629.0699999999997,13.5129,91.2858
9862,39.7686,515.163,48.12,1624.06,12.954,91.2966
3524,41.0673,627.806,55.6177,1645.4099999999999,15.2872,91.3114
7973,39.3167,466.765,46.2926,1614.5099999999998,11.8719,91.3256
9113,39.8359,523.001,50.7859,1625.58,13.1289,91.3261
8096,40.5022,577.919,55.612,1636.06,14.2688,91.3365
1948,39.5875,493.344,54.2259,1619.7999999999997,12.4621,91.3424
8819,39.9736,535.435,55.9397,1627.98,13.3947,91.3519
6526,39.3791,471.292,41.3727,1615.42,11.9681,91.3584
8100,39.8355,522.957,57.147,1625.5699999999997,13.1279,91.3708
743,39.3922,472.241,46.3512,1615.6100000000001,11.9882,91.3769
8707,40.1544,549.724,49.9755,1630.71,13.6902,91.3816
1442,39.4907,481.139,47.9912,1617.38,12.1836,91.3834
1403,42.0237,775.291,71.7846,1671.73,18.4489,91.3934
7190,39.7156,508.895,41.6937,1622.85,12.8135,91.4138
7541,39.574,491.662,48.2745,1619.46,12.4239,91.4194
6662,41.3341,666.728,59.5037,1652.5699999999997,16.1302,91.4239
3074,39.4684,478.27,49.9091,1616.81,12.1178,91.4352
1973,39.0084,444.857,49.9156,1610.1,11.4041,91.4411
2969,40.264,558.502,49.0609,1632.38,13.871,91.4416
4914,40.0505,541.483,63.7013,1629.13,13.52,91.4418
5275,39.5587,489.763,51.4626,1619.0899999999997,12.3806,91.4419
1255,40.0023,537.686,56.7303,1628.4099999999999,13.4414,91.443
5135,40.5623,582.976,49.0116,1637.02,14.3724,91.4463
5431,39.6701,503.434,51.9334,1621.7799999999997,12.6905,91.4469
3884,39.9798,535.925,50.5394,1628.0699999999997,13.4049,91.453
7941,39.2768,463.894,40.9906,1613.9299999999998,11.8109,91.4545
1414,39.7044,507.56,49.5591,1622.58,12.7834,91.4712
2225,40.0532,541.696,55.5567,1629.1799999999998,13.5244,91.4891
8613,39.5955,494.331,68.9193,1619.9899999999998,12.4845,91.4961
6003,40.9565,617.783,60.3041,1643.5499999999997,15.0839,91.5181
6947,40.1877,552.375,65.6594,1631.2199999999998,13.7449,91.5189
7175,38.6769,423.257,51.5514,1605.71,10.9434,91.5302
5267,40.0436,540.94,51.2514,1629.0299999999997,13.5088,91.5346
7898,39.697,506.664,57.2252,1622.4099999999999,12.7633,91.5381
5263,40.7282,597.454,57.2859,1639.7399999999998,14.6693,91.5482
2764,40.0078,538.123,53.5116,1628.4899999999998,13.4504,91.5608
9716,39.8455,524.118,44.6091,1625.7999999999997,13.1538,91.5622
3121,40.9665,618.681,55.8756,1643.71,15.1021,91.5761
6871,39.8026,519.138,50.6468,1624.8399999999997,13.0428,91.5839
1997,40.2343,556.112,47.7851,1631.9299999999998,13.8218,91.5882
8626,40.4575,574.243,44.5846,1635.37,14.1937,91.5886
6150,39.4968,481.931,54.095,1617.54,12.2018,91.5895
3988,39.9657,534.823,53.4622,1627.8600000000001,13.382,91.5943
1257,40.442,572.97,51.2314,1635.13,14.1677,91.5967
7075,39.834,522.789,59.22,1625.54,13.1242,91.6014
4856,40.0738,543.319,51.4458,1629.4899999999998,13.558,91.6059
3987,40.048,541.287,72.9555,1629.1,13.5159,91.6509
1928,40.1914,552.672,62.3963,1631.27,13.751,91.653
4706,40.8385,607.216,57.2781,1641.5699999999997,14.8687,91.6551
2419,39.5684,490.97,61.1378,1619.33,12.4081,91.6773
8443,38.3742,407.484,49.4919,1602.4899999999998,10.6187,91.6786
9540,40.1796,551.732,48.7913,1631.0899999999997,13.7317,91.681
5109,39.731,510.718,63.3342,1623.1999999999998,12.8544,91.6844
6972,39.8706,527.005,62.4113,1626.35,13.2179,91.7141
4678,39.7076,507.938,43.791,1622.6599999999999,12.7919,91.7558
7783,40.378,567.737,58.1459,1634.1399999999999,14.0606,91.7576
1721,39.5546,489.248,41.1912,1618.9899999999998,12.3689,91.8045
7126,39.0259,446.079,57.8281,1610.35,11.4303,91.8093
9175,40.026,539.552,53.7614,1628.7599999999998,13.48,91.8112
6536,39.8397,523.452,47.1701,1625.67,13.1389,91.8192
6542,39.8432,523.855,53.8384,1625.75,13.1479,91.8267
6388,39.5718,491.387,44.5268,1619.4099999999999,12.4176,91.8298
4679,39.6008,494.985,45.8493,1620.12,12.4994,91.8376
1897,39.1031,451.505,44.5181,1611.44,11.5465,91.8382
963,40.0388,540.559,74.0896,1628.96,13.5009,91.849
1850,39.6967,506.632,52.0342,1622.4,12.7626,91.8902
4179,40.0439,540.96,54.5963,1629.0299999999997,13.5092,91.8967
5941,39.0716,449.287,53.2921,1611.0,11.4991,91.9177
9242,41.571,707.507,53.6247,1659.8899999999999,17.0192,91.9292
8908,39.6828,504.97,61.1387,1622.08,12.7252,91.9388
6061,40.0155,538.724,58.486,1628.6100000000001,13.4629,91.9567
8863,39.8456,524.13,59.9805,1625.7999999999997,13.154,91.9656
5315,39.6347,499.139,51.7249,1620.94,12.5935,91.97
9176,40.1422,548.749,50.1258,1630.52,13.6701,91.9871
2365,38.4102,409.323,51.4,1602.87,10.6566,91.9988
6090,40.9566,617.784,62.1095,1643.5499999999997,15.0839,92.0255
6528,39.5605,489.979,46.5441,1619.13,12.3856,92.0387
1361,40.014,538.609,61.928,1628.58,13.4605,92.0526
1294,39.4483,476.343,49.6766,1616.42,12.0751,92.1032
5043,41.0991,630.705,56.0512,1645.9499999999998,15.3459,92.1067
2102,40.8112,604.79,55.2751,1641.12,14.8192,92.1174
8284,39.7739,515.789,48.8701,1624.19,12.968,92.1403
8189,39.1946,458.004,55.346,1612.75,11.6854,92.1417
8664,40.0374,540.445,49.8885,1628.94,13.4985,92.1515
7918,38.4909,413.48,39.8986,1603.7199999999998,10.7423,92.1535
4462,39.5863,493.19,57.5482,1619.77,12.4586,92.1694
335,40.1624,550.357,52.9859,1630.83,13.7033,92.1741
2451,40.3702,567.108,63.6942,1634.02,14.0477,92.1872
9495,39.5775,492.096,53.3511,1619.5499999999997,12.4337,92.2014
520,39.6952,506.452,51.7371,1622.37,12.7585,92.2156
4616,39.1549,455.179,44.9137,1612.1799999999998,11.6251,92.2364
9786,38.8172,431.634,42.4201,1607.42,11.1197,92.2408
9343,39.7833,516.886,49.1889,1624.4,12.9925,92.2438
9023,39.555,489.294,55.6501,1619.0,12.37,92.253
7527,39.8605,525.84,47.8745,1626.13,13.192,92.2537
509,39.2749,463.755,64.9006,1613.9099999999999,11.8079,92.2731
10000,39.7091,508.118,53.635,1622.69,12.796,92.2734
7212,40.2511,557.465,52.6635,1632.19,13.8497,92.2866
1368,37.7808,378.537,51.9668,1596.54,10.0193,92.2968
2675,39.585,493.029,50.3594,1619.73,12.455,92.2983
302,39.7869,517.302,55.8129,1624.48,13.0018,92.3081
7603,39.77,515.329,48.0367,1624.1,12.9577,92.3109
2202,39.6915,506.006,51.4227,1622.2799999999997,12.7485,92.3137
3142,40.161,550.243,58.3246,1630.81,13.7009,92.3292
7036,39.7779,516.252,51.8473,1624.2799999999997,12.9784,92.3359
7078,39.3839,471.639,42.2113,1615.48,11.9754,92.336
687,40.1481,549.215,49.3175,1630.6100000000001,13.6797,92.338
1028,39.6739,503.889,51.0323,1621.87,12.7008,92.3405
3481,38.8407,433.246,46.647,1607.75,11.1544,92.3452
6744,39.8024,519.123,49.4974,1624.83,13.0425,92.3676
5047,38.2471,401.069,54.5128,1601.1799999999998,10.4863,92.3747
7180,40.0974,545.19,47.9407,1629.8399999999997,13.5966,92.3827
1189,39.3801,471.36,53.6475,1615.4299999999998,11.9695,92.4
310,38.842,433.331,54.6917,1607.7599999999998,11.1562,92.4005
2823,41.1008,630.856,70.8997,1645.98,15.349,92.4249
5103,39.5925,493.959,51.2656,1619.92,12.4761,92.4297
6993,39.8223,521.43,60.1558,1625.2799999999997,13.0939,92.4333
1636,40.6524,590.816,63.4759,1638.5,14.5333,92.4341
9924,39.7344,511.13,47.7194,1623.2799999999997,12.8637,92.447
6203,39.9094,530.426,56.1809,1627.0099999999998,13.2908,92.4481
3293,38.4267,410.169,41.9857,1603.04,10.6741,92.4538
3730,38.2112,399.277,46.8047,1600.81,10.4492,92.4856
1323,40.1949,552.955,51.1716,1631.33,13.7568,92.4994
4750,39.3737,470.897,49.1119,1615.3399999999997,11.9597,92.5083
2065,39.4144,473.861,45.2966,1615.9299999999998,12.0225,92.5165
8128,40.2671,558.755,46.6713,1632.4299999999998,13.8762,92.5185
9227,39.0745,449.489,49.4414,1611.04,11.5034,92.529
8772,38.9471,440.585,41.2973,1609.2399999999998,11.3124,92.5459
298,40.5376,580.848,59.0568,1636.62,14.3286,92.5507
6133,40.6021,586.428,69.6448,1637.67,14.4433,92.5679
6440,40.0433,540.911,56.5458,1629.02,13.5082,92.5787
3490,39.5959,494.38,51.594,1620.0,12.4856,92.6216
3625,39.8881,528.778,47.6679,1626.6999999999998,13.2565,92.6279
6694,38.609,419.657,41.6093,1604.98,10.8694,92.6302
6457,40.3239,563.342,58.2613,1633.2999999999997,13.9704,92.6332
7280,39.5249,485.497,49.546,1618.25,12.2833,92.6467
632,40.2667,558.723,47.1404,1632.4299999999998,13.8756,92.6585
447,37.5545,368.54,52.6735,1594.48,9.81347,92.7041
7079,40.0545,541.796,60.1749,1629.19,13.5265,92.7058
8749,39.3387,468.357,50.1083,1614.83,11.9058,92.7078
4788,40.4843,576.44,59.8573,1635.79,14.2386,92.7214
6375,39.8114,520.168,55.6117,1625.04,13.0658,92.7256
5222,39.97,535.156,54.1095,1627.92,13.3889,92.7435
3895,40.2285,555.65,55.6447,1631.8399999999997,13.8123,92.7598
5317,40.1214,547.097,62.4896,1630.21,13.636,92.7733
7583,39.688,505.586,41.098,1622.1999999999998,12.739,92.789
6153,40.1606,550.212,58.4893,1630.7999999999997,13.7003,92.8063
3724,41.7841,746.569,70.0832,1666.75,17.8673,92.8179
6967,39.6004,494.936,54.4574,1620.1100000000001,12.4982,92.8209
5582,38.4161,409.627,50.1786,1602.9299999999998,10.6629,92.8318
4027,39.5675,490.86,55.4362,1619.31,12.4056,92.8947
4862,40.9518,617.36,67.0122,1643.4699999999998,15.0753,92.9032
2783,39.4828,480.129,55.1641,1617.1799999999998,12.1605,92.9075
8680,39.8228,521.484,65.2838,1625.29,13.0951,92.9196
5597,39.98,535.939,48.2159,1628.0699999999997,13.4052,92.9289
5461,39.5739,491.658,44.5037,1619.46,12.4238,92.9291
579,39.5028,482.697,46.4464,1617.69,12.2193,92.9808
3334,40.4075,570.145,59.8249,1634.5899999999997,14.1099,92.9915
8845,39.7015,507.21,54.7455,1622.52,12.7756,93.0028
7237,40.5619,582.942,54.5014,1637.0099999999998,14.3717,93.0079
6835,39.0751,449.532,55.946,1611.0499999999997,11.5043,93.0229
3497,39.685,505.229,46.7063,1622.13,12.731,93.0269
2263,39.5637,490.381,48.0595,1619.21,12.3947,93.029
7189,39.8387,523.333,51.9836,1625.65,13.1363,93.0341
2345,37.5342,367.658,40.7537,1594.29,9.79528,93.0407
265,39.5438,487.884,57.0853,1618.7199999999998,12.3378,93.0445
468,40.6524,590.811,43.7611,1638.5,14.5332,93.0524
2556,39.8281,522.099,48.6821,1625.4099999999999,13.1088,93.0689
9572,40.1507,549.428,54.9771,1630.65,13.6841,93.1021
7275,40.7277,597.417,61.543,1639.7399999999998,14.6686,93.1237
3148,39.8237,521.595,49.6923,1625.31,13.0976,93.1461
7400,38.5586,417.011,41.551,1604.44,10.815,93.1531
6709,39.5218,485.11,50.3786,1618.17,12.2745,93.1613
9117,40.0746,543.385,51.9999,1629.5,13.5593,93.1636
2147,39.5265,485.705,48.2848,1618.29,12.2881,93.1652
5678,40.1139,546.501,47.085,1630.0899999999997,13.6237,93.1749
6704,39.0719,449.307,46.3859,1611.0,11.4995,93.1751
7581,38.1995,398.693,42.3799,1600.69,10.4371,93.1843
5368,39.8226,521.465,51.5276,1625.29,13.0947,93.1871
3344,39.8566,525.4,57.9841,1626.0499999999997,13.1823,93.1882
9409,40.1905,552.604,64.8925,1631.2599999999998,13.7496,93.1962
2422,39.7275,510.312,52.4776,1623.12,12.8453,93.1965
2989,39.0011,444.342,65.3055,1610.0,11.3931,93.2225
9103,39.571,491.29,48.383,1619.3899999999999,12.4154,93.2247
6600,39.6848,505.211,55.2268,1622.13,12.7306,93.2255
5769,38.6874,423.814,40.691,1605.83,10.9548,93.246
8899,42.097,784.415,72.3567,1673.31,18.6335,93.2875
5383,39.4938,481.538,46.8322,1617.46,12.1928,93.3066
2511,39.5838,492.884,50.1631,1619.71,12.4517,93.3296
1818,39.7436,512.214,45.1298,1623.4899999999998,12.888,93.3382
3167,39.5964,494.444,48.822,1620.0099999999998,12.4871,93.347
3653,39.1261,453.131,53.9306,1611.77,11.5813,93.3534
6779,39.7675,515.034,49.4587,1624.04,12.9511,93.3594
8584,40.422,571.328,63.9508,1634.8199999999997,14.1341,93.3648
3520,37.9709,387.53,51.5298,1598.3899999999999,10.206,93.383
1331,41.813,749.944,66.7703,1667.33,17.9357,93.4004
2842,38.4233,409.994,41.7689,1603.0099999999998,10.6705,93.4129
1431,40.6629,591.729,51.6931,1638.67,14.5521,93.429
4956,38.575,417.865,50.4104,1604.6100000000001,10.8326,93.4483
9465,39.8779,527.845,54.4087,1626.52,13.2365,93.4509
8089,41.8249,751.341,87.0399,1667.5699999999997,17.964,93.4752
5296,39.5686,490.995,51.2528,1619.33,12.4087,93.486
9718,39.9539,533.897,55.9344,1627.6799999999998,13.3628,93.5067
5013,40.2546,557.743,44.5626,1632.2399999999998,13.8554,93.5103
6953,40.2246,555.335,57.1845,1631.7799999999997,13.8059,93.5178
5992,39.4081,473.402,48.0985,1615.8399999999997,12.0128,93.5368
6657,40.281,559.872,52.1934,1632.6399999999999,13.8992,93.5446
1373,39.7721,515.574,55.0476,1624.1399999999999,12.9632,93.55
8892,39.6925,506.126,51.1137,1622.2999999999997,12.7512,93.551
6492,39.0012,444.349,48.6646,1610.0,11.3932,93.555
8667,40.2807,559.849,53.8828,1632.6399999999999,13.8987,93.5553
9773,40.2556,557.83,57.5047,1632.2599999999998,13.8572,93.5597
7440,39.7746,515.862,51.4817,1624.1999999999998,12.9696,93.5697
5486,40.2768,559.532,59.6615,1632.58,13.8922,93.5704
1224,40.1623,550.348,53.7961,1630.83,13.7031,93.5705
9895,39.5998,494.863,51.8801,1620.1,12.4966,93.5723
7297,39.6327,498.896,60.0812,1620.8899999999999,12.588,93.6021
1988,39.5765,491.972,52.2581,1619.5299999999997,12.4309,93.6043
5746,41.6937,730.764,73.7595,1663.9899999999998,17.527,93.615
9268,39.538,487.154,48.3139,1618.5699999999997,12.3212,93.6177
1285,39.8215,521.335,49.1098,1625.2599999999998,13.0918,93.6487
6018,40.7435,598.808,52.6476,1640.0,14.697,93.6537
538,38.5423,416.156,48.0838,1604.2599999999998,10.7974,93.6615
6852,40.6228,588.229,63.5578,1638.0099999999998,14.4803,93.6632
4820,43.1727,895.238,81.6652,1692.5,20.7362,93.6663
1228,39.5459,488.152,47.0668,1618.77,12.3439,93.6793
9858,39.9634,534.642,58.3462,1627.8199999999997,13.3783,93.6863
7131,39.75,512.971,48.9647,1623.6399999999999,12.9049,93.7154
7621,39.7151,508.829,72.4544,1622.83,12.812,93.7233
665,40.1069,545.941,50.4406,1629.9899999999998,13.6121,93.7284
7797,40.3602,566.293,54.0314,1633.8600000000001,14.031,93.7312
7665,39.6604,502.257,59.6501,1621.5499999999997,12.664,93.7318
4884,40.1472,549.146,57.3092,1630.6,13.6783,93.7319
1333,42.8353,863.227,74.2191,1686.96,20.1522,93.7323
9120,39.5489,488.528,47.8233,1618.85,12.3525,93.7347
7399,40.6261,588.52,62.6011,1638.06,14.4862,93.7805
8420,39.5349,486.773,59.5138,1618.5,12.3125,93.786
869,40.0202,539.095,56.1682,1628.6799999999998,13.4706,93.8016
927,38.2607,401.746,46.4818,1601.3199999999997,10.5002,93.8067
3124,40.4968,577.475,61.5498,1635.98,14.2598,93.8198
8159,39.074,449.46,41.1757,1611.0299999999997,11.5028,93.8257
4617,40.1044,545.748,51.3875,1629.9499999999998,13.6082,93.8465
1831,40.0756,543.463,48.0817,1629.5099999999998,13.5609,93.8703
8203,39.6951,506.444,63.785,1622.37,12.7584,93.873
875,39.5199,484.871,42.7621,1618.12,12.269,93.8792
6525,39.9349,532.416,53.0033,1627.4,13.3321,93.8822
6770,41.3834,674.407,63.9668,1653.96,16.2965,93.9411
5859,39.9029,529.924,59.3747,1626.92,13.2803,93.9522
9967,40.1897,552.539,50.5854,1631.25,13.7483,93.9643
6807,40.2366,556.303,56.1944,1631.96,13.8258,93.9735
6774,39.7254,510.056,49.2159,1623.0699999999997,12.8396,94.0279
2124,39.8232,521.539,49.3218,1625.2999999999997,13.0964,94.0506
1638,39.9407,532.869,53.1906,1627.48,13.3415,94.0549
8601,39.088,450.445,48.4845,1611.23,11.5239,94.0564
2132,40.069,542.941,49.1998,1629.4099999999999,13.5502,94.0657
8296,39.8778,527.829,65.5191,1626.5099999999998,13.2362,94.0723
6957,41.1674,639.394,78.0791,1647.56,15.5316,94.0764
8826,41.1407,634.791,62.6952,1646.71,15.4298,94.0885
6747,39.1399,454.109,56.5286,1611.9699999999998,11.6022,94.0923
1157,40.1088,546.093,49.2299,1630.02,13.6153,94.1158
5443,39.7977,518.564,60.5823,1624.7199999999998,13.03,94.1229
3386,39.606,495.623,52.0403,1620.25,12.5138,94.1247
2651,39.8009,518.942,58.0743,1624.7999999999997,13.0385,94.1263
7929,40.292,560.767,58.1045,1632.81,13.9176,94.1288
97,39.7435,512.198,47.6184,1623.4899999999998,12.8876,94.1357
3143,39.878,527.852,46.4093,1626.52,13.2367,94.1428
8140,39.6324,498.858,52.7188,1620.88,12.5871,94.1476
4685,39.5674,490.848,54.1321,1619.2999999999997,12.4054,94.1814
6085,39.8076,519.722,53.5698,1624.9499999999998,13.0558,94.1873
5687,39.7146,508.772,52.804,1622.8199999999997,12.8107,94.2054
8576,40.0455,541.084,50.8541,1629.06,13.5117,94.2146
378,39.7942,518.162,58.3594,1624.65,13.021,94.2146
4153,40.1745,551.324,60.5914,1631.02,13.7232,94.2228
2735,40.9488,617.083,55.11,1643.42,15.0696,94.2252
1560,39.6415,499.97,50.1295,1621.1,12.6123,94.2691
6868,39.5178,484.597,46.8162,1618.0699999999997,12.2628,94.2868
1791,39.5765,491.978,60.4788,1619.5299999999997,12.4311,94.2931
9823,39.8573,525.478,51.7729,1626.06,13.184,94.3047
73,40.0561,541.926,51.6326,1629.2199999999998,13.5292,94.3413
3794,39.5886,493.474,41.836,1619.8199999999997,12.4651,94.3937
1667,39.8497,524.604,53.2736,1625.8899999999999,13.1646,94.3975
8523,39.1348,453.748,54.7689,1611.9,11.5945,94.4262
4801,39.3746,470.962,46.4511,1615.35,11.9611,94.4515
9621,39.9961,537.205,54.8151,1628.31,13.4314,94.463
1041,41.3151,663.72,56.1937,1652.02,16.0648,94.4796
6398,39.8847,528.509,59.4545,1626.6399999999999,13.2509,94.4916
950,40.3637,566.578,55.0686,1633.92,14.0368,94.5044
5084,41.3528,669.665,63.8717,1653.1,16.1939,94.5048
4373,39.6683,503.225,57.4452,1621.7399999999998,12.6858,94.5434
4048,39.9936,537.004,48.3711,1628.2799999999997,13.4273,94.5482
1940,39.0997,451.267,46.261,1611.4,11.5414,94.5527
8851,41.2058,645.914,62.6984,1648.7599999999998,15.6753,94.5622
156,39.8437,523.904,57.5104,1625.7599999999998,13.149,94.5655
9063,39.6607,502.3,57.0397,1621.56,12.6649,94.5714
1086,40.8449,607.784,53.5521,1641.6799999999998,14.8803,94.5733
5168,39.8146,520.542,62.5312,1625.1100000000001,13.0741,94.5913
7753,39.7093,508.138,51.1973,1622.6999999999998,12.7964,94.6119
6970,39.4759,479.24,53.891,1617.0,12.1401,94.6127
1718,39.5686,490.994,43.1491,1619.33,12.4087,94.6464
9138,40.3327,564.056,60.9499,1633.44,13.9851,94.6525
1720,43.3844,916.526,71.4082,1696.19,21.1257,94.6594
5603,40.5031,577.99,53.3232,1636.08,14.2703,94.6655
3040,39.5666,490.745,55.4565,1619.2799999999997,12.403,94.6868
5786,40.5833,584.8,56.4231,1637.3600000000001,14.4099,94.7125
4713,39.6093,496.028,50.8253,1620.33,12.523,94.7218
1557,39.4688,478.322,51.0361,1616.8199999999997,12.119,94.7492
7260,40.4364,572.509,55.5468,1635.04,14.1583,94.7697
7270,39.1005,451.321,36.9585,1611.4099999999999,11.5426,94.7779
4960,39.7976,518.562,66.028,1624.7199999999998,13.03,94.7795
2507,39.6078,495.847,52.6523,1620.29,12.5189,94.7796
2302,39.0373,446.88,50.694,1610.5099999999998,11.4475,94.7828
7135,39.9815,536.061,41.0592,1628.1,13.4077,94.7867
3493,39.8124,520.286,50.3776,1625.06,13.0684,94.7957
7769,40.0486,541.331,47.0249,1629.1100000000001,13.5169,94.8248
860,40.9332,615.683,71.8094,1643.1599999999999,15.0412,94.8595
9339,40.6719,592.519,55.6462,1638.8199999999997,14.5683,94.864
5703,40.0438,540.953,45.9544,1629.0299999999997,13.509,94.8671
5574,39.4999,482.318,51.6886,1617.6100000000001,12.2106,94.8686
6022,39.9542,533.921,51.1942,1627.6799999999998,13.3633,94.8846
7499,41.3657,671.663,57.5704,1653.4699999999998,16.2372,94.885
8069,38.1123,394.392,45.1627,1599.81,10.3481,94.8972
9963,41.3683,672.075,64.7562,1653.54,16.2461,94.9202
3186,42.617,840.572,76.8171,1683.04,19.7239,94.928
5088,39.7885,517.496,63.1328,1624.52,13.0062,94.943
2210,40.1989,553.278,57.5406,1631.3899999999999,13.7635,94.9571
2719,41.3567,670.265,65.1974,1653.21,16.2069,94.9857
145,40.2902,560.616,52.0407,1632.79,13.9145,95.0222
6923,39.532,486.396,63.1462,1618.42,12.3039,95.0273
2096,39.7839,516.953,68.0504,1624.4099999999999,12.994,95.0337
8025,40.1298,547.761,71.1507,1630.3399999999997,13.6497,95.0342
1317,41.2237,648.899,63.366,1649.31,15.7409,95.0364
1210,39.7133,508.615,51.1666,1622.79,12.8072,95.0582
9517,39.0888,450.5,57.6139,1611.2399999999998,11.525,95.0794
1484,39.9907,536.778,52.4219,1628.23,13.4226,95.0795
8585,39.6329,498.924,52.537,1620.8899999999999,12.5886,95.0854
7092,39.573,491.54,47.9273,1619.44,12.4211,95.1092
6442,39.7832,516.869,52.9835,1624.4,12.9922,95.1114
9337,39.9048,530.071,50.3178,1626.94,13.2834,95.113
2585,39.8578,525.533,55.8611,1626.0699999999997,13.1852,95.1412
8286,40.2278,555.59,59.0392,1631.83,13.8111,95.1436
159,40.1474,549.164,62.5007,1630.6,13.6787,95.1463
9306,39.7384,511.602,54.2529,1623.37,12.8742,95.1465
2026,39.0613,448.563,58.0805,1610.85,11.4836,95.1519
5377,39.3604,469.932,60.3269,1615.1399999999999,11.9392,95.1627
974,40.1137,546.483,68.5186,1630.0899999999997,13.6234,95.1635
4932,40.1919,552.713,50.4138,1631.2799999999997,13.7519,95.1772
1378,39.624,497.829,48.2479,1620.6799999999998,12.5638,95.1829
2285,42.2838,807.121,72.8609,1677.25,19.0882,95.2023
2127,41.3396,667.596,51.8965,1652.73,16.1491,95.217
2480,39.557,489.547,62.4674,1619.0499999999997,12.3757,95.2375
3706,39.8229,521.504,63.9298,1625.29,13.0956,95.2543
3288,39.7938,518.116,72.606,1624.6399999999999,13.02,95.2711
1983,40.8987,612.589,57.5978,1642.58,14.9782,95.2972
3059,39.8353,522.936,64.6789,1625.5699999999997,13.1275,95.3139
4618,40.3192,562.965,63.2696,1633.23,13.9627,95.3273
3266,40.2736,559.275,51.5872,1632.5299999999997,13.8869,95.3301
8476,39.4356,475.408,55.1191,1616.2399999999998,12.0553,95.3549
9302,39.7686,515.16,48.8888,1624.06,12.9539,95.3582
1083,39.7627,514.466,51.5339,1623.9299999999998,12.9384,95.3678
9723,39.5837,492.873,53.4681,1619.6999999999998,12.4514,95.3897
5581,39.2148,459.443,50.8489,1613.04,11.7161,95.3948
4664,40.4219,571.326,55.3054,1634.8199999999997,14.1341,95.4109
4258,39.1091,451.929,55.635,1611.5299999999997,11.5556,95.4119
1450,40.0546,541.808,53.8259,1629.1999999999998,13.5267,95.413
727,40.3541,565.791,50.208,1633.77,14.0207,95.4186
7779,40.3344,564.196,57.6671,1633.4699999999998,13.988,95.4191
9396,39.7409,511.889,57.4308,1623.4299999999998,12.8807,95.4309
8911,39.7383,511.592,56.3673,1623.37,12.874,95.4414
6730,39.3222,467.168,45.0145,1614.5899999999997,11.8805,95.4507
6009,39.8215,521.342,47.3335,1625.2599999999998,13.092,95.4538
9338,39.1693,456.2,55.5703,1612.3899999999999,11.6469,95.4663
5824,40.627,588.595,56.741,1638.08,14.4878,95.4821
9140,38.7238,425.759,42.4808,1606.2199999999998,10.9948,95.4887
4228,39.1315,453.516,43.7003,1611.85,11.5896,95.4954
253,41.7016,732.211,59.9955,1664.2399999999998,17.5583,95.5186
4815,39.0208,445.719,54.7122,1610.2799999999997,11.4226,95.5204
3504,39.962,534.528,58.8791,1627.7999999999997,13.3759,95.5211
9988,39.5592,489.818,50.3197,1619.1,12.3819,95.5443
1611,41.6192,716.829,60.4976,1661.54,17.2235,95.564
193,41.7737,745.155,68.488,1666.5,17.8379,95.5735
1687,39.8195,521.102,57.8769,1625.2199999999998,13.0866,95.5746
5160,40.3366,564.371,74.4054,1633.5,13.9915,95.58
7472,39.5636,490.376,56.6561,1619.21,12.3946,95.581
2758,39.5724,491.465,49.389,1619.4299999999998,12.4194,95.5835
8776,40.4581,574.287,58.2366,1635.38,14.1946,95.5951
6494,39.9324,532.222,51.8403,1627.3600000000001,13.3281,95.6299
2385,40.5667,583.36,59.1327,1637.0899999999997,14.3803,95.6453
7926,39.8361,523.036,56.4091,1625.5899999999997,13.1297,95.6661
1903,39.9793,535.885,54.3012,1628.06,13.4041,95.6716
9496,39.7777,516.228,54.0879,1624.27,12.9778,95.6963
303,40.2346,556.136,55.9726,1631.9299999999998,13.8223,95.7004
5346,39.4977,482.035,52.9598,1617.56,12.2041,95.7018
8074,38.781,429.161,44.5035,1606.92,11.0663,95.7021
6578,38.8343,432.802,47.9221,1607.6599999999999,11.1448,95.7227
1823,39.9029,529.923,45.3732,1626.92,13.2803,95.7405
3627,39.1945,457.992,54.3187,1612.75,11.6851,95.7447
6785,39.8309,522.428,49.3813,1625.4699999999998,13.1161,95.7525
3588,40.0518,541.584,45.3858,1629.15,13.5221,95.7598
5340,43.9325,971.088,84.2059,1705.81,22.1041,95.7682
6784,39.853,524.98,55.3023,1625.96,13.1729,95.7811
1223,40.0498,541.428,51.6141,1629.12,13.5189,95.7894
6148,39.6012,495.035,45.0632,1620.13,12.5005,95.8198
2125,39.8144,520.517,61.4686,1625.1,13.0736,95.8292
1756,39.504,482.85,43.7244,1617.7199999999998,12.2228,95.8297
4861,39.5774,492.085,49.6533,1619.5499999999997,12.4335,95.8493
5625,40.7932,603.194,63.2964,1640.8199999999997,14.7866,95.8495
405,40.1477,549.185,52.913,1630.6100000000001,13.6791,95.8526
2014,40.4275,571.778,55.5045,1634.9,14.1433,95.8535
3289,44.6151,1040.76,85.7363,1718.69,23.3276,95.8625
4291,39.6109,496.229,61.4982,1620.3600000000001,12.5276,95.864
1032,39.5304,486.193,44.6465,1618.38,12.2992,95.876
5101,39.6738,503.883,45.5218,1621.87,12.7006,95.8766
7409,40.6951,594.548,62.4994,1639.1999999999998,14.6098,95.88
9574,39.9857,536.388,53.1303,1628.1599999999999,13.4145,95.8947
3066,38.99,443.571,54.5275,1609.8399999999997,11.3765,95.8983
7685,39.8406,523.553,72.1402,1625.69,13.1412,95.9042
9693,40.0976,545.209,72.0195,1629.85,13.597,95.9273
1351,39.919,531.18,54.587,1627.1599999999999,13.3064,95.939
3942,40.0526,541.646,42.6903,1629.17,13.5234,95.9452
5903,39.7507,513.053,50.8333,1623.6599999999999,12.9068,95.9666
1377,40.1815,551.887,67.754,1631.12,13.7348,95.9687
933,39.0912,450.667,50.4185,1611.27,11.5286,96.0082
3005,40.0496,541.41,57.9909,1629.12,13.5185,96.0309
1429,39.762,514.382,51.8058,1623.9099999999999,12.9365,96.0501
1250,39.8095,519.948,55.6301,1624.9899999999998,13.0609,96.0747
9591,39.4604,477.229,53.9319,1616.6,12.0939,96.0776
461,39.8289,522.193,52.6612,1625.4299999999998,13.1109,96.0778
158,40.0496,541.413,54.334,1629.12,13.5186,96.0969
3214,40.4313,572.09,57.3484,1634.96,14.1497,96.1089
9592,39.7433,512.177,55.5604,1623.48,12.8871,96.1212
4186,40.2744,559.338,58.0901,1632.54,13.8882,96.139
3127,39.8065,519.594,52.7259,1624.92,13.053,96.1423
3517,40.0495,541.4,50.417,1629.12,13.5183,96.1447
2979,39.5257,485.6,50.7824,1618.27,12.2857,96.1482
4528,40.7023,595.185,63.951,1639.3199999999997,14.6229,96.1653
5770,38.4663,412.209,52.3593,1603.46,10.7161,96.1934
187,41.2003,644.996,60.4433,1648.6,15.6551,96.2054
2666,39.6968,506.648,59.4461,1622.4099999999999,12.7629,96.2332
3693,40.7231,597.005,72.1319,1639.6599999999999,14.6601,96.235
8500,39.5207,484.974,58.4793,1618.1399999999999,12.2714,96.2408
6547,37.6694,373.577,54.1068,1595.52,9.91725,96.2425
5620,39.3854,471.747,55.5073,1615.5099999999998,11.9777,96.2712
1525,39.8065,519.601,58.7721,1624.9299999999998,13.0531,96.2817
3721,40.1895,552.52,52.756,1631.2399999999998,13.7479,96.2864
5142,39.7133,508.621,46.9477,1622.79,12.8073,96.2884
7996,40.0572,542.009,64.5157,1629.2399999999998,13.5309,96.2889
1055,40.3499,565.454,56.308,1633.6999999999998,14.0138,96.2893
2034,39.4825,480.095,39.6145,1617.17,12.1597,96.2926
4267,39.381,471.432,63.7141,1615.44,11.971,96.3315
3645,39.5596,489.87,47.986,1619.1100000000001,12.3831,96.3317
2101,40.387,568.472,56.4417,1634.2799999999997,14.0756,96.3517
8488,39.936,532.499,49.1204,1627.4099999999999,13.3338,96.3587
6130,39.1692,456.195,46.6777,1612.3899999999999,11.6468,96.3688
3063,39.159,455.467,58.0913,1612.2399999999998,11.6312,96.37
3356,40.0534,541.71,48.2434,1629.1799999999998,13.5247,96.3747
736,39.4922,481.332,54.5745,1617.42,12.188,96.4113
575,39.094,450.867,62.8752,1611.31,11.5329,96.4233
1109,40.4139,570.668,54.8762,1634.69,14.1206,96.4346
3252,40.5969,585.979,67.8041,1637.5899999999997,14.4341,96.4379
9785,39.7948,518.232,51.6865,1624.6599999999999,13.0226,96.4549
6778,39.5298,486.122,61.5046,1618.37,12.2976,96.4563
8890,39.7269,510.229,60.9768,1623.1100000000001,12.8434,96.4728
3409,41.3285,665.843,54.9468,1652.4099999999999,16.111,96.4803
138,36.5332,327.356,42.1777,1585.9,8.96051,96.496
1278,40.7078,595.665,50.5136,1639.4099999999999,14.6327,96.5142
8428,39.7275,510.312,49.2345,1623.12,12.8453,96.5356
4947,39.7004,507.077,50.6457,1622.4899999999998,12.7726,96.5452
3125,40.6393,589.669,63.2082,1638.2799999999997,14.5098,96.5468
9992,39.6568,501.83,52.8252,1621.46,12.6543,96.5695
505,40.6049,586.673,52.2252,1637.7199999999998,14.4483,96.5881
2248,40.3802,567.918,53.8885,1634.17,14.0643,96.5973
4735,39.5344,486.707,56.0465,1618.48,12.311,96.6039
641,39.6436,500.231,50.54,1621.15,12.6182,96.6237
1132,40.1545,549.73,61.6628,1630.71,13.6904,96.6288
3470,40.8203,605.6,60.3511,1641.27,14.8358,96.6311
5966,39.4033,473.055,48.1216,1615.77,12.0054,96.6364
8744,40.1857,552.217,56.9243,1631.19,13.7416,96.643
7796,39.5893,493.559,61.7514,1619.8399999999997,12.467,96.6443
8435,43.248,902.701,87.1985,1693.79,20.8726,96.6513
9957,39.5882,493.424,58.6849,1619.81,12.4639,96.658
8727,39.5644,490.468,63.3959,1619.23,12.3967,96.6595
4941,40.5461,581.58,59.144,1636.7599999999998,14.3437,96.6656
7209,39.7637,514.59,51.5172,1623.9499999999998,12.9412,96.6902
9062,40.3853,568.335,61.5219,1634.25,14.0728,96.6935
7993,39.7883,517.474,46.6272,1624.5099999999998,13.0057,96.7061
8974,40.4507,573.684,52.5985,1635.2599999999998,14.1823,96.7105
8012,38.9268,439.177,55.3579,1608.9499999999998,11.2821,96.7264
7105,41.3711,672.512,70.6954,1653.62,16.2556,96.7287
7799,40.5811,584.611,77.9552,1637.33,14.406,96.7307
6731,38.6556,422.124,40.1586,1605.48,10.9201,96.7332
8633,39.948,533.438,52.5988,1627.5899999999997,13.3533,96.7453
9919,38.8847,436.267,45.2974,1608.3600000000001,11.2195,96.768
6069,40.1368,548.316,49.28,1630.44,13.6612,96.7787
2287,40.1494,549.32,57.1553,1630.63,13.6819,96.7901
6486,39.0776,449.712,49.9335,1611.08,11.5082,96.8036
5450,39.7941,518.151,50.8608,1624.6399999999999,13.0208,96.8064
7696,40.3039,561.729,64.5827,1633.0,13.9373,96.8394
4322,43.7429,951.064,69.1663,1702.25,21.7421,96.8444
5759,40.4407,572.861,58.923,1635.1100000000001,14.1655,96.8582
1305,40.6512,590.71,61.5869,1638.48,14.5312,96.8587
8559,40.9591,618.013,59.4655,1643.5899999999997,15.0885,96.8624
2730,39.7467,512.577,46.3677,1623.56,12.8961,96.8744
6815,40.1846,552.134,56.5147,1631.17,13.7399,96.8814
9091,39.5681,490.936,48.2279,1619.3199999999997,12.4073,96.8973
6325,40.5392,580.982,57.5046,1636.6399999999999,14.3314,96.9139
5460,39.3959,472.517,52.4885,1615.6599999999999,11.994,96.9363
261,41.2337,650.559,60.947,1649.62,15.7773,96.9549
373,40.0203,539.105,55.903,1628.6799999999998,13.4708,96.9624
3208,40.6987,594.869,64.5635,1639.2599999999998,14.6164,96.9634
2048,39.8184,520.981,46.137,1625.19,13.0839,96.9704
84,37.5783,369.576,41.6799,1594.69,9.83483,96.9726
2926,39.7409,511.894,62.6217,1623.4299999999998,12.8808,97.0039
3856,41.1395,634.567,67.7366,1646.67,15.4248,97.0087
5734,39.6591,502.11,45.2654,1621.52,12.6606,97.0144
2693,39.6319,498.794,60.1353,1620.87,12.5857,97.026
6048,39.9691,535.086,51.4197,1627.9099999999999,13.3875,97.026
1064,39.5654,490.592,55.1373,1619.25,12.3995,97.0304
2414,40.6404,589.761,53.6716,1638.2999999999997,14.5117,97.0469
9332,40.4647,574.834,50.957,1635.48,14.2058,97.05
1873,41.6235,717.662,59.9158,1661.69,17.2417,97.0503
6443,39.8162,520.725,54.0517,1625.1399999999999,13.0782,97.0856
8753,39.7277,510.336,59.7058,1623.13,12.8458,97.0943
3234,40.1784,551.636,57.0893,1631.0699999999997,13.7297,97.103
9002,39.8593,525.703,53.2056,1626.1,13.189,97.1074
4736,41.6667,725.786,77.6412,1663.12,17.4188,97.1078
9625,39.796,518.368,54.1714,1624.69,13.0256,97.1234
5022,39.717,509.06,60.7589,1622.88,12.8172,97.1316
1316,40.0318,540.01,55.1963,1628.85,13.4895,97.1346
9526,38.2732,402.374,47.5336,1601.44,10.5132,97.1368
9171,39.9352,532.44,43.6609,1627.4,13.3326,97.1531
5817,40.0731,543.264,56.8253,1629.48,13.5568,97.1706
398,39.8252,521.764,62.4605,1625.3399999999997,13.1014,97.1761
2594,40.1005,545.434,56.6756,1629.8899999999999,13.6017,97.1816
898,40.7046,595.384,65.0789,1639.35,14.6269,97.1824
4781,40.7978,603.603,52.0385,1640.9,14.795,97.1848
587,39.6967,506.637,55.284,1622.4,12.7627,97.1965
5749,40.0832,544.066,66.0036,1629.63,13.5734,97.2029
6856,39.8646,526.32,54.039,1626.2199999999998,13.2027,97.2094
627,40.2529,557.608,70.6185,1632.21,13.8526,97.2216
1037,40.6201,587.992,54.98,1637.96,14.4754,97.2277
4005,39.5329,486.509,53.7579,1618.4499999999998,12.3065,97.2337
7161,39.3766,471.107,68.2899,1615.38,11.9642,97.2371
3656,40.6195,587.947,58.6064,1637.96,14.4745,97.2399
8234,40.0854,544.243,54.6491,1629.6599999999999,13.5771,97.2589
4749,40.6979,594.79,52.7588,1639.2399999999998,14.6148,97.2613
4594,40.0613,542.335,59.3047,1629.2999999999997,13.5376,97.2641
6867,39.9859,536.4,45.6558,1628.1599999999999,13.4147,97.2661
1520,40.0665,542.741,55.9521,1629.38,13.546,97.2929
4034,40.4056,569.994,52.3007,1634.5699999999997,14.1068,97.3014
2214,40.9383,616.141,52.5472,1643.2399999999998,15.0505,97.3029
988,38.8255,432.201,67.4361,1607.54,11.1319,97.3068
2506,39.7401,511.805,47.0375,1623.4099999999999,12.8788,97.3286
863,39.5756,491.861,51.8263,1619.5,12.4284,97.3322
2906,39.6049,495.485,46.5995,1620.2199999999998,12.5107,97.3346
7756,41.1425,635.098,60.8786,1646.77,15.4365,97.3441
9033,39.6994,506.962,55.0762,1622.4699999999998,12.77,97.3442
902,40.2431,556.819,59.9932,1632.06,13.8364,97.3445
6499,40.0432,540.903,54.8921,1629.02,13.508,97.3487
8970,39.8406,523.548,52.7168,1625.69,13.1411,97.3503
4944,41.1137,632.041,55.1269,1646.1999999999998,15.373,97.3596
9245,40.5121,578.732,55.2984,1636.2199999999998,14.2854,97.3723
7938,39.6654,502.873,52.4103,1621.67,12.6779,97.4605
9186,39.7401,511.804,55.3165,1623.4099999999999,12.8788,97.4749
7844,39.5691,491.059,49.253,1619.35,12.4102,97.4837
8379,39.8413,523.636,47.5835,1625.71,13.143,97.4919
8233,39.7493,512.888,52.5118,1623.62,12.9031,97.4939
6954,41.1414,634.908,54.4434,1646.73,15.4323,97.5172
323,40.078,543.657,52.4838,1629.5499999999997,13.565,97.5283
209,40.0438,540.952,61.8432,1629.0299999999997,13.509,97.5483
3114,40.381,567.985,51.122,1634.1799999999998,14.0656,97.5754
5472,39.9932,536.975,57.1795,1628.27,13.4266,97.5836
6033,40.494,577.244,49.8522,1635.94,14.255,97.5874
2456,40.1778,551.584,55.0713,1631.06,13.7286,97.5958
1080,40.4123,570.537,66.9594,1634.67,14.1179,97.6032
4175,39.585,493.028,58.5484,1619.73,12.4549,97.6051
795,40.3655,566.719,58.2053,1633.94,14.0397,97.6067
2754,39.6172,497.003,55.5923,1620.52,12.5451,97.6104
7899,40.3339,564.155,51.6135,1633.46,13.9871,97.6201
417,40.7994,603.742,68.3603,1640.92,14.7978,97.6376
5935,40.3896,568.684,53.3331,1634.3199999999997,14.08,97.6384
968,40.1538,549.676,54.7804,1630.6999999999998,13.6893,97.6504
3235,40.1678,550.793,63.2583,1630.9099999999999,13.7123,97.652
9973,40.2947,560.977,57.5117,1632.85,13.9219,97.696
5251,39.5601,489.935,58.5494,1619.12,12.3846,97.7138
672,39.549,488.545,48.4885,1618.85,12.3529,97.7224
1669,40.5267,579.937,56.492,1636.4499999999998,14.31,97.7325
3612,39.8256,521.813,59.7428,1625.35,13.1025,97.7411
3179,40.2876,560.405,70.5513,1632.7399999999998,13.9101,97.7532
6998,40.1312,547.874,50.4773,1630.3600000000001,13.6521,97.789
2941,39.5975,494.58,50.9716,1620.04,12.4902,97.7991
5423,43.0273,881.166,76.019,1690.06,20.4792,97.8027
3637,39.5599,489.911,41.9584,1619.12,12.384,97.8142
4872,40.348,565.297,65.3762,1633.67,14.0105,97.8203
8833,39.618,497.103,55.6979,1620.54,12.5474,97.836
8918,39.5979,494.632,49.6566,1620.0499999999997,12.4914,97.851
6164,40.4028,569.761,54.6018,1634.52,14.102,97.8577
9141,41.4657,686.904,56.067,1656.21,16.5656,97.8577
4203,40.1364,548.29,58.5995,1630.44,13.6607,97.8593
6042,39.844,523.945,48.9349,1625.7599999999998,13.1499,97.8654
4349,42.2041,798.044,78.2635,1675.6799999999998,18.9091,97.8669
1021,39.7319,510.823,49.4599,1623.2199999999998,12.8568,97.9084
6237,40.3203,563.051,56.1602,1633.25,13.9645,97.9158
5808,39.759,514.033,53.0396,1623.85,12.9287,97.927
5890,40.0905,544.642,59.3542,1629.7399999999998,13.5853,97.9303
5202,39.8369,523.127,59.9645,1625.6100000000001,13.1317,97.9406
4018,39.4925,481.371,58.6222,1617.4299999999998,12.1889,97.9493
1812,39.8177,520.898,44.0136,1625.1799999999998,13.0821,97.9624
2197,40.0373,540.439,64.2159,1628.9299999999998,13.4984,98.0111
955,40.2125,554.368,49.7913,1631.6,13.7859,98.0163
5850,39.814,520.47,47.0496,1625.0899999999997,13.0725,98.0319
8332,40.6472,590.357,54.6802,1638.4099999999999,14.5239,98.0352
4089,39.5207,484.972,52.5331,1618.1399999999999,12.2713,98.0415
4262,39.6891,505.717,59.6006,1622.23,12.742,98.0491
6799,40.2752,559.406,61.0479,1632.5499999999997,13.8896,98.051
6951,39.5755,491.851,55.1504,1619.5,12.4282,98.0727
8609,39.371,470.703,52.5231,1615.2999999999997,11.9556,98.0877
9450,40.2463,557.08,71.8691,1632.1100000000001,13.8418,98.1333
4197,40.9446,616.709,59.5801,1643.35,15.062,98.1336
2944,39.8158,520.673,51.0463,1625.13,13.0771,98.1359
6047,39.7347,511.162,64.4514,1623.29,12.8644,98.1428
6895,39.2394,461.204,49.1746,1613.3899999999999,11.7536,98.1577
7160,40.9806,619.95,61.7263,1643.9499999999998,15.1279,98.1599
2901,39.8513,524.79,51.036,1625.9299999999998,13.1687,98.1704
4012,39.7933,518.053,60.9293,1624.63,13.0186,98.1818
9753,40.465,574.855,53.0662,1635.4899999999998,14.2062,98.183
1284,38.9255,439.089,54.3316,1608.9299999999998,11.2802,98.2217
1677,39.8637,526.216,54.4187,1626.1999999999998,13.2004,98.2282
8804,39.6028,495.227,48.8993,1620.17,12.5049,98.238
3511,39.2601,462.686,50.0988,1613.69,11.7852,98.2388
7970,40.7004,595.013,66.4877,1639.29,14.6194,98.2448
5740,40.2821,559.96,51.847,1632.6599999999999,13.901,98.2459
385,39.5932,494.048,59.8126,1619.94,12.4781,98.2737
5507,39.6389,499.657,53.1538,1621.04,12.6052,98.2786
2653,39.706,507.741,56.3341,1622.62,12.7875,98.287
6318,39.1299,453.403,53.6862,1611.83,11.5871,98.2905
5731,40.148,549.212,60.8453,1630.6100000000001,13.6797,98.2911
9432,40.0478,541.269,57.4688,1629.0899999999997,13.5156,98.3093
1668,41.0009,621.78,72.9576,1644.29,15.165,98.3101
8558,39.5883,493.435,52.7226,1619.81,12.4642,98.3173
6546,42.04,777.303,70.8684,1672.08,18.4896,98.3341
6288,40.9169,614.225,50.2049,1642.88,15.0115,98.3461
3204,40.7892,602.844,59.3038,1640.75,14.7795,98.3576
7824,39.3117,466.409,49.4056,1614.44,11.8644,98.3654
4172,39.8054,519.473,56.3247,1624.9,13.0503,98.3714
7461,40.4626,574.66,52.6224,1635.4499999999998,14.2022,98.393
609,39.8149,520.574,56.8327,1625.1100000000001,13.0748,98.4053
6364,40.3091,562.145,62.9583,1633.08,13.9459,98.4087
5398,40.0547,541.816,50.4058,1629.1999999999998,13.5269,98.4098
2294,39.8689,526.807,51.3196,1626.3199999999997,13.2135,98.4126
7491,40.1286,547.664,58.834,1630.3199999999997,13.6477,98.4301
5648,40.5984,586.105,71.0435,1637.6100000000001,14.4367,98.433
7272,40.3282,563.69,50.3183,1633.37,13.9776,98.4404
5723,39.8834,528.414,55.0621,1626.63,13.2489,98.4428
6930,40.8659,609.659,55.6939,1642.0299999999997,14.9185,98.444
502,39.4099,473.534,59.0383,1615.8600000000001,12.0156,98.4517
2731,39.7134,508.631,56.0268,1622.79,12.8075,98.4524
8357,40.1068,545.932,59.2195,1629.9899999999998,13.612,98.4753
7948,40.2685,558.863,59.3124,1632.4499999999998,13.8784,98.4844
5761,40.5033,578.005,57.0167,1636.08,14.2706,98.4929
1056,39.326,467.439,45.0936,1614.6399999999999,11.8863,98.4977
4435,39.1333,453.646,63.7348,1611.87,11.5923,98.4998
6890,42.2573,804.542,55.0079,1676.7999999999997,19.0391,98.5052
5167,39.7849,517.068,60.1448,1624.4299999999998,12.9966,98.5153
9696,40.7226,596.966,60.527,1639.65,14.6593,98.5259
7695,39.7709,515.433,61.4262,1624.12,12.9601,98.5304
1672,39.8266,521.935,55.7013,1625.38,13.1052,98.5424
4631,40.5093,578.501,61.8662,1636.17,14.2807,98.5503
4763,38.9915,443.676,52.0587,1609.8600000000001,11.3788,98.564
3476,40.0574,542.025,60.4165,1629.2399999999998,13.5312,98.5654
1070,39.8237,521.591,58.9066,1625.31,13.0975,98.5788
1136,39.4614,477.367,54.0656,1616.63,12.0971,98.5888
1722,41.0819,629.139,67.3793,1645.6599999999999,15.3143,98.6059
8692,39.8476,524.364,57.8604,1625.85,13.1592,98.6101
956,39.5799,492.393,50.5375,1619.6100000000001,12.4405,98.6129
1608,39.6446,500.348,59.2101,1621.17,12.6208,98.6298
6382,40.4767,575.822,47.0851,1635.67,14.226,98.651
8293,39.5473,488.323,46.3203,1618.7999999999997,12.3478,98.6537
519,41.1089,631.594,69.8582,1646.12,15.3639,98.6595
2483,39.3883,471.961,48.6303,1615.5499999999997,11.9823,98.6615
9603,39.7364,511.366,56.9777,1623.33,12.869,98.6673
7206,40.3499,565.456,51.067,1633.6999999999998,14.0138,98.6796
4359,39.6979,506.774,56.4209,1622.4299999999998,12.7658,98.6849
6783,39.692,506.068,45.6277,1622.29,12.7499,98.6957
6433,39.7588,514.011,51.7823,1623.8399999999997,12.9282,98.7137
3193,40.243,556.816,60.3597,1632.06,13.8363,98.7256
5718,39.9376,532.628,56.0391,1627.44,13.3365,98.7515
9853,39.3773,471.161,58.3556,1615.3899999999999,11.9653,98.7694
7335,39.5941,494.156,58.6677,1619.96,12.4806,98.7761
4226,40.1264,547.493,59.708,1630.2799999999997,13.6442,98.8575
3792,40.5733,583.929,68.0446,1637.1999999999998,14.392,98.8871
710,41.1326,633.768,66.5373,1646.52,15.4079,98.9031
4185,39.9591,534.308,48.7604,1627.7599999999998,13.3714,98.9084
6362,40.0025,537.701,56.0296,1628.4099999999999,13.4417,98.9259
5235,40.0754,543.446,59.6679,1629.5099999999998,13.5606,98.93
58,39.1117,452.113,49.9178,1611.5699999999997,11.5596,98.9327
5779,40.1608,550.231,68.3622,1630.81,13.7007,98.9398
388,38.4966,413.775,51.0409,1603.7799999999997,10.7484,98.951
3254,39.6243,497.872,57.926,1620.69,12.5648,98.9729
5888,40.3165,562.746,60.8478,1633.19,13.9582,98.9754
5657,39.7637,514.59,63.8323,1623.9499999999998,12.9412,98.996
2499,39.6596,502.162,59.0626,1621.5299999999997,12.6618,98.9992
617,40.1368,548.32,62.2856,1630.44,13.6613,99.0008
4823,39.5909,493.761,54.2249,1619.88,12.4716,99.0017
9710,40.3984,569.403,55.1308,1634.4499999999998,14.0947,99.0421
4547,39.5216,485.082,56.6048,1618.1599999999999,12.2738,99.0428
355,40.9233,614.797,59.3793,1642.9899999999998,15.0232,99.0455
9295,39.7907,517.75,49.746,1624.5699999999997,13.0118,99.0474
7261,40.4956,577.374,67.1288,1635.96,14.2577,99.0482
6554,39.9136,530.753,54.6855,1627.08,13.2976,99.0488
5008,39.8592,525.696,51.1865,1626.1,13.1888,99.0552
5979,39.7873,517.356,47.6763,1624.4899999999998,13.003,99.0602
4519,40.0523,541.62,54.6154,1629.1599999999999,13.5228,99.0709
4287,39.5862,493.183,43.0935,1619.7599999999998,12.4584,99.0745
655,39.9036,529.981,63.9202,1626.9299999999998,13.2815,99.0865
9652,39.5661,490.677,49.3423,1619.27,12.4015,99.0878
8213,40.8958,612.33,57.4639,1642.5299999999997,14.9729,99.0929
4245,38.6442,421.519,41.0468,1605.3600000000001,10.9077,99.0971
1760,39.5532,489.071,67.8748,1618.9499999999998,12.3649,99.1034
9170,39.9489,533.511,63.8444,1627.6100000000001,13.3548,99.1594
5225,40.6686,592.226,49.1755,1638.7599999999998,14.5622,99.1637
1755,39.4155,473.943,48.0824,1615.9499999999998,12.0243,99.188
3035,39.942,532.97,54.2142,1627.5,13.3436,99.1921
2426,39.2133,459.335,44.5469,1613.02,11.7138,99.2002
9182,39.8181,520.945,57.1259,1625.19,13.0831,99.2056
4628,39.5752,491.815,51.5911,1619.4899999999998,12.4274,99.2091
2121,40.2235,555.249,48.85,1631.7599999999998,13.8041,99.2097
4190,40.6368,589.449,49.4336,1638.2399999999998,14.5053,99.2148
8539,39.7982,518.622,51.607,1624.7399999999998,13.0313,99.2165
8459,40.1903,552.589,52.5204,1631.2599999999998,13.7493,99.2545
7650,37.51,366.609,47.1519,1594.08,9.77365,99.2548
3353,40.1836,552.05,52.279,1631.15,13.7382,99.2562
8913,40.043,540.889,51.0616,1629.02,13.5077,99.2653
5896,39.6561,501.738,51.9076,1621.4499999999998,12.6522,99.2682
9780,39.8353,522.933,55.8873,1625.5699999999997,13.1274,99.2697
9100,40.6535,590.907,62.7786,1638.5099999999998,14.5352,99.3076
4580,40.6171,587.735,64.4533,1637.92,14.4701,99.3116
9528,39.5221,485.148,48.7288,1618.1799999999998,12.2754,99.314
7523,40.4748,575.662,66.1655,1635.6399999999999,14.2227,99.3167
3048,39.8377,523.214,54.1846,1625.62,13.1336,99.3172
4124,39.9805,535.982,53.8725,1628.08,13.4061,99.3174
5976,41.1121,631.888,57.4082,1646.17,15.3699,99.3727
1399,39.7762,516.053,56.428,1624.2399999999998,12.9739,99.3776
3261,40.1116,546.315,49.0021,1630.06,13.6199,99.3787
7241,39.3538,469.45,46.2406,1615.0499999999997,11.929,99.3982
7945,40.0216,539.206,52.242,1628.6999999999998,13.4729,99.3992
6285,39.8072,519.674,61.3929,1624.94,13.0548,99.4202
8209,40.4659,574.931,67.6793,1635.5,14.2078,99.4341
3111,39.8922,529.095,57.4051,1626.7599999999998,13.2631,99.4437
7643,39.5092,483.507,61.0468,1617.85,12.2378,99.4795
4523,40.5587,582.663,62.2062,1636.96,14.3659,99.4848
3948,39.9527,533.802,44.4088,1627.6599999999999,13.3609,99.4909
7963,41.18,641.555,58.9431,1647.96,15.5793,99.4924
7471,39.8276,522.046,56.1526,1625.4,13.1076,99.495
9860,40.3637,566.573,58.5798,1633.92,14.0367,99.5016
336,40.3606,566.322,60.291,1633.87,14.0316,99.5049
3550,39.565,490.545,57.4927,1619.2399999999998,12.3985,99.5096
8704,39.7281,510.381,49.6581,1623.13,12.8468,99.5151
179,38.8319,432.64,52.1999,1607.62,11.1414,99.5313
6551,39.7241,509.908,61.3525,1623.04,12.8362,99.5321
7307,40.5123,578.746,56.7422,1636.2199999999998,14.2857,99.5636
1698,40.4222,571.35,63.4199,1634.8199999999997,14.1346,99.5642
1675,40.4835,576.376,59.5722,1635.77,14.2373,99.5849
3773,39.5513,488.824,50.2654,1618.9,12.3593,99.5881
813,40.2722,559.162,55.1545,1632.5099999999998,13.8846,99.5906
3961,40.4312,572.081,57.3274,1634.96,14.1495,99.6015
1375,40.8438,607.694,53.1872,1641.6599999999999,14.8785,99.612
6077,40.3575,566.07,54.1383,1633.8199999999997,14.0264,99.631
790,40.0449,541.04,48.6362,1629.0499999999997,13.5108,99.635
6057,39.5624,490.218,60.8013,1619.1799999999998,12.391,99.6476
9904,40.3355,564.282,62.8897,1633.48,13.9897,99.6528
8457,39.7031,507.4,72.4302,1622.5499999999997,12.7798,99.6556
2616,39.7065,507.809,45.4471,1622.63,12.789,99.6603
7355,40.0423,540.835,50.0601,1629.0099999999998,13.5066,99.6695
9752,40.4396,572.77,63.6195,1635.0899999999997,14.1636,99.6763
5884,39.8416,523.66,55.5819,1625.71,13.1436,99.6817
2140,39.6365,499.355,53.72,1620.98,12.5984,99.6988
6104,39.9661,534.85,50.5131,1627.8600000000001,13.3826,99.7102
4524,39.6212,497.495,53.7599,1620.6100000000001,12.5563,99.7114
2315,40.5091,578.488,65.6807,1636.17,14.2804,99.7235
3639,40.097,545.158,59.1375,1629.8399999999997,13.596,99.7762
595,40.3293,563.783,50.7796,1633.3899999999999,13.9795,99.7797
9373,40.0298,539.85,57.7897,1628.8199999999997,13.4862,99.7824
114,40.1939,552.877,59.7491,1631.31,13.7552,99.8157
4104,39.9478,533.422,50.4822,1627.5899999999997,13.353,99.8211
5923,39.8994,529.654,60.2058,1626.8600000000001,13.2747,99.8241
3833,40.9155,614.094,61.4672,1642.8600000000001,15.0088,99.8339
382,39.0595,448.437,46.7748,1610.8199999999997,11.4809,99.8574
8374,40.5916,585.519,78.7595,1637.5,14.4246,99.886
4094,39.6802,504.656,69.3391,1622.02,12.7181,99.9069
3322,39.757,513.793,61.3737,1623.7999999999997,12.9233,99.9206
4038,40.2354,556.205,62.7923,1631.9499999999998,13.8238,99.9221
741,40.8719,610.194,55.591,1642.13,14.9294,99.9245
3937,39.5028,482.697,62.9791,1617.69,12.2193,99.9414
1685,40.2805,559.832,63.4655,1632.6399999999999,13.8983,99.9503
9604,39.5438,487.884,65.846,1618.7199999999998,12.3378,99.962
1734,39.6038,495.355,43.5806,1620.19,12.5078,99.9851
9596,39.5256,485.597,43.6302,1618.2599999999998,12.2856,99.987
232,40.6749,592.779,65.6237,1638.87,14.5736,99.9995
9078,40.6707,592.409,50.6612,1638.7999999999997,14.566,100.008
2245,39.7083,508.026,70.0147,1622.6799999999998,12.7939,100.016
853,39.3885,471.976,54.3543,1615.5499999999997,11.9826,100.018
7113,39.8422,523.737,52.806,1625.7199999999998,13.1453,100.03
7956,39.7867,517.279,51.8959,1624.48,13.0013,100.067
1261,39.6089,495.988,37.9342,1620.3199999999997,12.5221,100.071
7782,39.743,512.143,61.1392,1623.48,12.8864,100.073
8261,39.5263,485.681,58.9883,1618.2799999999997,12.2876,100.092
2931,39.6041,495.396,59.5055,1620.1999999999998,12.5087,100.099
7133,40.5787,584.399,61.9099,1637.29,14.4016,100.111
4008,40.2678,558.808,58.9407,1632.44,13.8773,100.121
5780,40.0503,541.468,54.3169,1629.13,13.5197,100.135
3405,41.0865,629.551,64.4286,1645.7399999999998,15.3226,100.141
778,40.0479,541.273,60.5451,1629.0899999999997,13.5156,100.149
4220,39.5173,484.535,57.8299,1618.0499999999997,12.2614,100.157
7024,40.0452,541.06,55.1291,1629.0499999999997,13.5112,100.163
9228,39.5324,486.449,49.9943,1618.4299999999998,12.3051,100.168
6577,39.3354,468.118,52.6014,1614.7799999999997,11.9007,100.196
6781,40.1017,545.529,62.6842,1629.9099999999999,13.6037,100.241
7414,40.0745,543.375,52.0547,1629.5,13.5591,100.25
9748,40.1188,546.89,57.1411,1630.17,13.6317,100.258
7677,41.1098,631.681,60.1414,1646.13,15.3657,100.261
7659,41.349,669.057,71.0955,1652.9899999999998,16.1808,100.28
210,39.7257,510.089,60.7556,1623.08,12.8403,100.284
4320,40.7737,601.474,67.7652,1640.5,14.7515,100.289
6462,39.9391,532.739,44.4495,1627.46,13.3388,100.333
8612,39.3354,468.119,47.4848,1614.7799999999997,11.9007,100.368
616,39.6004,494.936,57.1513,1620.1100000000001,12.4982,100.379
3525,36.9966,345.21,45.3167,1589.63,9.33085,100.379
7904,39.8494,524.569,52.2148,1625.8899999999999,13.1638,100.38
5875,39.7364,511.36,73.0449,1623.33,12.8688,100.386
8190,39.0038,444.533,50.9129,1610.04,11.3972,100.394
2614,40.1735,551.246,63.8452,1631.0,13.7216,100.399
8232,40.3109,562.29,58.9877,1633.1,13.9488,100.408
706,39.8674,526.632,49.9131,1626.2799999999997,13.2096,100.415
1446,39.8365,523.077,51.8543,1625.6,13.1306,100.429
8249,39.9633,534.633,56.038,1627.8199999999997,13.3781,100.432
2333,41.8267,751.555,72.2216,1667.6100000000001,17.9683,100.435
4609,39.6974,506.713,66.1548,1622.42,12.7644,100.436
3934,39.7907,517.755,57.9727,1624.5699999999997,13.012,100.446
1447,40.7015,595.108,56.9959,1639.2999999999997,14.6213,100.446
8098,40.046,541.125,53.2323,1629.0699999999997,13.5126,100.469
9058,38.9116,438.127,41.2838,1608.7399999999998,11.2595,100.477
8653,39.2591,462.616,48.3238,1613.6799999999998,11.7837,100.504
8412,39.6104,496.164,62.0925,1620.35,12.5261,100.52
214,41.2874,659.302,58.3812,1651.2199999999998,15.9686,100.594
5855,39.9725,535.351,51.0586,1627.96,13.393,100.614
7360,39.711,508.342,52.4604,1622.7399999999998,12.801,100.618
9471,40.7819,602.195,59.9174,1640.63,14.7662,100.631
6752,39.9943,537.061,69.8583,1628.29,13.4284,100.642
1362,39.8118,520.209,50.5384,1625.04,13.0667,100.668
9524,39.4884,480.847,49.8587,1617.3199999999997,12.1769,100.682
1537,40.7025,595.202,63.2674,1639.3199999999997,14.6232,100.721
1216,39.75,512.969,50.495,1623.6399999999999,12.9049,100.722
5510,39.6222,497.616,51.1518,1620.6399999999999,12.559,100.723
8006,40.2825,559.995,57.1934,1632.67,13.9017,100.735
4992,40.0557,541.889,61.2865,1629.21,13.5284,100.743
5694,42.6959,848.791,75.1374,1684.46,19.8799,100.745
9219,39.6491,500.888,61.4774,1621.2799999999997,12.633,100.751
7504,39.0908,450.643,50.076,1611.27,11.5281,100.758
6212,40.0523,541.626,48.534,1629.1599999999999,13.523,100.763
7977,39.8243,521.667,57.1932,1625.3199999999997,13.0992,100.783
1863,39.5273,485.81,46.0388,1618.31,12.2905,100.784
2063,40.4072,570.124,59.0861,1634.5899999999997,14.1095,100.784
8403,39.4995,482.27,53.5031,1617.6,12.2095,100.807
6929,44.345,1011.23,69.2066,1713.13,22.8036,100.817
3069,39.6414,499.953,63.162,1621.1,12.6119,100.837
240,40.1843,552.106,61.6621,1631.1599999999999,13.7394,100.866
8114,40.1273,547.559,52.7091,1630.2999999999997,13.6456,100.87
9433,39.7238,509.871,52.8099,1623.04,12.8354,100.89
9353,39.3666,470.38,47.3045,1615.23,11.9487,100.917
122,39.8129,520.336,59.2197,1625.0699999999997,13.0695,100.922
4109,40.0142,538.624,54.766,1628.5899999999997,13.4608,100.927
3061,39.3693,470.578,63.1706,1615.27,11.9529,100.934
9206,40.1774,551.554,56.4028,1631.06,13.728,100.968
6876,40.1468,549.111,49.9366,1630.5899999999997,13.6776,100.968
7153,39.3849,471.714,52.9243,1615.5,11.977,100.975
4329,40.0809,543.886,57.3253,1629.5899999999997,13.5697,100.979
4387,39.7802,516.52,53.6535,1624.33,12.9844,100.985
7894,39.8216,521.345,62.3964,1625.2599999999998,13.092,100.986
1752,39.7204,509.459,54.2089,1622.96,12.8261,101.001
3151,42.3954,818.102,81.8887,1679.15,19.297,101.007
9316,40.0814,543.92,53.7142,1629.6,13.5704,101.026
7046,39.5414,487.581,52.4264,1618.6599999999999,12.3309,101.057
3038,39.7251,510.019,60.5647,1623.06,12.8387,101.061
2789,39.9069,530.231,70.6165,1626.98,13.2867,101.08
150,40.4278,571.803,57.0826,1634.9099999999999,14.1438,101.08
2128,40.0004,537.537,45.0835,1628.38,13.4383,101.095
434,39.3132,466.512,56.4807,1614.46,11.8666,101.111
285,39.7058,507.722,49.9532,1622.62,12.7871,101.115
1984,39.5772,492.064,48.1847,1619.54,12.433,101.132
7017,39.978,535.782,66.348,1628.04,13.4019,101.168
1885,40.9641,618.465,53.4087,1643.67,15.0977,101.171
765,39.5314,486.328,60.1114,1618.4099999999999,12.3023,101.176
8560,39.6162,496.875,49.7373,1620.4899999999998,12.5422,101.178
983,40.7999,603.793,66.4817,1640.9299999999998,14.7989,101.179
9629,40.283,560.037,51.9231,1632.6799999999998,13.9026,101.181
7142,39.5666,490.747,53.1003,1619.2799999999997,12.403,101.213
1528,40.6806,593.28,62.74,1638.96,14.5839,101.228
3131,39.7427,512.108,61.5863,1623.4699999999998,12.8856,101.233
5789,41.6523,723.095,66.7982,1662.6399999999999,17.3603,101.239
8931,39.089,450.515,47.476,1611.2399999999998,11.5254,101.24
856,40.1818,551.909,60.6799,1631.13,13.7353,101.264
223,42.5002,828.626,61.9901,1680.9699999999998,19.497,101.265
9602,40.0492,541.377,57.3074,1629.1100000000001,13.5178,101.289
5563,40.1397,548.552,74.9419,1630.4899999999998,13.6661,101.325
4962,39.7694,515.251,56.6833,1624.08,12.956,101.329
6685,39.9197,531.228,56.1081,1627.17,13.3074,101.335
4540,39.5922,493.919,54.6241,1619.9099999999999,12.4752,101.339
5852,40.0977,545.213,57.3331,1629.85,13.5971,101.346
1585,39.9962,537.213,53.4611,1628.3199999999997,13.4316,101.346
3296,41.326,665.456,70.1666,1652.3399999999997,16.1026,101.347
3527,40.5162,579.071,56.1851,1636.2799999999997,14.2923,101.348
1631,40.1729,551.199,48.7604,1630.9899999999998,13.7207,101.375
3725,40.7988,603.694,55.6287,1640.9099999999999,14.7969,101.377
1801,39.7444,512.305,54.9485,1623.5099999999998,12.89,101.383
1325,40.4696,575.237,67.6437,1635.56,14.214,101.402
6481,40.3392,564.584,62.5674,1633.54,13.9959,101.404
4390,39.1284,453.297,50.5634,1611.7999999999997,11.5849,101.407
8280,40.0813,543.911,63.6968,1629.6,13.5702,101.433
451,40.0229,539.308,60.9403,1628.7199999999998,13.475,101.463
9789,39.6964,506.596,49.203,1622.4,12.7618,101.47
9451,39.5056,483.052,53.824,1617.7599999999998,12.2274,101.48
3890,39.3981,472.677,49.0907,1615.69,11.9974,101.486
2612,39.7093,508.139,57.1698,1622.6999999999998,12.7965,101.487
3838,40.7973,603.56,50.0559,1640.8899999999999,14.7941,101.493
6411,40.7255,597.22,61.323,1639.6999999999998,14.6645,101.496
5477,40.3798,567.889,65.5758,1634.17,14.0637,101.506
2939,39.7115,508.397,62.5614,1622.75,12.8023,101.51
8070,39.1624,455.71,52.6559,1612.29,11.6364,101.528
5936,40.0524,541.634,57.4312,1629.1599999999999,13.5231,101.534
2067,40.4732,575.529,72.1632,1635.6100000000001,14.22,101.539
4516,40.0469,541.194,64.962,1629.08,13.514,101.54
6352,39.4751,479.135,49.346,1616.98,12.1376,101.547
5203,40.0557,541.889,51.7589,1629.21,13.5284,101.55
9007,39.7101,508.239,51.9233,1622.7199999999998,12.7987,101.578
2429,39.5667,490.753,50.6277,1619.29,12.4032,101.58
8225,41.3655,671.635,58.8748,1653.46,16.2366,101.591
4611,40.0063,537.999,66.6595,1628.4699999999998,13.4479,101.628
750,40.5646,583.182,59.4996,1637.06,14.3766,101.63
5823,39.7629,514.496,47.8283,1623.94,12.9391,101.644
7651,39.7929,518.014,50.378,1624.62,13.0177,101.66
4084,40.6515,590.729,55.6134,1638.48,14.5316,101.678
4242,39.4136,473.803,53.9206,1615.92,12.0213,101.69
791,40.3519,565.62,61.6772,1633.7399999999998,14.0172,101.694
3910,39.3757,471.046,55.2791,1615.37,11.9629,101.697
9846,40.1583,550.032,61.5967,1630.77,13.6966,101.705
7112,39.4813,479.934,54.8483,1617.1399999999999,12.156,101.705
1542,40.0536,541.724,57.3027,1629.1799999999998,13.525,101.731
6855,40.0494,541.391,60.6402,1629.12,13.5181,101.733
770,39.421,474.345,46.6427,1616.0299999999997,12.0328,101.735
7879,39.4315,475.114,55.2316,1616.1799999999998,12.0491,101.738
6549,40.5154,579.006,47.0992,1636.27,14.291,101.773
332,39.534,486.655,48.9741,1618.4699999999998,12.3098,101.777
3619,39.7829,516.836,54.3284,1624.3899999999999,12.9914,101.788
1244,39.33,467.726,52.0382,1614.6999999999998,11.8924,101.802
1468,39.711,508.343,53.1912,1622.7399999999998,12.8011,101.817
1757,39.7492,512.875,51.2919,1623.62,12.9028,101.825
3479,39.5944,494.195,52.0157,1619.96,12.4814,101.859
1762,39.4878,480.771,48.9996,1617.31,12.1752,101.859
8839,39.2731,463.625,43.7237,1613.88,11.8051,101.902
2535,39.6027,495.216,48.3314,1620.17,12.5046,101.918
2879,40.4122,570.53,65.084,1634.67,14.1178,101.919
5819,40.1889,552.476,48.6307,1631.2399999999998,13.747,101.938
5122,40.8068,604.402,58.1583,1641.0499999999997,14.8113,101.944
5721,39.5622,490.193,57.0747,1619.17,12.3904,101.945
4076,40.37,567.087,49.748,1634.0099999999998,14.0472,101.952
2555,39.0194,445.626,52.5997,1610.2599999999998,11.4206,101.969
9925,40.4768,575.828,55.3949,1635.67,14.2261,101.984
6597,40.3986,569.418,52.0275,1634.46,14.095,102.0
5872,39.836,523.022,51.191,1625.5899999999997,13.1294,102.012
3638,42.9438,873.272,80.1576,1688.69,20.3353,102.041
8832,39.9695,535.117,55.6785,1627.9099999999999,13.3881,102.055
3307,41.3584,670.527,77.8864,1653.2599999999998,16.2126,102.106
1708,40.2953,561.027,56.742,1632.8600000000001,13.9229,102.116
924,39.534,486.656,46.3397,1618.4699999999998,12.3098,102.118
3710,39.7298,510.576,56.5056,1623.17,12.8512,102.125
2427,44.8914,1074.22,73.9022,1725.1799999999998,23.9294,102.128
5,39.9364,532.534,57.2356,1627.42,13.3346,102.134
5185,39.7864,517.245,56.4112,1624.4699999999998,13.0006,102.136
22,41.8853,758.494,59.9357,1668.8199999999997,18.1089,102.141
5763,39.4783,479.547,51.1068,1617.06,12.1471,102.143
5256,39.5057,483.067,52.8132,1617.7599999999998,12.2278,102.153
464,39.0495,447.736,55.224,1610.6799999999998,11.4659,102.156
1025,38.5876,418.527,52.6719,1604.75,10.8462,102.157
2341,40.4797,576.068,59.1069,1635.71,14.231,102.159
4489,41.2078,646.242,69.2973,1648.8199999999997,15.6825,102.19
6354,39.5129,483.979,54.6696,1617.94,12.2486,102.2
2138,40.27,558.991,65.7327,1632.48,13.8811,102.206
6981,39.7064,507.789,51.1355,1622.63,12.7886,102.216
9406,39.819,521.043,69.2614,1625.1999999999998,13.0853,102.22
5798,40.0053,537.923,49.7744,1628.4499999999998,13.4463,102.23
8828,39.9955,537.158,57.8028,1628.31,13.4304,102.231
2396,39.1008,451.348,43.4976,1611.4099999999999,11.5432,102.238
1396,40.1806,551.809,63.7465,1631.1100000000001,13.7332,102.257
169,40.5233,579.659,59.8817,1636.3899999999999,14.3043,102.259
2156,39.8267,521.936,66.1825,1625.38,13.1052,102.267
7793,41.3265,665.529,65.9066,1652.35,16.1042,102.281
6901,39.6647,502.787,58.2109,1621.65,12.6759,102.287
942,39.6461,500.533,57.1503,1621.21,12.625,102.315
3855,40.4241,571.506,62.9108,1634.85,14.1377,102.329
2046,43.2041,898.335,82.2953,1693.04,20.7928,102.387
976,40.1679,550.797,65.7752,1630.9099999999999,13.7124,102.387
9993,40.4731,575.518,57.8271,1635.6100000000001,14.2198,102.396
4023,39.5368,487.014,55.7544,1618.5499999999997,12.318,102.405
5537,39.6012,495.036,65.2787,1620.13,12.5005,102.41
1192,40.4784,575.956,61.0696,1635.69,14.2287,102.42
4026,39.9917,536.855,45.5384,1628.25,13.4242,102.433
5525,40.2694,558.942,63.7732,1632.4699999999998,13.8801,102.444
5004,45.6419,1170.03,82.7549,1744.87,25.635,102.464
267,40.2822,559.974,58.7979,1632.6599999999999,13.9013,102.478
5653,39.8048,519.403,52.6151,1624.8899999999999,13.0487,102.491
2981,40.7357,598.12,59.367,1639.87,14.6829,102.503
5543,40.4816,576.218,62.0734,1635.7399999999998,14.2341,102.515
5365,40.7077,595.653,64.9092,1639.4099999999999,14.6324,102.537
365,40.5766,584.218,60.8838,1637.25,14.3979,102.549
6961,38.1088,394.222,48.7448,1599.77,10.3446,102.552
1020,39.971,535.234,51.4388,1627.94,13.3906,102.573
702,39.5337,486.614,51.3249,1618.4699999999998,12.3088,102.579
1799,40.2641,558.513,54.7072,1632.38,13.8712,102.594
6265,39.5819,492.649,53.2438,1619.6599999999999,12.4463,102.635
2578,39.8422,523.73,60.2708,1625.7199999999998,13.1451,102.637
5590,39.1202,452.72,46.7902,1611.69,11.5725,102.671
9543,40.4058,570.003,61.9285,1634.5699999999997,14.107,102.672
6884,39.5108,483.715,51.5739,1617.8899999999999,12.2426,102.675
4296,39.3807,471.408,56.5856,1615.44,11.9705,102.679
8640,40.3929,568.957,48.2176,1634.37,14.0856,102.685
205,39.5031,482.73,56.3107,1617.6999999999998,12.2201,102.709
8351,39.8411,523.603,59.5096,1625.6999999999998,13.1423,102.716
9484,41.1506,636.509,46.9754,1647.0299999999997,15.4678,102.754
4128,41.4124,678.851,72.3887,1654.77,16.3925,102.754
4407,40.2765,559.51,63.9828,1632.5699999999997,13.8917,102.757
5494,39.8567,525.412,61.0508,1626.0499999999997,13.1825,102.762
8867,39.8288,522.185,58.9549,1625.4299999999998,13.1107,102.79
34,40.5008,577.798,55.9327,1636.04,14.2663,102.795
6371,39.4744,479.039,57.6464,1616.96,12.1355,102.798
1374,39.9138,530.775,56.3368,1627.08,13.298,102.812
7657,39.7444,512.307,65.8348,1623.5099999999998,12.8901,102.85
7930,40.6862,593.769,73.8558,1639.0499999999997,14.5939,102.861
30,39.3735,470.886,68.2964,1615.33,11.9595,102.874
8943,39.6985,506.853,52.2021,1622.4499999999998,12.7676,102.899
2031,41.3067,662.388,59.4754,1651.7799999999997,16.0358,102.902
9016,39.3802,471.372,62.6309,1615.4299999999998,11.9698,102.931
6322,39.704,507.505,61.0588,1622.5699999999997,12.7822,102.935
6222,40.6685,592.218,56.5883,1638.7599999999998,14.5621,102.957
568,39.6215,497.529,48.6392,1620.62,12.5571,102.986
8563,39.8665,526.533,49.5096,1626.2599999999998,13.2074,102.989
8123,39.6467,500.601,50.7239,1621.2199999999998,12.6265,102.99
6756,40.0998,545.383,58.1001,1629.88,13.6006,103.006
3047,39.6682,503.206,52.52,1621.73,12.6854,103.008
1423,39.565,490.55,48.8695,1619.25,12.3986,103.013
1929,39.5516,488.864,50.1203,1618.9099999999999,12.3602,103.037
8818,39.8361,523.036,49.53,1625.5899999999997,13.1297,103.042
3383,39.9132,530.724,53.2389,1627.0699999999997,13.297,103.077
2536,41.2416,651.852,55.4817,1649.8600000000001,15.8057,103.082
4221,39.6012,495.03,49.9523,1620.13,12.5004,103.084
6626,39.912,530.63,51.5121,1627.0499999999997,13.295,103.101
9607,39.9629,534.598,64.7023,1627.81,13.3774,103.107
7377,40.1913,552.669,58.1506,1631.27,13.751,103.127
3929,40.1538,549.669,47.3473,1630.6999999999998,13.6891,103.14
1780,40.0238,539.374,43.8548,1628.73,13.4763,103.14
4605,39.8165,520.76,50.9696,1625.15,13.079,103.153
1358,39.4012,472.901,61.1094,1615.7399999999998,12.0022,103.178
2592,40.0294,539.821,60.7557,1628.8199999999997,13.4856,103.193
3418,40.2785,559.669,64.6465,1632.6,13.895,103.198
9856,40.6184,587.851,62.196,1637.94,14.4725,103.201
1891,39.6068,495.723,51.6894,1620.27,12.5161,103.207
4761,39.7407,511.869,58.5155,1623.42,12.8802,103.209
6645,40.0288,539.775,44.8989,1628.81,13.4847,103.211
2136,40.2849,560.188,54.2065,1632.6999999999998,13.9057,103.223
3852,39.8252,521.772,51.337,1625.35,13.1015,103.231
1701,40.0428,540.872,50.6301,1629.02,13.5074,103.238
9443,39.5046,482.925,53.5069,1617.73,12.2245,103.262
8201,40.2829,560.026,53.7984,1632.67,13.9023,103.263
8854,39.5522,488.947,53.9375,1618.9299999999998,12.3621,103.266
1141,40.328,563.673,55.6973,1633.37,13.9772,103.284
2074,40.9048,613.137,64.3379,1642.6799999999998,14.9894,103.299
11,39.1669,456.026,59.8274,1612.35,11.6432,103.323
755,41.3682,672.055,67.1279,1653.54,16.2457,103.332
9513,40.357,566.028,61.654,1633.81,14.0255,103.35
8581,40.0571,542.005,64.65,1629.23,13.5308,103.354
7744,40.0348,540.247,55.1807,1628.9,13.4944,103.364
4922,39.6019,495.122,54.3595,1620.15,12.5025,103.369
7923,40.1528,549.593,51.5235,1630.69,13.6875,103.37
6102,40.0691,542.946,49.3699,1629.4099999999999,13.5503,103.377
5490,40.3145,562.579,63.2298,1633.1599999999999,13.9548,103.387
3783,39.8691,526.83,62.3444,1626.3199999999997,13.214,103.407
9852,40.3065,561.932,60.5482,1633.04,13.9415,103.443
1692,40.7482,599.215,63.6112,1640.0699999999997,14.7053,103.449
4535,39.9389,532.726,62.2024,1627.46,13.3385,103.473
2544,40.2096,554.132,59.3384,1631.5499999999997,13.7811,103.473
4543,40.4219,571.327,54.3544,1634.8199999999997,14.1341,103.489
6293,39.7945,518.194,67.9567,1624.65,13.0217,103.503
6793,39.0214,445.765,60.2729,1610.2799999999997,11.4236,103.514
760,39.9641,534.698,51.5466,1627.83,13.3794,103.525
3864,41.3825,674.266,65.8055,1653.94,16.2935,103.526
2413,38.766,428.139,51.204,1606.71,11.0442,103.544
7733,40.9161,614.149,66.1951,1642.87,15.01,103.553
4204,40.1734,551.238,52.3427,1631.0,13.7215,103.563
5027,39.04,447.066,48.3224,1610.5499999999997,11.4515,103.563
8275,41.2514,653.457,69.8552,1650.15,15.8409,103.587
1622,42.0448,777.898,70.6392,1672.1799999999998,18.5017,103.589
4970,41.2332,650.475,77.1884,1649.6,15.7755,103.597
8656,40.0145,538.644,64.7577,1628.5899999999997,13.4612,103.605
7197,40.0568,541.979,52.5394,1629.23,13.5303,103.62
7251,38.9064,437.767,46.8239,1608.67,11.2518,103.624
3133,39.64,499.79,59.6836,1621.06,12.6082,103.629
8871,40.1155,546.623,56.155,1630.12,13.6262,103.643
2729,39.7843,517.006,61.2374,1624.42,12.9952,103.685
7512,40.3165,562.742,61.9392,1633.19,13.9581,103.698
5071,39.2828,464.322,55.4067,1614.02,11.82,103.707
9578,42.2657,805.359,79.0827,1676.9499999999998,19.0547,103.708
4030,40.6173,587.755,50.385,1637.92,14.4705,103.714
6309,40.362,566.439,62.5357,1633.8899999999999,14.034,103.737
5505,39.5443,487.956,50.1352,1618.73,12.3395,103.742
5662,39.9856,536.378,49.617,1628.1599999999999,13.4143,103.757
5434,40.3964,569.237,61.7235,1634.42,14.0913,103.757
1634,39.787,517.317,52.5441,1624.48,13.0022,103.765
6469,40.5718,583.799,59.3027,1637.17,14.3893,103.791
5491,39.7697,515.295,57.7051,1624.0899999999997,12.957,103.799
8967,39.7257,510.092,58.5355,1623.08,12.8404,103.848
6809,39.5683,490.959,49.8791,1619.33,12.4079,103.849
1820,39.8004,518.883,53.3867,1624.79,13.0371,103.88
4007,39.7856,517.158,60.611,1624.4499999999998,12.9986,103.9
8172,40.9025,612.933,54.071,1642.6399999999999,14.9852,103.95
2869,40.2674,558.778,59.0466,1632.44,13.8767,103.966
5392,41.096,630.417,57.436,1645.9,15.3401,103.972
8697,40.1434,548.844,63.353,1630.54,13.6721,103.989
7967,39.8872,528.704,52.0559,1626.6799999999998,13.255,104.003
5053,40.927,615.126,59.803,1643.0499999999997,15.0298,104.007
2054,40.1701,550.972,63.1637,1630.9499999999998,13.716,104.012
4907,39.584,492.905,62.2399,1619.71,12.4521,104.036
3978,39.5408,487.514,56.6153,1618.6399999999999,12.3294,104.063
9809,40.0514,541.549,60.5699,1629.15,13.5214,104.1
654,38.7281,425.993,48.3894,1606.27,10.9996,104.109
5468,39.358,469.759,52.8713,1615.1100000000001,11.9355,104.138
3222,39.5206,484.953,54.27,1618.1399999999999,12.2709,104.139
9475,39.3608,469.964,57.7417,1615.15,11.9399,104.145
7100,40.4006,569.586,59.436,1634.4899999999998,14.0984,104.153
7775,42.1573,792.047,86.0501,1674.6399999999999,18.7879,104.158
6925,39.7595,514.093,59.908,1623.8600000000001,12.9301,104.17
9173,40.4153,570.78,56.8676,1634.71,14.1229,104.174
7478,39.7889,517.537,66.7611,1624.5299999999997,13.0071,104.175
2023,41.3144,663.611,62.7146,1652.0,16.0625,104.179
4729,38.3478,406.139,47.2515,1602.2199999999998,10.5909,104.184
931,40.2823,559.976,55.6521,1632.6599999999999,13.9013,104.202
9371,40.6875,593.886,61.8869,1639.0699999999997,14.5963,104.219
3046,42.8272,862.483,86.682,1686.83,20.1387,104.229
8507,41.1578,637.742,73.3307,1647.2599999999998,15.4951,104.254
2195,39.7302,510.625,51.8555,1623.1799999999998,12.8523,104.26
1943,39.8321,522.567,62.0919,1625.5,13.1192,104.27
5254,41.9892,771.056,77.5277,1671.0,18.3632,104.272
5668,40.369,567.011,57.6421,1634.0,14.0457,104.275
3789,41.2257,649.231,69.8605,1649.37,15.7482,104.279
994,40.1724,551.155,62.2594,1630.98,13.7198,104.305
9763,39.9427,533.02,59.2056,1627.5099999999998,13.3446,104.32
5553,40.5341,580.549,72.4243,1636.56,14.3225,104.321
9378,41.3214,664.72,71.4335,1652.21,16.0866,104.342
6640,41.7791,745.986,76.5774,1666.6399999999999,17.8555,104.356
5942,39.5106,483.685,49.1952,1617.8899999999999,12.2419,104.361
5199,37.8162,380.183,44.5882,1596.88,10.0535,104.37
2726,40.0775,543.615,64.9958,1629.54,13.5641,104.377
2825,40.5048,578.129,73.8977,1636.1,14.2731,104.388
5707,40.1839,552.072,61.366,1631.1599999999999,13.7386,104.423
3036,40.0938,544.905,58.723,1629.79,13.5908,104.436
7029,39.8166,520.768,58.9526,1625.15,13.0792,104.446
677,40.5337,580.52,58.0096,1636.56,14.3219,104.469
4354,39.5356,486.858,51.1729,1618.5099999999998,12.3144,104.473
1120,40.7183,596.585,58.0812,1639.58,14.6515,104.493
4410,39.4572,476.991,59.5314,1616.5499999999997,12.0888,104.495
7792,41.1568,637.575,57.9563,1647.23,15.4914,104.508
3412,39.7858,517.175,55.5028,1624.46,12.999,104.546
6843,39.8285,522.15,69.1971,1625.42,13.11,104.569
914,40.6918,594.26,69.4988,1639.1399999999999,14.6039,104.572
3875,39.6429,500.139,60.345,1621.13,12.6161,104.598
9632,43.2636,904.253,69.7178,1694.06,20.901,104.608
2038,40.6278,588.665,64.8934,1638.0899999999997,14.4892,104.643
3872,40.0215,539.197,57.8241,1628.6999999999998,13.4727,104.663
1733,40.3872,568.492,43.8989,1634.2799999999997,14.076,104.671
4358,39.771,515.447,53.8425,1624.12,12.9604,104.674
5637,40.3495,565.422,62.7254,1633.6999999999998,14.0131,104.696
5825,39.7668,514.95,49.4688,1624.02,12.9492,104.698
9627,40.6711,592.45,58.2975,1638.7999999999997,14.5668,104.701
9152,40.8954,612.294,57.1422,1642.52,14.9722,104.702
7547,40.9495,617.145,59.76,1643.4299999999998,15.0709,104.71
7068,38.1865,398.048,56.052,1600.56,10.4238,104.73
940,39.5355,486.845,56.9074,1618.5099999999998,12.3141,104.734
3028,39.0083,444.846,55.5867,1610.1,11.4039,104.741
6339,40.7951,603.368,65.3329,1640.85,14.7902,104.744
9089,39.3632,470.132,54.9636,1615.1799999999998,11.9435,104.765
8895,39.1934,457.917,55.4743,1612.73,11.6835,104.787
4416,39.4234,474.52,67.4608,1616.06,12.0365,104.803
2454,41.7601,742.757,61.365,1666.08,17.7863,104.848
815,39.5857,493.124,66.0692,1619.75,12.4571,104.853
9224,40.0375,540.456,58.5923,1628.94,13.4987,104.856
8742,40.472,575.428,59.8734,1635.5899999999997,14.2179,104.879
4235,40.0972,545.174,57.8211,1629.8399999999997,13.5963,104.882
2790,43.8774,965.105,83.4164,1704.7399999999998,21.9955,104.887
3332,40.9277,615.187,54.3695,1643.06,15.0311,104.904
648,40.4563,574.145,58.2572,1635.35,14.1917,104.923
828,40.2556,557.825,55.0752,1632.25,13.8571,104.935
543,39.612,496.366,66.4265,1620.3899999999999,12.5307,104.942
4473,41.2773,657.679,72.4489,1650.92,15.9332,104.946
4718,39.5357,486.87,56.9683,1618.52,12.3147,104.957
8624,40.7067,595.57,56.0523,1639.3899999999999,14.6307,104.979
485,40.2867,560.337,65.6747,1632.73,13.9087,105.014
3099,40.7227,596.972,69.6018,1639.65,14.6595,105.027
9077,40.1345,548.134,60.851,1630.4099999999999,13.6574,105.04
6679,39.5973,494.556,50.4908,1620.04,12.4896,105.066
2253,39.6273,498.242,52.5363,1620.7599999999998,12.5732,105.073
9984,41.203,645.44,53.2513,1648.6799999999998,15.6649,105.082
6066,39.7153,508.854,55.0627,1622.8399999999997,12.8125,105.083
7263,41.3962,676.375,69.4755,1654.3199999999997,16.3391,105.13
7639,39.465,477.832,52.1309,1616.7199999999998,12.1077,105.149
4033,40.128,547.621,53.1169,1630.31,13.6468,105.167
2433,39.6628,502.554,50.5753,1621.6100000000001,12.6707,105.171
738,41.015,623.061,63.9008,1644.5299999999997,15.191,105.178
1204,42.3239,811.038,89.665,1677.9299999999998,19.1627,105.201
9776,39.6069,495.739,49.2766,1620.27,12.5165,105.201
6982,39.9215,531.368,62.0613,1627.19,13.3103,105.202
4821,45.1954,1113.02,82.7399,1732.9499999999998,24.6267,105.203
4549,40.7023,595.184,66.6279,1639.3199999999997,14.6228,105.206
1517,39.6775,504.322,58.7939,1621.9499999999998,12.7106,105.212
560,41.0262,624.072,60.2766,1644.7199999999998,15.2116,105.216
3643,39.7575,513.855,49.1372,1623.81,12.9247,105.231
1518,40.5086,578.444,67.1999,1636.1599999999999,14.2795,105.232
3009,39.5898,493.627,59.1319,1619.85,12.4685,105.236
7613,40.0198,539.063,60.9234,1628.67,13.4699,105.272
8756,40.3685,566.963,59.0352,1633.9899999999998,14.0447,105.288
8141,40.0776,543.624,66.8383,1629.54,13.5643,105.293
659,40.6122,587.308,61.3581,1637.8399999999997,14.4614,105.331
5116,40.3533,565.73,61.0562,1633.7599999999998,14.0194,105.34
6026,40.2142,554.501,50.1785,1631.62,13.7887,105.346
7436,41.1453,635.59,56.5426,1646.8600000000001,15.4474,105.399
6665,40.3123,562.406,66.4669,1633.13,13.9512,105.423
1456,40.0861,544.291,47.2555,1629.67,13.5781,105.428
2120,39.7911,517.796,54.6409,1624.58,13.0129,105.432
1632,40.3607,566.331,50.2705,1633.87,14.0318,105.449
1806,39.828,522.091,47.8961,1625.4099999999999,13.1087,105.454
7820,41.3175,664.11,76.7618,1652.0899999999997,16.0733,105.455
2444,39.4934,481.494,60.2386,1617.4499999999998,12.1918,105.459
2075,40.2675,558.79,54.5637,1632.44,13.8769,105.466
2841,39.5054,483.022,66.9515,1617.75,12.2268,105.473
1587,39.5527,489.007,65.4743,1618.94,12.3634,105.479
5220,40.4146,570.722,54.8806,1634.6999999999998,14.1217,105.493
2377,40.5686,583.527,59.0416,1637.12,14.3837,105.504
2684,39.4566,476.952,59.1338,1616.5499999999997,12.088,105.516
2888,41.6232,717.607,63.8207,1661.6799999999998,17.2405,105.526
5689,40.4159,570.829,51.7284,1634.7199999999998,14.1239,105.529
1539,41.559,705.139,69.7437,1659.4699999999998,16.9672,105.532
4239,40.5468,581.637,58.0042,1636.77,14.3448,105.56
9054,40.0234,539.343,64.2075,1628.7199999999998,13.4757,105.574
2123,40.2813,559.896,66.7418,1632.65,13.8997,105.576
5682,39.6416,499.987,59.3201,1621.1,12.6127,105.576
9236,39.9676,534.97,70.3777,1627.8899999999999,13.3851,105.605
2605,41.3506,669.313,72.5707,1653.04,16.1863,105.622
1515,40.6157,587.61,55.4828,1637.8899999999999,14.4676,105.624
5016,40.385,568.31,63.8185,1634.25,14.0723,105.624
4630,40.4256,571.627,67.5922,1634.87,14.1402,105.627
557,39.788,517.439,46.6388,1624.5099999999998,13.0049,105.627
1833,39.8657,526.448,48.5886,1626.25,13.2055,105.628
1869,39.7945,518.199,63.2267,1624.65,13.0219,105.675
2816,39.0484,447.654,47.0052,1610.67,11.4641,105.677
9705,40.3615,566.399,65.2662,1633.88,14.0331,105.687
386,40.9333,615.692,66.5874,1643.1599999999999,15.0414,105.689
3447,41.9395,765.014,80.1206,1669.9499999999998,18.2409,105.692
8568,39.9376,532.622,55.3714,1627.44,13.3364,105.703
9668,39.1769,456.742,55.3065,1612.5,11.6584,105.733
9795,39.9023,529.877,53.376,1626.9099999999999,13.2794,105.735
3798,39.6479,500.753,50.2058,1621.25,12.63,105.744
7367,39.9389,532.729,50.1021,1627.46,13.3386,105.757
7132,40.4971,577.498,62.204,1635.9899999999998,14.2602,105.761
7129,40.5647,583.19,58.1196,1637.06,14.3768,105.792
6610,39.3856,471.764,63.566,1615.5099999999998,11.9781,105.792
3768,40.7008,595.05,71.1763,1639.29,14.6201,105.799
6032,41.1579,637.777,67.4882,1647.2599999999998,15.4958,105.812
6666,43.3067,908.592,80.8731,1694.8199999999997,20.9804,105.821
1822,39.7537,513.404,66.2722,1623.7199999999998,12.9146,105.857
9842,40.0382,540.513,52.0736,1628.9499999999998,13.4999,105.873
9289,40.4557,574.093,67.7412,1635.3399999999997,14.1907,105.878
4425,38.947,440.581,58.7971,1609.2399999999998,11.3123,105.88
1364,40.2528,557.604,54.4049,1632.21,13.8526,105.888
6743,39.9362,532.513,64.9617,1627.4099999999999,13.3341,105.91
5699,39.5691,491.061,67.1759,1619.35,12.4102,105.911
678,39.8328,522.644,54.4703,1625.5099999999998,13.121,105.912
7933,39.7975,518.548,68.0493,1624.7199999999998,13.0297,105.918
1458,40.8232,605.856,54.7942,1641.3199999999997,14.841,105.925
9519,40.283,560.039,70.4108,1632.6799999999998,13.9026,105.926
8632,39.8904,528.954,62.1496,1626.73,13.2602,105.93
6869,40.3883,568.583,59.8831,1634.2999999999997,14.0779,105.946
2137,39.8382,523.276,69.1411,1625.6399999999999,13.135,105.975
3941,40.1573,549.953,60.0344,1630.75,13.695,105.986
9500,39.965,534.766,63.6918,1627.85,13.3808,106.013
9470,40.2595,558.141,55.8428,1632.31,13.8636,106.024
620,42.2204,800.143,69.0623,1676.04,18.9516,106.032
6795,41.058,626.959,68.0479,1645.2599999999998,15.2701,106.033
7448,40.2682,558.841,55.054,1632.4499999999998,13.878,106.045
7082,40.8175,605.351,65.0224,1641.2199999999998,14.8307,106.058
2645,40.6404,589.761,53.1463,1638.2999999999997,14.5117,106.071
2005,43.4577,923.487,91.2542,1697.4099999999999,21.2502,106.073
7167,41.2974,660.895,80.8634,1651.5099999999998,16.0033,106.086
2390,42.1041,785.307,69.5974,1673.4699999999998,18.6516,106.097
3640,40.1911,552.654,64.824,1631.27,13.7506,106.099
1428,40.2803,559.817,64.0336,1632.63,13.898,106.106
7634,40.5119,578.715,54.1097,1636.2199999999998,14.2851,106.109
5097,39.438,475.589,62.8652,1616.27,12.0592,106.121
7585,40.025,539.474,55.4947,1628.75,13.4784,106.124
4248,39.7233,509.807,66.4532,1623.02,12.834,106.136
5907,40.358,566.114,52.4002,1633.83,14.0273,106.137
9422,40.4308,572.055,67.106,1634.96,14.149,106.138
2781,39.8015,519.007,56.2317,1624.81,13.0399,106.141
3578,39.7946,518.21,54.4441,1624.6599999999999,13.0221,106.147
6872,37.4786,365.257,44.6526,1593.7999999999997,9.74575,106.154
4768,39.5408,487.514,53.8929,1618.6399999999999,12.3294,106.155
1827,39.7002,507.056,52.3987,1622.4899999999998,12.7721,106.171
6687,40.4806,576.137,55.0959,1635.73,14.2324,106.181
5060,40.7609,600.338,63.4421,1640.2799999999997,14.7283,106.186
4141,40.578,584.339,62.8187,1637.2799999999997,14.4004,106.239
6231,39.7764,516.08,54.9385,1624.2399999999998,12.9745,106.243
2705,39.7877,517.399,56.6462,1624.5,13.004,106.272
2022,40.2941,560.93,52.9028,1632.8399999999997,13.9209,106.273
707,40.6703,592.374,57.0094,1638.79,14.5653,106.278
7666,40.4485,573.504,52.3668,1635.23,14.1786,106.298
9414,39.6069,495.733,49.683,1620.27,12.5163,106.312
1099,41.9499,766.266,73.6834,1670.17,18.2662,106.317
255,40.0733,543.283,58.5187,1629.48,13.5572,106.319
8445,39.7429,512.133,54.0203,1623.48,12.8861,106.324
1010,39.8866,528.66,51.6913,1626.67,13.2541,106.327
923,40.3603,566.295,73.6566,1633.8600000000001,14.031,106.33
1800,40.1847,552.138,54.1641,1631.17,13.74,106.331
1976,39.9409,532.883,53.1052,1627.4899999999998,13.3418,106.352
352,40.7719,601.311,75.6995,1640.4699999999998,14.7482,106.353
7842,38.6952,424.229,52.9201,1605.9099999999999,10.9634,106.386
8893,39.9004,529.729,53.549,1626.88,13.2763,106.418
8693,39.1046,451.615,42.4162,1611.4699999999998,11.5489,106.421
9641,40.339,564.57,65.9829,1633.54,13.9956,106.427
5204,39.9223,531.434,45.0559,1627.21,13.3117,106.458
892,39.9336,532.316,56.3933,1627.38,13.33,106.463
7451,40.6151,587.556,53.8423,1637.88,14.4665,106.464
817,39.9482,533.452,56.8432,1627.5899999999997,13.3536,106.503
9623,40.0509,541.516,61.7776,1629.1399999999999,13.5207,106.517
3962,39.6,494.886,47.1116,1620.1,12.4971,106.518
219,40.4494,573.58,62.3282,1635.2399999999998,14.1802,106.52
8390,45.0516,1094.31,112.999,1729.1799999999998,24.2902,106.527
9917,40.5829,584.764,61.3208,1637.3600000000001,14.4091,106.552
6441,40.0102,538.306,58.1622,1628.5299999999997,13.4542,106.572
761,39.5874,493.327,50.2614,1619.79,12.4617,106.582
5262,39.5389,487.274,50.9754,1618.6,12.3239,106.585
1540,40.4914,577.025,61.7084,1635.9,14.2506,106.617
903,40.6379,589.543,72.4143,1638.2599999999998,14.5072,106.633
8782,43.3056,908.488,74.2171,1694.7999999999997,20.9785,106.637
6661,39.5329,486.512,61.2136,1618.4499999999998,12.3065,106.642
3922,41.1721,640.198,65.2682,1647.71,15.5493,106.644
7586,40.1417,548.712,50.6417,1630.52,13.6694,106.649
4477,40.0989,545.307,53.1858,1629.87,13.5991,106.654
8631,39.7584,513.958,53.523,1623.83,12.927,106.663
2664,39.8641,526.264,62.7964,1626.21,13.2014,106.672
1872,40.1639,550.478,54.891,1630.85,13.7058,106.682
2205,39.5152,484.267,61.0458,1618.0,12.2552,106.686
3246,41.5262,698.578,78.2303,1658.2999999999997,16.8226,106.7
6413,39.1851,457.327,53.8582,1612.62,11.6709,106.706
4855,40.354,565.783,55.9643,1633.77,14.0205,106.707
3701,39.804,519.304,54.9996,1624.87,13.0465,106.725
7760,40.0746,543.388,57.1962,1629.5,13.5594,106.733
4794,39.634,499.054,49.9459,1620.92,12.5916,106.742
9344,39.8052,519.443,67.2028,1624.8899999999999,13.0496,106.764
6062,40.6469,590.333,62.9953,1638.4099999999999,14.5234,106.789
9882,39.4673,478.128,57.6102,1616.7799999999997,12.1145,106.793
6806,40.2253,555.395,61.9031,1631.79,13.8071,106.8
8349,39.5686,490.99,53.1985,1619.33,12.4086,106.802
7299,36.637,331.117,46.7637,1586.69,9.03778,106.813
2405,40.6371,589.476,71.6295,1638.2399999999998,14.5059,106.822
9459,41.4887,690.855,50.9991,1656.92,16.6516,106.862
9194,43.1203,890.12,103.28,1691.6100000000001,20.6427,106.928
2665,39.7436,512.21,57.0304,1623.4899999999998,12.8879,106.944
3861,40.0577,542.047,65.8573,1629.2399999999998,13.5317,106.957
943,39.6929,506.173,60.188,1622.31,12.7522,106.977
9854,39.858,525.56,60.0178,1626.08,13.1858,106.978
6428,39.5687,491.002,57.7965,1619.33,12.4089,106.984
1384,40.0532,541.696,64.2017,1629.1799999999998,13.5244,106.987
9384,39.3354,468.123,51.0777,1614.7799999999997,11.9008,106.996
189,39.6271,498.218,60.7802,1620.7599999999998,12.5726,107.031
7749,40.0802,543.824,56.7576,1629.58,13.5684,107.042
4693,40.5376,580.846,62.7002,1636.62,14.3286,107.049
4926,39.5308,486.251,52.6595,1618.3899999999999,12.3005,107.078
5476,39.0167,445.433,52.8041,1610.2199999999998,11.4165,107.099
9697,39.8497,524.604,60.6306,1625.8899999999999,13.1646,107.102
8080,39.0582,448.342,45.1144,1610.7999999999997,11.4788,107.11
5302,39.4374,475.543,53.6019,1616.2599999999998,12.0582,107.153
7649,42.5856,837.334,71.2141,1682.48,19.6624,107.168
2682,39.6038,495.357,54.9063,1620.19,12.5078,107.203
4260,39.3871,471.874,53.9948,1615.5299999999997,11.9804,107.207
4035,39.487,480.663,61.2461,1617.29,12.1727,107.247
949,39.6164,496.903,55.1809,1620.5,12.5429,107.265
1574,39.6335,498.997,53.2374,1620.9099999999999,12.5903,107.27
1251,41.1928,643.717,57.0451,1648.3600000000001,15.6269,107.27
1411,39.5727,491.502,60.5528,1619.4299999999998,12.4202,107.272
2150,39.6562,501.752,50.2554,1621.4499999999998,12.6526,107.275
6215,40.7171,596.482,69.0795,1639.56,14.6494,107.28
2012,41.752,741.308,70.5817,1665.83,17.755,107.302
9566,40.0758,543.478,64.3416,1629.52,13.5613,107.334
9291,39.6425,500.088,62.7522,1621.12,12.615,107.346
9317,40.3878,568.543,55.7257,1634.29,14.0771,107.347
7191,41.9068,761.066,78.0838,1669.2599999999998,18.1609,107.357
251,39.8184,520.976,60.8464,1625.19,13.0838,107.362
9386,40.3737,567.389,62.3262,1634.0699999999997,14.0534,107.364
4148,41.8902,759.081,63.9048,1668.92,18.1207,107.373
2828,39.876,527.628,48.308,1626.4699999999998,13.2317,107.446
4077,39.8198,521.144,56.812,1625.2199999999998,13.0876,107.449
5531,40.0688,542.928,72.0147,1629.4099999999999,13.5499,107.449
4643,40.4611,574.535,55.1277,1635.42,14.1997,107.476
6627,39.7305,510.659,68.1215,1623.19,12.8531,107.477
2242,39.8321,522.565,58.5508,1625.5,13.1192,107.509
2243,40.4508,573.695,51.8259,1635.27,14.1825,107.509
8761,40.5319,580.37,63.2229,1636.5299999999997,14.3188,107.527
3822,39.5611,490.057,57.1571,1619.15,12.3873,107.532
254,39.786,517.199,52.4502,1624.46,12.9995,107.552
3217,39.0804,449.91,55.4695,1611.12,11.5124,107.57
1674,40.1918,552.707,70.6735,1631.2799999999997,13.7517,107.575
896,40.2829,560.028,61.9402,1632.67,13.9024,107.581
4426,39.7411,511.922,54.0625,1623.44,12.8814,107.582
9065,40.199,553.281,63.7375,1631.3899999999999,13.7636,107.592
7714,40.3591,566.203,54.2631,1633.85,14.0291,107.647
8303,39.3495,469.14,49.7675,1614.9899999999998,11.9224,107.662
9699,42.0537,779.01,68.5405,1672.38,18.5242,107.688
2198,40.2848,560.184,72.5561,1632.6999999999998,13.9056,107.704
1742,39.7084,508.031,55.488,1622.6799999999998,12.7941,107.705
4958,42.1836,795.407,70.828,1675.2199999999998,18.8558,107.712
9177,39.9448,533.19,59.9599,1627.54,13.3482,107.725
9646,39.9395,532.775,58.8362,1627.46,13.3395,107.749
6879,40.3584,566.147,64.7043,1633.8399999999997,14.028,107.752
643,40.1403,548.601,66.9237,1630.5,13.6671,107.765
5352,39.8237,521.595,59.4705,1625.31,13.0976,107.766
8171,42.2021,797.782,75.3374,1675.63,18.9038,107.808
6647,40.73,597.614,56.0041,1639.77,14.6726,107.824
3912,40.3431,564.903,47.4976,1633.6,14.0025,107.826
5319,39.5412,487.556,50.8698,1618.65,12.3303,107.829
1129,39.7618,514.367,45.9019,1623.9099999999999,12.9362,107.833
1612,41.3633,671.291,73.5423,1653.4,16.2292,107.835
6498,41.738,738.804,67.5687,1665.3899999999999,17.701,107.868
301,39.7385,511.612,59.4419,1623.37,12.8745,107.875
2151,40.4774,575.872,55.0275,1635.6799999999998,14.227,107.88
2542,40.6173,587.756,59.3804,1637.92,14.4706,107.884
4499,40.509,578.481,62.8905,1636.17,14.2803,107.886
9944,39.8398,523.457,46.4878,1625.67,13.139,107.91
5968,40.0158,538.752,68.9379,1628.6100000000001,13.4635,107.923
2165,40.1172,546.763,57.9111,1630.1399999999999,13.6291,107.928
4577,40.1836,552.054,62.9607,1631.15,13.7383,107.938
6812,40.4294,571.935,57.4937,1634.9299999999998,14.1465,107.942
1554,40.4364,572.512,56.522,1635.04,14.1583,107.943
1868,39.0827,450.068,59.1815,1611.15,11.5158,107.976
7155,42.4706,825.634,75.5521,1680.46,19.4401,107.996
3098,40.4339,572.303,67.9882,1635.0,14.154,107.996
1635,43.4992,927.331,76.337,1698.08,21.3184,108.048
7187,40.0092,538.232,50.433,1628.5099999999998,13.4527,108.054
4775,41.6361,720.045,67.5322,1662.1100000000001,17.2938,108.063
6165,39.5682,490.939,56.4279,1619.3199999999997,12.4074,108.068
5221,39.6288,498.425,55.9253,1620.7999999999997,12.5773,108.075
611,40.3337,564.134,66.6097,1633.4499999999998,13.9867,108.104
2423,40.6915,594.234,61.0951,1639.1399999999999,14.6034,108.11
284,39.8099,519.985,50.9346,1625.0,13.0617,108.111
8041,41.0472,625.978,57.1363,1645.0699999999997,15.2502,108.14
9163,40.3729,567.321,78.6246,1634.06,14.052,108.159
5344,39.9602,534.389,46.2482,1627.77,13.373,108.221
5430,39.8305,522.381,59.146,1625.46,13.1151,108.238
3850,40.3766,567.625,52.904,1634.12,14.0583,108.245
7331,39.6983,506.827,56.7034,1622.44,12.767,108.247
2182,43.2188,899.793,82.5569,1693.29,20.8195,108.25
8815,40.7954,603.394,73.1589,1640.8600000000001,14.7907,108.259
6907,40.0883,544.471,47.3834,1629.71,13.5818,108.264
1103,43.0428,882.647,71.5258,1690.3199999999997,20.5062,108.274
9573,39.641,499.914,57.6736,1621.0899999999997,12.611,108.276
8211,39.0412,447.152,53.0086,1610.56,11.4533,108.309
4899,40.511,578.644,62.9455,1636.1999999999998,14.2836,108.314
5521,39.6091,496.012,47.3603,1620.3199999999997,12.5227,108.318
5754,40.6009,586.328,54.2952,1637.65,14.4412,108.321
1769,40.2755,559.433,63.7898,1632.56,13.8901,108.345
5287,40.1491,549.297,58.1728,1630.63,13.6814,108.355
1732,39.8193,521.084,47.4346,1625.21,13.0862,108.361
9427,41.078,628.783,55.4225,1645.5899999999997,15.307,108.364
3996,40.068,542.864,55.8217,1629.4,13.5486,108.373
6171,40.4108,570.417,56.6207,1634.65,14.1155,108.377
861,40.271,559.068,57.4374,1632.4899999999998,13.8827,108.401
3278,42.114,786.554,63.3265,1673.69,18.6768,108.432
448,39.7789,516.374,58.8115,1624.2999999999997,12.9811,108.437
6946,41.1514,636.643,64.635,1647.0499999999997,15.4707,108.46
7224,39.1533,455.065,54.9759,1612.1599999999999,11.6226,108.463
8151,43.4594,923.643,104.171,1697.4299999999998,21.253,108.475
457,39.8472,524.309,56.6469,1625.8399999999997,13.158,108.481
7205,43.3048,908.405,81.2424,1694.7799999999997,20.977,108.486
170,39.8151,520.59,47.487,1625.12,13.0752,108.489
9323,39.5713,491.326,50.282,1619.4,12.4162,108.5
6886,39.8717,527.13,64.1322,1626.38,13.2207,108.513
2494,40.4462,573.31,69.2924,1635.19,14.1747,108.526
1425,39.68,504.634,62.3712,1622.0099999999998,12.7176,108.55
7818,38.9905,443.608,56.4067,1609.85,11.3773,108.555
5527,42.0081,773.368,58.5584,1671.4,18.41,108.585
4902,40.0807,543.867,64.8896,1629.5899999999997,13.5693,108.59
4154,39.6006,494.958,57.0599,1620.1100000000001,12.4988,108.628
4277,40.4472,573.395,49.9679,1635.21,14.1764,108.638
8703,39.9983,537.378,66.2918,1628.35,13.435,108.644
6582,40.208,554.001,52.7157,1631.5299999999997,13.7784,108.648
1975,39.8389,523.354,58.1725,1625.65,13.1368,108.654
3662,41.1975,644.524,68.1431,1648.5099999999998,15.6447,108.663
5735,39.8038,519.28,45.6903,1624.8600000000001,13.046,108.672
8790,39.7389,511.652,57.2979,1623.38,12.8754,108.676
6553,39.7336,511.029,56.0038,1623.2599999999998,12.8614,108.689
9764,40.145,548.968,64.4128,1630.5699999999997,13.6746,108.697
4719,39.3619,470.041,48.2945,1615.17,11.9415,108.708
4408,44.3923,1016.23,87.055,1714.06,22.8922,108.727
3906,39.9241,531.57,58.3157,1627.23,13.3145,108.744
8904,41.5816,709.584,64.6162,1660.2599999999998,17.0649,108.779
2384,39.6804,504.676,50.422,1622.02,12.7185,108.8
9593,40.0318,540.008,57.884,1628.85,13.4895,108.811
4854,39.6504,501.05,55.1525,1621.31,12.6367,108.849
6474,39.7389,511.662,56.8797,1623.38,12.8756,108.854
3535,40.0295,539.822,65.5093,1628.8199999999997,13.4856,108.858
6771,40.04,540.655,53.5006,1628.98,13.5029,108.865
2417,40.4072,570.119,58.8333,1634.5899999999997,14.1094,108.876
8431,43.3464,912.632,72.3153,1695.52,21.0544,108.963
234,40.139,548.497,57.9221,1630.48,13.6649,108.97
6532,39.5317,486.366,53.0994,1618.42,12.3032,108.988
6011,40.6315,588.988,56.1848,1638.15,14.4958,108.99
5382,40.1101,546.196,54.7293,1630.04,13.6174,109.025
7376,40.1809,551.835,60.3446,1631.1100000000001,13.7338,109.03
2029,40.6044,586.631,58.9067,1637.71,14.4475,109.065
1188,40.3985,569.412,69.8333,1634.4499999999998,14.0949,109.097
5309,40.0561,541.923,50.8067,1629.2199999999998,13.5291,109.101
1007,40.3922,568.899,59.4602,1634.3600000000001,14.0844,109.12
8872,40.5871,585.127,55.565,1637.42,14.4166,109.12
7616,39.8021,519.086,44.3703,1624.83,13.0417,109.132
23,40.0545,541.793,59.5732,1629.19,13.5264,109.147
9896,39.8205,521.225,59.3918,1625.2399999999998,13.0894,109.153
4816,42.7351,852.905,87.2083,1685.17,19.958,109.16
7394,40.0297,539.843,71.6147,1628.8199999999997,13.4861,109.162
6107,40.2738,559.293,52.1755,1632.5299999999997,13.8873,109.168
5017,40.0518,541.585,71.4634,1629.15,13.5221,109.176
9630,39.5572,489.569,51.2348,1619.0499999999997,12.3762,109.182
5974,40.0797,543.791,61.3919,1629.58,13.5677,109.191
4556,40.0608,542.294,74.2416,1629.29,13.5368,109.212
9483,42.7705,856.654,79.9533,1685.8199999999997,20.0291,109.265
7067,42.9006,869.245,81.5659,1688.0,20.2619,109.307
6897,39.7371,511.449,56.9006,1623.3399999999997,12.8708,109.314
9730,39.6359,499.292,53.6792,1620.9699999999998,12.5969,109.345
8297,39.7772,516.171,60.2478,1624.2599999999998,12.9766,109.346
8387,39.1913,457.767,56.8224,1612.6999999999998,11.6803,109.383
4665,39.5225,485.204,53.9177,1618.19,12.2766,109.425
6520,39.2091,459.035,57.3112,1612.96,11.7074,109.431
7966,39.9458,533.266,54.3768,1627.56,13.3497,109.432
1119,40.4539,573.946,55.5285,1635.31,14.1877,109.44
1174,41.1348,633.966,60.5335,1646.56,15.4119,109.457
3762,40.1758,551.429,70.0118,1631.04,13.7254,109.465
779,39.6953,506.466,51.683,1622.37,12.7588,109.465
1102,39.8231,521.528,62.5385,1625.2999999999997,13.0961,109.489
6424,40.6045,586.641,61.1476,1637.71,14.4477,109.496
2,40.4883,576.77,59.3395,1635.85,14.2454,109.517
2751,40.8956,612.316,64.6311,1642.5299999999997,14.9726,109.526
5230,39.7964,518.416,56.6525,1624.6999999999998,13.0267,109.535
2042,41.1742,640.564,64.7126,1647.7799999999997,15.5574,109.537
161,39.7299,510.593,51.7299,1623.1799999999998,12.8516,109.54
4321,39.563,490.293,62.4358,1619.19,12.3927,109.555
2002,40.1845,552.125,56.7946,1631.17,13.7397,109.568
7915,40.6166,587.687,64.9903,1637.9099999999999,14.4692,109.584
3741,39.5323,486.437,70.317,1618.4299999999998,12.3048,109.614
9537,39.4953,481.74,56.1445,1617.5,12.1974,109.661
4627,39.8932,529.169,52.4878,1626.77,13.2646,109.709
4145,41.7618,743.054,75.7487,1666.13,17.7927,109.727
6044,39.7035,507.443,55.5027,1622.56,12.7808,109.729
746,40.7714,601.266,59.8275,1640.46,14.7472,109.736
8534,39.7097,508.19,65.6809,1622.71,12.7976,109.746
757,39.3274,467.542,58.1436,1614.67,11.8885,109.749
413,42.2286,801.203,81.8288,1676.2199999999998,18.973,109.756
5089,40.2689,558.899,66.5589,1632.46,13.8792,109.798
1287,40.1751,551.374,67.1734,1631.02,13.7243,109.82
9056,39.4216,474.386,53.5424,1616.0299999999997,12.0337,109.849
7614,39.5255,485.584,57.6487,1618.2599999999998,12.2853,109.851
7625,39.9037,529.99,45.2837,1626.9299999999998,13.2817,109.89
6304,40.9861,620.444,60.8443,1644.04,15.1379,109.892
3172,38.9239,438.979,49.9665,1608.9099999999999,11.2779,109.91
3487,40.5231,579.64,65.3103,1636.3899999999999,14.3039,109.926
9205,40.5691,583.566,60.7293,1637.13,14.3845,109.949
4996,39.8402,523.51,50.5103,1625.6799999999998,13.1402,109.954
2441,40.6061,586.777,60.3724,1637.7399999999998,14.4505,109.98
407,41.1402,634.694,54.1216,1646.69,15.4276,109.994
7032,39.8102,520.03,51.3022,1625.0099999999998,13.0627,110.002
6302,39.7733,515.715,56.8423,1624.17,12.9664,110.003
8920,39.6785,504.453,60.7565,1621.98,12.7135,110.015
4452,39.9514,533.702,55.3709,1627.6399999999999,13.3588,110.023
6373,39.9856,536.381,54.7324,1628.1599999999999,13.4144,110.058
3085,39.5485,488.483,55.0047,1618.8399999999997,12.3515,110.073
3632,39.5655,490.606,54.2618,1619.2599999999998,12.3998,110.074
9311,41.3867,674.91,69.31,1654.0499999999997,16.3074,110.084
7301,39.8406,523.555,50.4777,1625.69,13.1412,110.091
3589,38.8104,431.17,51.7789,1607.33,11.1096,110.111
5020,39.7884,517.487,66.4155,1624.52,13.006,110.143
9004,39.6053,495.54,58.8014,1620.23,12.512,110.144
6240,40.2722,559.163,61.3798,1632.5099999999998,13.8846,110.148
5416,41.845,753.711,65.7887,1667.9899999999998,18.012,110.164
9481,40.5304,580.241,49.9593,1636.5,14.3162,110.173
1036,40.2217,555.102,60.0191,1631.7399999999998,13.8011,110.178
6769,43.29,906.908,96.8437,1694.52,20.9496,110.194
9480,39.519,484.761,58.8738,1618.1,12.2665,110.228
9968,39.9689,535.075,51.4528,1627.9099999999999,13.3873,110.234
7458,39.7918,517.878,59.9309,1624.5899999999997,13.0147,110.235
8088,40.3795,567.86,64.5035,1634.1599999999999,14.0631,110.262
290,39.233,460.746,51.8074,1613.2999999999997,11.7438,110.294
3754,39.9266,531.769,63.9586,1627.27,13.3187,110.307
2334,39.3371,468.24,47.2547,1614.7999999999997,11.9033,110.366
7268,39.6133,496.526,51.4328,1620.42,12.5343,110.367
4948,40.7742,601.512,52.915,1640.5,14.7523,110.387
4514,39.4984,482.125,58.7191,1617.58,12.2062,110.411
7501,40.1859,552.238,61.3626,1631.19,13.7421,110.419
8489,40.5134,578.843,55.0303,1636.2399999999998,14.2877,110.447
204,40.0314,539.978,56.7116,1628.85,13.4888,110.462
1415,40.7057,595.48,59.6387,1639.37,14.6289,110.463
6754,40.0367,540.391,73.9035,1628.9299999999998,13.4974,110.483
7404,39.7016,507.217,57.7232,1622.52,12.7757,110.499
8910,39.5695,491.107,62.5507,1619.3600000000001,12.4113,110.524
3434,39.7025,507.326,53.2612,1622.54,12.7782,110.545
946,40.5159,579.048,69.839,1636.2799999999997,14.2919,110.571
7580,41.4792,688.93,66.1569,1656.58,16.609,110.585
1949,39.4193,474.222,53.0729,1616.0,12.0302,110.609
6276,39.3668,470.393,64.6174,1615.2399999999998,11.949,110.61
4919,39.9952,537.129,57.4163,1628.2999999999997,13.4298,110.619
259,39.2907,464.893,46.747,1614.13,11.8321,110.636
6586,40.2775,559.592,57.0131,1632.5899999999997,13.8934,110.65
2091,39.5159,484.364,56.5654,1618.02,12.2574,110.669
1545,41.239,651.425,65.2415,1649.7799999999997,15.7963,110.678
5206,39.848,524.405,54.3885,1625.85,13.1601,110.688
4521,39.6385,499.604,52.4955,1621.0299999999997,12.604,110.691
5487,41.2118,646.921,67.8008,1648.9499999999998,15.6975,110.707
8399,39.6257,498.044,51.2052,1620.7199999999998,12.5687,110.714
1653,39.8766,527.696,52.9884,1626.4899999999998,13.2332,110.747
3958,39.9357,532.473,69.4216,1627.4099999999999,13.3333,110.748
6178,39.7909,517.778,53.7611,1624.5699999999997,13.0125,110.76
5257,40.7376,598.286,62.2817,1639.9,14.6863,110.762
2985,40.6244,588.371,57.376,1638.04,14.4832,110.764
3703,39.8362,523.039,53.1755,1625.5899999999997,13.1298,110.786
2827,40.6412,589.836,59.8829,1638.31,14.5133,110.843
476,40.4208,571.233,68.0409,1634.7999999999997,14.1322,110.878
2902,40.5496,581.876,61.3995,1636.81,14.3498,110.908
2375,39.3442,468.759,55.4782,1614.9099999999999,11.9143,110.916
1497,41.8118,749.807,72.0617,1667.31,17.9329,110.939
1237,40.8635,609.447,70.6308,1641.9899999999998,14.9142,110.949
3971,40.2649,558.578,59.0422,1632.4,13.8726,110.957
2244,39.3216,467.122,56.1347,1614.58,11.8795,110.974
1281,42.5653,835.249,83.3434,1682.12,19.6228,110.976
9108,40.0108,538.36,65.4741,1628.54,13.4553,110.977
2696,39.1937,457.938,45.707,1612.7399999999998,11.684,111.01
9028,44.5995,1039.03,103.338,1718.3600000000001,23.2969,111.031
45,41.5049,694.216,71.5748,1657.52,16.7261,111.045
6794,39.8197,521.129,58.8114,1625.2199999999998,13.0872,111.054
5631,40.1639,550.476,62.2102,1630.85,13.7057,111.054
2907,39.9085,530.362,66.7239,1627.0,13.2894,111.061
1682,40.1491,549.3,63.4028,1630.63,13.6815,111.082
4667,40.9937,621.135,64.771,1644.17,15.152,111.093
6347,39.7373,511.47,51.2137,1623.35,12.8713,111.111
5894,39.5475,488.352,53.9906,1618.81,12.3485,111.116
1951,39.7955,518.311,62.8022,1624.6799999999998,13.0244,111.122
1772,39.7278,510.339,62.1338,1623.13,12.8459,111.123
739,39.6854,505.276,56.161,1622.1399999999999,12.732,111.124
1334,40.5474,581.691,52.8569,1636.7799999999997,14.3459,111.13
2412,41.1433,635.236,54.3825,1646.79,15.4396,111.139
3887,39.7353,511.233,56.9229,1623.2999999999997,12.866,111.14
8725,39.9891,536.655,65.4021,1628.21,13.42,111.141
8689,39.7092,508.124,55.823,1622.6999999999998,12.7961,111.146
660,39.8098,519.983,53.919,1625.0,13.0617,111.154
343,41.1288,633.42,67.1801,1646.46,15.4009,111.159
3631,40.2132,554.421,57.7717,1631.6100000000001,13.787,111.165
5249,40.1763,551.467,53.9628,1631.04,13.7262,111.179
8897,39.7502,512.993,61.6096,1623.6399999999999,12.9054,111.239
6598,39.9515,533.711,67.8408,1627.6399999999999,13.359,111.248
8862,40.1237,547.279,57.6894,1630.2399999999998,13.6398,111.252
9034,39.6049,495.494,67.6342,1620.2199999999998,12.5109,111.28
7134,39.9598,534.361,59.3718,1627.77,13.3725,111.285
3923,40.1288,547.684,66.015,1630.3199999999997,13.6482,111.294
5119,41.5348,700.297,72.205,1658.6100000000001,16.8605,111.305
9657,40.4766,575.807,55.9021,1635.67,14.2257,111.315
123,39.7809,516.603,60.3548,1624.3399999999997,12.9862,111.328
2388,42.8712,866.524,62.2866,1687.5299999999997,20.2123,111.331
6312,38.8384,433.089,45.6751,1607.7199999999998,11.151,111.341
9546,40.4381,572.647,55.4334,1635.0699999999997,14.1611,111.344
4169,39.4694,478.397,52.6518,1616.83,12.1207,111.359
717,41.0575,626.915,61.6402,1645.25,15.2692,111.359
3651,42.8812,867.451,62.364,1687.69,20.2292,111.369
9498,40.433,572.232,60.7808,1634.9899999999998,14.1526,111.386
7216,41.2694,656.387,55.5063,1650.69,15.905,111.387
6295,42.368,815.384,64.9347,1678.6799999999998,19.2453,111.392
3083,39.6994,506.954,54.06,1622.4699999999998,12.7698,111.403
7526,40.4952,577.343,60.2101,1635.96,14.2571,111.405
2863,40.205,553.762,56.9083,1631.48,13.7735,111.409
2311,39.7867,517.287,55.5991,1624.48,13.0015,111.421
7726,41.3778,673.549,83.5712,1653.81,16.278,111.452
4968,39.77,515.326,57.4155,1624.1,12.9577,111.453
7559,39.718,509.175,59.5934,1622.9,12.8198,111.474
2139,41.5182,696.937,66.1935,1658.0099999999998,16.7863,111.496
87,40.6345,589.246,67.353,1638.1999999999998,14.5011,111.5
5514,40.1246,547.35,59.1563,1630.2599999999998,13.6412,111.509
9131,39.9768,535.689,54.4557,1628.02,13.4,111.521
4391,39.5142,484.14,58.8418,1617.98,12.2523,111.552
1052,39.4143,473.854,52.2603,1615.9299999999998,12.0224,111.555
5607,39.5776,492.112,55.9681,1619.5499999999997,12.4341,111.592
458,42.3945,818.016,80.168,1679.1399999999999,19.2953,111.599
5542,41.3843,674.541,67.2119,1653.9899999999998,16.2995,111.604
5233,39.6838,505.086,50.8312,1622.1,12.7278,111.693
5081,41.0661,627.693,57.8474,1645.3899999999999,15.285,111.7
3770,40.6713,592.465,59.9772,1638.81,14.5671,111.707
7833,41.4372,682.628,63.6466,1655.4499999999998,16.4738,111.718
3050,41.0783,628.804,78.286,1645.6,15.3075,111.736
341,39.705,507.622,59.9169,1622.6,12.7849,111.748
6847,41.8506,754.372,71.4339,1668.1,18.0254,111.749
3350,39.6686,503.253,55.292,1621.7399999999998,12.6864,111.78
4162,40.2833,560.063,76.1266,1632.6799999999998,13.9031,111.794
9955,41.0163,623.174,61.701,1644.5499999999997,15.1933,111.806
4663,38.5629,417.233,48.5749,1604.48,10.8195,111.822
8405,38.7592,427.678,52.5772,1606.6100000000001,11.0342,111.833
2919,39.8408,523.578,65.6355,1625.69,13.1417,111.864
6188,39.8356,522.97,60.0093,1625.58,13.1282,111.878
132,40.5813,584.627,58.7802,1637.33,14.4063,111.879
5943,39.7022,507.287,61.1761,1622.5299999999997,12.7773,111.889
9812,41.0277,624.211,69.3469,1644.7399999999998,15.2144,111.896
5604,40.0485,541.325,58.1154,1629.1,13.5167,111.898
7121,40.0536,541.723,47.3647,1629.1799999999998,13.525,111.909
8283,41.5244,698.212,79.7747,1658.2399999999998,16.8145,111.911
3308,39.8285,522.148,55.1624,1625.42,13.1099,111.915
2295,40.5545,582.301,58.3329,1636.8899999999999,14.3585,111.922
7449,39.6501,501.018,68.5022,1621.31,12.636,111.924
7127,39.6637,502.666,64.2829,1621.63,12.6732,111.937
7560,40.3777,567.712,54.0857,1634.13,14.0601,111.947
8048,39.4435,475.988,56.7632,1616.35,12.0676,111.954
6667,41.3432,668.15,73.0839,1652.83,16.1611,111.956
3196,40.035,540.259,67.0259,1628.9,13.4947,111.959
5765,41.7693,744.384,63.6648,1666.37,17.8213,111.961
6885,40.0028,537.728,64.7158,1628.42,13.4423,111.994
8217,42.6471,843.691,77.0873,1683.58,19.7831,112.019
215,40.3078,562.038,62.8061,1633.06,13.9437,112.032
5149,40.5674,583.42,65.7756,1637.1,14.3815,112.059
4879,39.4955,481.756,51.398,1617.5,12.1977,112.078
6119,39.677,504.264,61.4112,1621.94,12.7092,112.08
4199,39.6447,500.355,53.4596,1621.1799999999998,12.621,112.118
9070,39.8206,521.229,54.72,1625.2399999999998,13.0894,112.128
8258,39.768,515.095,53.6529,1624.0499999999997,12.9525,112.143
7031,41.2297,649.898,57.6846,1649.5,15.7628,112.155
4783,40.5735,583.944,59.0132,1637.1999999999998,14.3923,112.216
1341,40.0534,541.711,60.3929,1629.1799999999998,13.5247,112.227
1969,39.0413,447.161,67.7533,1610.5699999999997,11.4535,112.259
8787,39.4531,476.696,53.4339,1616.4899999999998,12.0826,112.289
897,40.9815,620.035,64.2923,1643.9699999999998,15.1296,112.298
9309,40.3048,561.801,63.3255,1633.0099999999998,13.9388,112.31
8675,40.3915,568.842,58.991,1634.35,14.0832,112.31
7925,41.1206,632.666,64.8692,1646.3199999999997,15.3856,112.316
218,40.1721,551.131,55.7513,1630.98,13.7193,112.339
4712,40.0109,538.361,53.4535,1628.54,13.4554,112.344
5005,40.5543,582.282,63.6993,1636.8899999999999,14.3581,112.366
945,41.1568,637.583,66.1363,1647.23,15.4915,112.375
3712,41.4817,689.4,63.4931,1656.6599999999999,16.6194,112.399
8728,40.795,603.358,68.0721,1640.85,14.79,112.448
7675,39.3177,466.839,54.7336,1614.52,11.8735,112.499
2744,40.8403,607.375,63.0513,1641.6,14.872,112.505
7902,40.1536,549.66,64.5858,1630.6999999999998,13.6889,112.506
9223,39.8238,521.608,55.635,1625.31,13.0979,112.526
7148,43.2032,898.245,82.0703,1693.02,20.7912,112.564
7143,39.7169,509.052,51.5151,1622.88,12.817,112.564
1262,39.8354,522.952,52.1596,1625.5699999999997,13.1278,112.566
2206,40.3661,566.77,68.7079,1633.9499999999998,14.0407,112.581
8642,41.5739,708.066,58.3583,1659.9899999999998,17.0315,112.595
9642,40.3885,568.593,63.2445,1634.2999999999997,14.0781,112.601
1406,40.1359,548.249,61.0428,1630.4299999999998,13.6598,112.645
4043,39.6276,498.271,55.162,1620.77,12.5738,112.658
9151,39.5936,494.098,45.0754,1619.9499999999998,12.4792,112.66
3516,39.5413,487.57,68.2238,1618.6599999999999,12.3307,112.664
9362,40.6353,589.317,70.5096,1638.21,14.5026,112.689
5255,38.7782,428.974,56.8778,1606.88,11.0622,112.726
1296,39.7672,515.0,64.132,1624.0299999999997,12.9504,112.748
563,40.7643,600.639,67.1941,1640.3399999999997,14.7344,112.78
7486,43.4009,918.222,83.4816,1696.4899999999998,21.1567,112.783
3519,39.6144,496.658,59.8896,1620.4499999999998,12.5373,112.794
3194,40.3565,565.989,62.1559,1633.81,14.0247,112.799
9040,40.504,578.068,44.0036,1636.0899999999997,14.2719,112.818
9312,40.7713,601.255,59.4015,1640.46,14.747,112.833
985,39.3469,468.955,57.4307,1614.9499999999998,11.9185,112.855
6177,43.2728,905.179,62.7568,1694.2199999999998,20.918,112.868
1286,43.322,910.15,74.1327,1695.0899999999997,21.0089,112.87
9413,43.3626,914.289,80.3721,1695.81,21.0847,112.874
6500,39.9585,534.258,59.2264,1627.75,13.3703,112.875
3057,40.0483,541.305,53.3184,1629.1,13.5163,112.878
6146,39.8154,520.635,61.0544,1625.13,13.0762,112.893
1492,41.0746,628.467,56.2882,1645.54,15.3006,112.996
7811,39.8278,522.065,56.4508,1625.4,13.1081,113.01
7905,40.5134,578.841,45.8606,1636.2399999999998,14.2876,113.021
6227,39.6101,496.125,59.2382,1620.3399999999997,12.5252,113.044
328,39.6628,502.551,56.2547,1621.6100000000001,12.6706,113.051
8700,39.7877,517.396,60.1999,1624.5,13.0039,113.077
266,39.8435,523.89,54.0757,1625.75,13.1487,113.094
9873,39.6148,496.702,67.637,1620.46,12.5383,113.102
8837,39.8955,529.349,51.3003,1626.81,13.2684,113.126
5332,39.8137,520.436,60.6194,1625.0899999999997,13.0718,113.13
596,39.9357,532.481,56.7524,1627.4099999999999,13.3334,113.174
4924,40.5703,583.67,58.0727,1637.15,14.3866,113.182
9744,40.091,544.68,58.0845,1629.75,13.5861,113.19
6420,40.3888,568.621,55.0779,1634.2999999999997,14.0787,113.198
7598,39.3917,472.205,53.522,1615.6,11.9874,113.207
2476,39.6857,505.316,52.3367,1622.15,12.7329,113.216
6394,40.2642,558.518,67.4419,1632.3899999999999,13.8713,113.244
1652,39.6511,501.14,60.8046,1621.33,12.6387,113.315
2440,41.1783,641.256,53.0866,1647.9099999999999,15.5727,113.319
3515,40.31,562.215,64.7176,1633.0899999999997,13.9473,113.32
8914,40.3223,563.217,69.7265,1633.2799999999997,13.9679,113.327
3615,38.5911,418.716,50.9544,1604.79,10.85,113.332
2654,40.0329,540.092,68.3771,1628.87,13.4912,113.348
7179,43.5879,935.732,83.3047,1699.5499999999997,21.4677,113.377
7721,40.1899,552.552,57.8696,1631.25,13.7485,113.38
2174,41.8879,758.814,72.4779,1668.87,18.1153,113.405
3343,39.5735,491.605,51.5049,1619.4499999999998,12.4226,113.438
3747,40.3773,567.685,61.2354,1634.13,14.0595,113.451
4374,42.4121,819.773,85.6112,1679.44,19.3287,113.454
377,40.7482,599.215,58.2662,1640.0699999999997,14.7053,113.454
7729,43.065,884.771,81.4531,1690.6799999999998,20.545,113.473
947,40.2116,554.295,70.4324,1631.58,13.7844,113.478
6883,39.6429,500.139,51.5851,1621.13,12.6161,113.486
3451,39.852,524.867,55.4143,1625.94,13.1704,113.511
7124,41.8927,759.38,61.1477,1668.9699999999998,18.1268,113.524
9020,40.5016,577.866,54.1823,1636.0499999999997,14.2677,113.534
3076,39.7014,507.196,52.5316,1622.5099999999998,12.7753,113.539
4388,40.5129,578.801,52.9769,1636.23,14.2868,113.54
6305,41.3935,675.96,65.9533,1654.2399999999998,16.3301,113.562
8058,40.0215,539.197,61.2177,1628.6999999999998,13.4727,113.58
1027,39.9916,536.848,54.5008,1628.25,13.424,113.602
9552,41.3816,674.13,70.7948,1653.9099999999999,16.2906,113.602
5659,40.3142,562.557,62.8434,1633.15,13.9543,113.611
245,40.5847,584.921,59.4778,1637.3899999999999,14.4123,113.613
76,39.9306,532.081,61.074,1627.33,13.3251,113.634
8729,40.7545,599.775,76.0859,1640.1799999999998,14.7168,113.644
1049,40.4579,574.277,65.1638,1635.38,14.1944,113.647
925,40.3747,567.474,58.0235,1634.0899999999997,14.0552,113.67
3000,39.7281,510.383,57.7494,1623.1399999999999,12.8469,113.674
446,42.2646,805.244,86.4724,1676.9299999999998,19.0525,113.677
2306,40.0057,537.954,58.9667,1628.46,13.4469,113.685
7684,39.8337,522.754,52.2699,1625.5299999999997,13.1234,113.695
6642,39.7928,518.0,47.4004,1624.62,13.0174,113.698
7991,39.9848,536.318,59.311,1628.1399999999999,13.413,113.708
4394,40.0445,541.008,57.4121,1629.04,13.5102,113.74
437,40.0424,540.842,58.1623,1629.0099999999998,13.5067,113.746
3042,39.8146,520.534,56.8248,1625.1100000000001,13.074,113.749
4646,43.5315,930.361,98.6754,1698.6100000000001,21.3722,113.76
8984,39.8116,520.19,53.5756,1625.04,13.0663,113.761
4011,40.9919,620.974,61.2038,1644.1399999999999,15.1487,113.766
3764,39.8554,525.256,66.6262,1626.02,13.1791,113.805
7582,41.4343,682.179,65.4986,1655.37,16.4641,113.809
140,40.1388,548.476,73.743,1630.4699999999998,13.6645,113.809
3113,39.5431,487.801,62.5246,1618.6999999999998,12.3359,113.81
3176,40.6642,591.84,64.9414,1638.69,14.5543,113.83
9438,39.7157,508.908,65.3609,1622.85,12.8138,113.838
5837,39.5711,491.304,59.189,1619.3899999999999,12.4157,113.875
111,39.5859,493.149,51.7711,1619.7599999999998,12.4577,113.878
4420,41.3027,661.746,71.4571,1651.6599999999999,16.0219,113.882
8470,41.9561,767.026,72.6961,1670.2999999999997,18.2816,113.887
1633,40.5101,578.565,62.2735,1636.19,14.282,113.891
8971,40.1834,552.033,57.6382,1631.15,13.7379,113.897
3241,39.8225,521.45,61.9148,1625.2799999999997,13.0944,113.918
9222,41.1042,631.166,64.5281,1646.04,15.3553,113.928
615,39.5835,492.842,68.0342,1619.6999999999998,12.4507,113.929
1654,39.8599,525.78,68.466,1626.12,13.1907,113.938
4539,39.7193,509.331,57.2369,1622.9299999999998,12.8233,113.979
3361,40.3727,567.311,77.0342,1634.06,14.0518,113.98
7592,38.8857,436.34,48.0923,1608.38,11.2211,113.989
652,39.9678,534.984,69.4201,1627.8899999999999,13.3854,113.998
7536,40.2978,561.234,64.1297,1632.9,13.9272,114.054
9728,39.5852,493.053,51.8989,1619.7399999999998,12.4555,114.063
9505,39.2839,464.402,56.1388,1614.04,11.8217,114.083
8055,39.4965,481.886,70.5727,1617.5299999999997,12.2007,114.099
6015,40.6511,590.695,60.7009,1638.4699999999998,14.5309,114.099
2687,40.4133,570.619,49.6406,1634.6799999999998,14.1196,114.101
6193,39.1725,456.425,51.4603,1612.4299999999998,11.6517,114.125
4135,40.4163,570.866,61.6168,1634.73,14.1246,114.137
6638,40.5246,579.766,66.8065,1636.4099999999999,14.3065,114.166
3250,39.6642,502.718,58.7643,1621.6399999999999,12.6744,114.185
8732,39.6652,502.842,59.4706,1621.6599999999999,12.6772,114.233
5011,39.5339,486.646,58.4588,1618.4699999999998,12.3096,114.236
7922,39.7462,512.524,58.4155,1623.5499999999997,12.8949,114.249
607,40.8073,604.442,55.867,1641.0499999999997,14.8121,114.25
824,40.7942,603.283,71.7472,1640.8399999999997,14.7885,114.296
1194,40.086,544.283,61.7645,1629.67,13.5779,114.306
5871,40.7231,597.009,68.7177,1639.6599999999999,14.6602,114.31
9615,39.6663,502.983,55.6306,1621.69,12.6803,114.324
6342,40.3789,567.813,64.3568,1634.15,14.0621,114.351
4459,39.9369,532.569,66.8075,1627.42,13.3353,114.359
5493,40.0043,537.842,64.4759,1628.44,13.4446,114.363
5526,39.9407,532.866,53.7281,1627.48,13.3414,114.364
9954,39.9593,534.322,67.2016,1627.7599999999998,13.3716,114.373
5492,39.6713,503.579,52.5048,1621.81,12.6938,114.384
5651,41.1444,635.429,79.5336,1646.83,15.4439,114.391
6092,40.274,559.307,60.4487,1632.54,13.8876,114.412
7388,39.8385,523.306,52.5501,1625.6399999999999,13.1357,114.42
1302,39.8356,522.969,66.8415,1625.58,13.1282,114.431
5934,40.2642,558.524,58.246,1632.3899999999999,13.8715,114.446
4432,40.0424,540.846,59.3842,1629.0099999999998,13.5068,114.46
784,40.1764,551.476,63.5321,1631.04,13.7264,114.466
82,41.2895,659.631,64.8191,1651.2799999999997,15.9758,114.474
3611,40.4168,570.904,57.1928,1634.7399999999998,14.1254,114.474
5690,39.584,492.909,53.0219,1619.71,12.4522,114.494
113,40.3687,566.982,62.3685,1633.9899999999998,14.0451,114.496
566,42.1386,789.666,83.2752,1674.2199999999998,18.7397,114.502
4904,40.0523,541.622,68.0488,1629.1599999999999,13.5229,114.509
3849,40.7009,595.055,77.1993,1639.29,14.6202,114.537
8180,40.159,550.091,61.1238,1630.7799999999997,13.6978,114.541
4715,40.0331,540.109,62.625,1628.87,13.4916,114.571
7997,40.4883,576.773,67.1765,1635.85,14.2454,114.575
6763,40.6841,593.587,72.8202,1639.02,14.5901,114.578
1235,40.2691,558.917,61.9231,1632.46,13.8795,114.578
4913,40.4295,571.946,65.8343,1634.9299999999998,14.1467,114.592
4647,39.6745,503.966,71.0183,1621.88,12.7025,114.595
1730,39.8036,519.258,50.061,1624.8600000000001,13.0455,114.604
1519,40.9671,618.733,59.6608,1643.7199999999998,15.1032,114.608
5629,43.2748,905.378,83.9993,1694.2599999999998,20.9216,114.61
1614,40.2803,559.822,69.5805,1632.63,13.8981,114.61
1439,40.1932,552.817,51.0929,1631.2999999999997,13.754,114.658
6673,39.8341,522.794,63.3382,1625.54,13.1243,114.663
6351,41.3501,669.239,79.0053,1653.0299999999997,16.1847,114.668
6892,43.766,953.418,74.6358,1702.67,21.7845,114.674
8010,41.3004,661.388,78.0557,1651.6,16.0141,114.696
2386,39.765,514.744,66.927,1623.98,12.9446,114.71
3567,40.5131,578.815,57.0214,1636.23,14.2871,114.711
9380,39.9761,535.637,65.1397,1628.0099999999998,13.3989,114.728
5457,39.8561,525.341,60.2614,1626.0299999999997,13.1809,114.738
1743,40.4604,574.482,64.277,1635.4099999999999,14.1986,114.743
7995,40.7931,603.183,55.1234,1640.8199999999997,14.7864,114.763
4392,43.267,904.597,59.7712,1694.12,20.9073,114.795
5171,40.4614,574.561,63.0105,1635.4299999999998,14.2002,114.818
4522,37.9117,384.699,48.9165,1597.81,10.1472,114.824
317,40.4482,573.481,63.3004,1635.23,14.1781,114.835
3660,39.7021,507.283,74.4752,1622.5299999999997,12.7772,114.842
4409,40.5378,580.859,58.7536,1636.62,14.3288,114.852
7825,40.6716,592.492,75.6871,1638.81,14.5677,114.864
6773,39.7845,517.021,53.835,1624.4299999999998,12.9956,114.867
5929,39.5756,491.868,58.8098,1619.5099999999998,12.4286,114.868
280,39.8282,522.12,60.749,1625.4099999999999,13.1093,114.926
384,40.6385,589.596,62.6393,1638.27,14.5083,114.941
9777,38.7341,426.315,48.9525,1606.3399999999997,11.0062,114.941
1023,39.607,495.744,61.582,1620.27,12.5166,114.957
2650,39.2529,462.173,65.2847,1613.5899999999997,11.7742,114.964
9320,39.1586,455.441,58.3147,1612.2399999999998,11.6307,114.965
7591,39.7288,510.462,58.2553,1623.15,12.8487,114.982
8583,39.3988,472.725,48.5205,1615.6999999999998,11.9985,115.011
4651,40.5242,579.735,59.3825,1636.4099999999999,14.3059,115.054
4361,40.3489,565.37,60.2902,1633.69,14.012,115.08
2169,41.7379,738.776,70.2352,1665.3899999999999,17.7004,115.083
3681,39.7323,510.875,61.1712,1623.23,12.8579,115.102
8679,40.6237,588.306,70.292,1638.02,14.4819,115.123
2290,39.517,484.498,54.0016,1618.0499999999997,12.2605,115.135
3702,39.8632,526.159,58.1526,1626.19,13.1991,115.172
555,40.2549,557.767,79.1781,1632.2399999999998,13.8559,115.192
5969,39.8232,521.533,63.815,1625.2999999999997,13.0962,115.192
7087,43.7265,949.4,79.4298,1701.9499999999998,21.7122,115.207
433,41.1598,638.104,70.928,1647.3199999999997,15.5031,115.221
2301,43.3161,909.551,92.5499,1694.98,20.998,115.224
3238,42.2246,800.692,63.638,1676.1399999999999,18.9627,115.229
1100,39.6083,495.902,53.439,1620.2999999999997,12.5202,115.259
8307,40.3773,567.684,62.5696,1634.13,14.0595,115.261
9610,44.2378,1000.32,81.2274,1711.1100000000001,22.6122,115.266
1162,40.1579,550.0,63.9663,1630.7599999999998,13.6959,115.283
5282,40.6618,591.638,65.4398,1638.65,14.5502,115.302
1828,40.4115,570.47,64.8617,1634.6599999999999,14.1165,115.32
6602,40.0428,540.872,53.2667,1629.02,13.5074,115.324
1336,39.5544,489.221,56.8408,1618.98,12.3683,115.34
2477,40.6317,589.007,64.3373,1638.1599999999999,14.4962,115.392
3925,41.4543,685.195,61.1627,1655.9099999999999,16.5289,115.41
3767,39.3868,471.849,58.7885,1615.5299999999997,11.9799,115.411
1861,37.8085,379.826,51.0728,1596.81,10.046,115.436
3464,42.0261,775.586,88.6969,1671.7799999999997,18.4549,115.458
621,42.0995,784.724,82.7373,1673.37,18.6398,115.495
1858,43.2578,903.673,76.6621,1693.96,20.8904,115.498
9234,40.3709,567.159,72.6122,1634.0299999999997,14.0487,115.521
206,39.8488,524.499,59.5701,1625.87,13.1622,115.553
2178,39.7107,508.312,59.3642,1622.73,12.8004,115.562
5596,40.5266,579.927,59.257,1636.44,14.3098,115.566
9165,39.6975,506.733,54.74,1622.42,12.7649,115.595
2865,40.2069,553.919,63.2931,1631.5099999999998,13.7767,115.6
8853,40.1801,551.773,65.4733,1631.1,13.7325,115.619
3636,40.5375,580.831,61.185,1636.6100000000001,14.3283,115.664
7682,39.2252,460.188,55.1627,1613.19,11.732,115.679
8328,39.9892,536.663,63.6669,1628.21,13.4202,115.704
6663,39.7801,516.511,56.0532,1624.33,12.9842,115.745
8769,43.302,908.119,77.4808,1694.73,20.9718,115.77
4255,39.6016,495.083,56.3905,1620.1399999999999,12.5016,115.772
8708,41.0457,625.845,56.5788,1645.0499999999997,15.2475,115.785
3421,43.279,905.8,66.0605,1694.33,20.9293,115.792
9107,40.3726,567.296,59.8176,1634.0499999999997,14.0515,115.795
3431,39.8196,521.119,69.753,1625.2199999999998,13.087,115.807
7537,40.0209,539.148,55.0634,1628.69,13.4717,115.83
7561,38.5386,415.964,43.7666,1604.23,10.7934,115.831
2694,42.2197,800.055,86.1601,1676.0299999999997,18.9498,115.843
9897,40.4686,575.149,79.2497,1635.54,14.2122,115.858
3603,39.4992,482.235,62.4808,1617.6,12.2087,115.868
1434,39.9162,530.959,58.2204,1627.12,13.3018,115.894
9508,43.295,907.414,70.9196,1694.6100000000001,20.9589,115.899
1437,39.9794,535.893,61.5133,1628.06,13.4042,115.906
6606,42.4267,821.224,73.2303,1679.69,19.3563,115.909
6906,39.8281,522.107,69.3201,1625.4099999999999,13.109,115.931
2366,40.3006,561.455,69.052,1632.94,13.9317,115.946
6197,39.7421,512.041,68.0337,1623.46,12.8841,115.954
3816,41.5908,711.365,65.5419,1660.5699999999997,17.1039,116.004
5602,40.0883,544.466,54.7734,1629.71,13.5817,116.033
72,40.5949,585.803,79.8745,1637.5499999999997,14.4305,116.062
9127,40.3841,568.24,72.5058,1634.23,14.0709,116.064
4825,39.7812,516.636,52.1145,1624.35,12.9869,116.086
1493,39.562,490.172,63.6807,1619.17,12.39,116.097
9076,41.3833,674.385,74.4996,1653.96,16.2961,116.119
3472,39.5354,486.827,54.5217,1618.5099999999998,12.3137,116.165
7097,39.9357,532.481,56.4693,1627.4099999999999,13.3334,116.248
2647,39.602,495.137,56.0579,1620.15,12.5028,116.273
3736,42.1706,793.741,79.6495,1674.9299999999998,18.8221,116.275
1147,39.4968,481.92,69.5782,1617.54,12.2015,116.301
6029,43.3097,908.9,88.8203,1694.87,20.9861,116.305
5191,39.9756,535.595,64.4137,1628.0099999999998,13.398,116.309
7663,39.6882,505.617,57.016,1622.21,12.7397,116.312
3667,40.1182,546.837,59.4038,1630.1599999999999,13.6307,116.315
9640,39.7204,509.466,54.5015,1622.96,12.8263,116.326
6268,39.7541,513.458,69.6834,1623.73,12.9159,116.331
7034,40.0974,545.19,65.2914,1629.8399999999997,13.5966,116.337
339,41.0119,622.776,74.1297,1644.48,15.1853,116.365
2420,40.8166,605.267,70.788,1641.21,14.829,116.417
4263,39.9763,535.646,49.8871,1628.02,13.3991,116.426
346,40.5681,583.483,52.786,1637.1100000000001,14.3828,116.433
9085,39.5058,483.08,54.543,1617.77,12.2281,116.441
9370,40.1799,551.755,62.8693,1631.1,13.7321,116.476
7106,41.1053,631.27,61.563,1646.06,15.3574,116.478
6242,40.6584,591.339,72.8167,1638.5899999999997,14.5441,116.481
5076,39.5393,487.328,52.622,1618.6100000000001,12.3251,116.501
2083,40.9596,618.056,72.8848,1643.6,15.0894,116.527
6837,39.8418,523.688,62.2161,1625.7199999999998,13.1442,116.538
9971,41.6193,716.859,60.9715,1661.54,17.2242,116.541
698,40.441,572.886,68.3079,1635.1100000000001,14.166,116.576
1964,40.787,602.646,66.272,1640.7199999999998,14.7755,116.601
8333,40.7126,596.083,60.003,1639.4899999999998,14.6413,116.666
8538,39.2589,462.602,64.4088,1613.6799999999998,11.7834,116.676
2808,39.8583,525.588,61.9397,1626.08,13.1864,116.682
2792,42.3493,813.545,104.464,1678.3600000000001,19.2103,116.687
6700,41.1867,642.694,61.8337,1648.17,15.6044,116.764
2799,39.8015,519.014,56.8848,1624.81,13.0401,116.786
5406,40.1242,547.32,57.3853,1630.25,13.6406,116.806
2805,40.0761,543.504,55.871,1629.52,13.5618,116.807
3230,40.276,559.475,64.6281,1632.5699999999997,13.891,116.81
1065,40.1135,546.471,57.1566,1630.0899999999997,13.6231,116.816
5188,41.2306,650.039,57.547,1649.52,15.7659,116.818
800,40.6435,590.036,70.7193,1638.35,14.5174,116.834
5120,42.2952,808.231,92.2965,1677.44,19.1093,116.859
3002,40.1342,548.11,66.8116,1630.4,13.6569,116.865
7063,39.6939,506.301,53.9721,1622.3399999999997,12.7551,116.872
9754,40.0138,538.594,64.882,1628.58,13.4602,116.92
4325,39.9578,534.202,49.0583,1627.7399999999998,13.3692,116.921
7041,40.3477,565.278,64.8099,1633.67,14.0101,116.925
7855,40.6946,594.503,63.4392,1639.19,14.6089,116.946
2297,39.1511,454.908,63.4834,1612.13,11.6193,116.946
8541,44.9335,1079.91,75.1404,1726.31,24.0336,116.951
5399,43.0343,881.835,71.7065,1690.1799999999998,20.4914,116.984
9399,39.8334,522.722,59.6157,1625.5299999999997,13.1227,116.997
6054,41.1377,634.258,76.1632,1646.6100000000001,15.4179,116.998
4293,41.1938,643.894,61.9318,1648.3899999999999,15.6309,117.014
9837,39.6527,501.335,64.1642,1621.37,12.6431,117.023
3,40.3737,567.385,77.2219,1634.0699999999997,14.0534,117.047
2181,40.4619,574.6,60.4921,1635.44,14.201,117.086
4385,39.5633,490.334,63.1661,1619.1999999999998,12.3936,117.099
3975,41.0908,629.95,73.4363,1645.81,15.3307,117.103
7154,40.0193,539.021,67.0755,1628.6599999999999,13.469,117.116
9801,41.3186,664.27,80.1953,1652.12,16.0768,117.134
7606,40.1723,551.151,56.8666,1630.98,13.7197,117.152
3758,39.9516,533.72,57.3929,1627.65,13.3592,117.199
8161,40.4241,571.504,72.219,1634.85,14.1377,117.248
548,38.0049,389.166,49.8016,1598.73,10.2399,117.25
4294,41.0813,629.076,64.0356,1645.65,15.313,117.253
7601,39.941,532.891,57.2096,1627.4899999999998,13.342,117.262
5499,40.9793,619.836,71.9468,1643.9299999999998,15.1256,117.287
9006,39.6034,495.309,57.5886,1620.1799999999998,12.5067,117.291
506,40.7919,603.078,62.922,1640.7999999999997,14.7843,117.322
9502,39.8274,522.023,66.2257,1625.3899999999999,13.1071,117.329
1229,42.1146,786.629,66.8889,1673.6999999999998,18.6783,117.336
6196,40.1782,551.616,59.5802,1631.0699999999997,13.7292,117.385
9618,39.7854,517.131,62.4896,1624.4499999999998,12.998,117.399
5756,39.5078,483.335,54.5762,1617.8199999999997,12.2339,117.4
6831,39.7304,510.651,62.1182,1623.19,12.8529,117.401
3492,39.2179,459.667,64.0778,1613.0899999999997,11.7208,117.412
7740,40.2705,559.027,70.7515,1632.48,13.8818,117.416
4106,41.7836,746.51,73.7551,1666.7399999999998,17.8661,117.425
8451,40.586,585.035,62.5796,1637.4099999999999,14.4147,117.452
742,40.3951,569.135,58.9564,1634.4,14.0892,117.452
5274,40.255,557.781,54.4566,1632.25,13.8562,117.47
6878,39.4882,480.824,53.2501,1617.3199999999997,12.1764,117.48
6664,39.5386,487.234,60.2972,1618.5899999999997,12.323,117.495
5228,41.6644,725.347,68.3494,1663.04,17.4093,117.505
4977,41.3826,674.277,78.3955,1653.94,16.2937,117.514
1330,40.264,558.505,56.5302,1632.38,13.8711,117.524
5747,40.4616,574.579,67.1402,1635.4299999999998,14.2006,117.526
9047,39.4612,477.333,47.2266,1616.62,12.0963,117.534
8672,39.929,531.957,60.1826,1627.31,13.3226,117.576
2738,39.7855,517.141,60.5777,1624.4499999999998,12.9982,117.587
5308,40.18,551.767,56.9262,1631.1,13.7324,117.594
3429,40.1474,549.161,62.7029,1630.6,13.6786,117.607
4150,40.514,578.887,68.6839,1636.25,14.2886,117.654
3441,44.4404,1021.48,101.309,1715.04,22.9853,117.663
1205,41.3535,669.768,57.4857,1653.12,16.1962,117.678
8053,40.0919,544.752,59.3187,1629.7599999999998,13.5876,117.678
2358,44.3537,1012.14,86.5266,1713.2999999999997,22.8197,117.681
7839,43.848,961.972,89.3357,1704.19,21.9388,117.708
4491,39.9385,532.698,63.4106,1627.4499999999998,13.338,117.709
8346,39.0052,444.634,59.7391,1610.06,11.3993,117.71
888,40.566,583.298,59.8712,1637.08,14.379,117.73
5793,40.4268,571.723,71.5632,1634.8899999999999,14.1422,117.734
894,38.157,396.591,55.4456,1600.2599999999998,10.3937,117.751
7669,40.2642,558.52,57.8146,1632.3899999999999,13.8714,117.781
3883,39.6705,503.49,56.9279,1621.79,12.6918,117.8
8847,39.3445,468.776,56.3142,1614.9099999999999,11.9147,117.804
517,39.5837,492.872,69.5367,1619.6999999999998,12.4514,117.837
8243,42.0681,780.797,65.2677,1672.69,18.5603,117.85
6223,41.5782,708.913,62.4528,1660.1399999999999,17.0501,117.868
6729,39.6548,501.588,64.4692,1621.42,12.6489,117.887
3802,41.4272,681.108,81.4502,1655.17,16.4411,117.913
7333,38.8837,436.203,50.8258,1608.35,11.2181,117.917
684,40.8372,607.099,58.6528,1641.5499999999997,14.8663,117.922
8543,40.0548,541.819,67.8861,1629.1999999999998,13.5269,117.925
1887,40.0794,543.763,56.3239,1629.5699999999997,13.5671,117.954
1878,38.5903,418.671,50.0805,1604.7799999999997,10.8491,117.958
4433,39.5799,492.396,61.2918,1619.6100000000001,12.4406,117.969
2565,39.3386,468.351,58.103,1614.83,11.9056,117.977
3200,40.5228,579.613,67.4655,1636.38,14.3034,117.987
1219,41.7609,742.885,70.9785,1666.1,17.789,118.001
1182,39.8805,528.141,63.364,1626.5699999999997,13.2431,118.023
1306,39.3325,467.913,50.2533,1614.7399999999998,11.8963,118.055
1939,41.9464,765.844,62.0626,1670.0899999999997,18.2577,118.058
5562,40.6384,589.589,72.345,1638.27,14.5082,118.077
8484,40.6111,587.21,63.145,1637.8199999999997,14.4594,118.084
9771,40.0696,542.988,64.0999,1629.42,13.5511,118.102
4311,40.6528,590.847,63.4016,1638.5,14.534,118.116
5886,40.1128,546.411,61.3494,1630.08,13.6219,118.129
7183,39.8803,528.119,59.3554,1626.5699999999997,13.2426,118.129
8191,39.8311,522.45,53.3471,1625.48,13.1166,118.138
866,39.3775,471.171,47.7635,1615.3899999999999,11.9655,118.143
8130,44.7459,1055.88,101.519,1721.6,23.5973,118.144
4720,39.8954,529.343,54.287,1626.7999999999997,13.2683,118.235
2011,40.7614,600.381,73.8793,1640.29,14.7292,118.239
182,43.9787,976.057,88.7537,1706.6999999999998,22.1939,118.261
7164,40.4881,576.755,70.7856,1635.8399999999997,14.2451,118.264
2313,40.4406,572.851,61.8619,1635.1100000000001,14.1653,118.312
2092,40.6151,587.564,64.1813,1637.88,14.4666,118.319
8463,44.7376,1054.89,70.5103,1721.4099999999999,23.5794,118.336
1700,41.549,703.16,68.7591,1659.12,16.9236,118.337
5882,41.0725,628.28,67.5362,1645.5,15.2969,118.345
6289,40.7424,598.704,63.614,1639.98,14.6949,118.381
1815,38.5933,418.832,55.2282,1604.81,10.8524,118.388
7002,43.5179,929.088,96.6983,1698.38,21.3496,118.409
8611,39.8017,519.038,53.6204,1624.8199999999997,13.0406,118.418
7273,45.4974,1151.45,87.8239,1740.9099999999999,25.3081,118.422
9087,43.4862,926.121,80.3781,1697.8600000000001,21.2969,118.467
6512,39.6763,504.18,55.6424,1621.92,12.7073,118.483
4170,41.2716,656.744,59.5768,1650.75,15.9127,118.487
1986,40.8228,605.826,79.1855,1641.31,14.8404,118.494
5932,40.2717,559.122,64.2828,1632.5,13.8838,118.496
4819,40.3163,562.731,73.9439,1633.19,13.9579,118.505
3775,40.0526,541.648,67.7782,1629.17,13.5234,118.515
7691,41.1969,644.408,66.4522,1648.4899999999998,15.6422,118.544
3600,41.3114,663.133,77.053,1651.92,16.0521,118.579
2703,40.9116,613.747,70.727,1642.79,15.0018,118.584
2669,38.6558,422.134,53.0099,1605.4899999999998,10.9203,118.591
9401,40.0131,538.537,57.1676,1628.5699999999997,13.459,118.6
6842,42.1017,785.003,82.1562,1673.42,18.6454,118.603
4645,39.8905,528.964,60.3577,1626.73,13.2604,118.624
3539,41.1107,631.759,72.7232,1646.15,15.3673,118.647
1846,39.5697,491.135,55.3907,1619.3600000000001,12.4119,118.652
9762,40.0187,538.979,61.0096,1628.65,13.4682,118.654
1629,39.4729,478.852,51.6627,1616.92,12.1312,118.683
1427,39.5368,487.012,59.2416,1618.5499999999997,12.3179,118.693
7004,40.8204,605.605,62.5488,1641.27,14.8359,118.698
884,40.1064,545.9,56.0006,1629.98,13.6113,118.709
8386,39.6577,501.932,61.9037,1621.48,12.6566,118.727
8518,40.1899,552.552,54.3487,1631.25,13.7485,118.745
6649,39.7228,509.75,51.4423,1623.0099999999998,12.8327,118.766
5407,39.7941,518.145,59.5173,1624.6399999999999,13.0207,118.801
2967,40.0556,541.886,54.8534,1629.21,13.5283,118.802
1386,43.1796,895.911,74.1375,1692.62,20.7485,118.823
5684,40.605,586.679,62.5903,1637.7199999999998,14.4485,118.859
1193,39.9132,530.727,66.4346,1627.0699999999997,13.297,118.866
7485,39.8109,520.108,62.881,1625.02,13.0645,118.916
4469,40.2344,556.121,55.5029,1631.9299999999998,13.822,118.928
3909,41.2803,658.153,78.419,1651.0099999999998,15.9435,118.931
2355,39.8142,520.495,51.6938,1625.1,13.0731,118.939
9437,40.382,568.062,56.5936,1634.1999999999998,14.0672,118.95
8505,40.5915,585.513,79.9289,1637.5,14.4245,118.974
3233,38.4035,408.982,54.1526,1602.7999999999997,10.6496,118.974
5134,38.5711,417.665,52.8235,1604.5699999999997,10.8284,118.981
3465,39.667,503.061,67.5575,1621.71,12.6821,119.01
514,41.1102,631.716,71.2727,1646.1399999999999,15.3664,119.05
681,39.1056,451.688,60.1784,1611.48,11.5505,119.055
149,40.2739,559.303,76.8889,1632.54,13.8875,119.083
4502,40.8437,607.679,72.6858,1641.6599999999999,14.8782,119.098
6870,40.0418,540.795,62.8757,1629.0,13.5058,119.117
5985,39.5818,492.629,61.0993,1619.6599999999999,12.4459,119.127
6619,40.0357,540.318,58.1593,1628.9099999999999,13.4959,119.127
5658,40.3254,563.467,63.8288,1633.33,13.973,119.149
7676,40.6329,589.109,64.1054,1638.17,14.4983,119.149
8636,39.9979,537.346,50.9539,1628.3399999999997,13.4343,119.188
396,42.0616,779.986,76.7702,1672.5499999999997,18.5439,119.193
5086,40.2955,561.044,74.9169,1632.87,13.9232,119.197
6234,39.6803,504.662,63.5377,1622.02,12.7182,119.219
9879,41.5324,699.83,70.4767,1658.5299999999997,16.8502,119.222
106,39.3676,470.457,66.3277,1615.25,11.9503,119.242
8814,40.0458,541.11,62.8626,1629.06,13.5123,119.25
8793,39.9503,533.619,61.4236,1627.63,13.3571,119.269
4443,40.2623,558.364,64.7544,1632.3600000000001,13.8682,119.309
4219,43.8281,959.868,71.9676,1703.81,21.9008,119.317
4205,43.531,930.32,81.8815,1698.6,21.3714,119.341
9995,45.6436,1170.26,107.72,1744.92,25.6391,119.384
8036,40.8536,608.561,64.5808,1641.8199999999997,14.8961,119.427
2322,40.8188,605.467,72.6536,1641.25,14.833,119.432
1352,40.5005,577.777,56.5241,1636.04,14.2659,119.453
5827,43.2709,904.988,74.5052,1694.19,20.9145,119.487
7315,39.5178,484.599,65.0906,1618.0699999999997,12.2628,119.496
7290,44.2536,1001.88,103.686,1711.4,22.6396,119.527
9688,40.8966,612.402,54.7423,1642.54,14.9744,119.529
5164,40.5803,584.538,59.1403,1637.31,14.4045,119.535
798,40.9447,616.718,63.9731,1643.35,15.0622,119.54
6676,40.4234,571.444,55.6857,1634.8399999999997,14.1365,119.558
6065,40.3603,566.296,57.7794,1633.8600000000001,14.031,119.561
1217,41.8028,748.75,65.9969,1667.12,17.9115,119.57
1097,39.5702,491.196,61.158,1619.37,12.4133,119.59
7931,39.5587,489.759,64.8929,1619.0899999999997,12.3806,119.63
695,39.5691,491.059,59.2994,1619.35,12.4102,119.646
9974,41.373,672.806,74.3172,1653.67,16.2619,119.648
6396,41.8769,757.503,76.8425,1668.6399999999999,18.0888,119.689
9150,40.8062,604.348,64.7327,1641.04,14.8102,119.711
9385,40.7666,600.841,61.3949,1640.38,14.7386,119.717
3329,39.6941,506.323,57.1332,1622.3399999999997,12.7556,119.72
4570,39.4964,481.88,52.658,1617.5299999999997,12.2006,119.757
4753,41.3185,664.269,67.3967,1652.12,16.0768,119.779
1977,40.0359,540.328,58.0317,1628.9099999999999,13.4961,119.8
3299,40.7896,602.878,62.4172,1640.7599999999998,14.7802,119.843
1623,39.8079,519.758,62.9692,1624.96,13.0567,119.862
835,41.1796,641.485,80.8095,1647.9499999999998,15.5777,119.937
9647,40.9316,615.536,68.8841,1643.13,15.0382,119.938
3183,39.6689,503.291,59.7803,1621.75,12.6873,119.976
2078,39.6876,505.539,62.007,1622.19,12.738,119.981
8533,40.4555,574.079,66.0773,1635.3399999999997,14.1904,119.996
1392,40.0458,541.107,64.6073,1629.06,13.5122,120.003
804,39.7123,508.492,68.3829,1622.77,12.8044,120.015
6893,39.6001,494.902,66.999,1620.1,12.4975,120.047
9032,40.1934,552.832,58.997,1631.2999999999997,13.7543,120.076
361,42.2006,797.589,66.4281,1675.6,18.8999,120.077
2383,39.9835,536.215,62.5217,1628.12,13.4109,120.116
6439,40.1368,548.316,56.2651,1630.44,13.6612,120.119
7565,41.0367,625.024,59.9511,1644.9,15.2309,120.159
4613,40.4117,570.489,60.8078,1634.6599999999999,14.1169,120.162
7240,40.7003,595.004,58.0732,1639.2799999999997,14.6192,120.173
4331,40.1972,553.139,66.0877,1631.3600000000001,13.7606,120.175
5878,42.7831,857.992,77.1794,1686.0499999999997,20.0545,120.179
362,40.2736,559.275,64.7168,1632.5299999999997,13.8869,120.19
8767,40.1934,552.837,66.0427,1631.2999999999997,13.7544,120.2
1326,40.4137,570.654,73.0694,1634.69,14.1203,120.248
8066,40.7081,595.685,68.0395,1639.4099999999999,14.6331,120.311
5227,43.873,964.632,77.6417,1704.6599999999999,21.9869,120.386
9747,40.441,572.888,77.168,1635.1100000000001,14.166,120.393
6030,40.2823,559.981,59.8622,1632.6599999999999,13.9014,120.406
8104,40.6774,592.994,71.7754,1638.9099999999999,14.578,120.412
7727,42.0746,781.609,73.0448,1672.83,18.5768,120.444
1240,40.7034,595.279,64.3574,1639.33,14.6248,120.448
9053,41.9176,762.371,72.9449,1669.4899999999998,18.1874,120.453
3902,39.9945,537.079,60.2999,1628.29,13.4288,120.455
4050,40.4797,576.061,61.9039,1635.71,14.2309,120.458
7406,39.9442,533.141,62.2812,1627.5299999999997,13.3471,120.479
7689,39.2279,460.384,53.5472,1613.23,11.7361,120.537
3359,39.3781,471.217,55.9215,1615.4,11.9665,120.539
7530,41.0801,628.971,60.6657,1645.63,15.3108,120.558
4088,39.8766,527.692,56.5339,1626.4899999999998,13.2331,120.56
9094,39.3363,468.185,60.9842,1614.79,11.9021,120.562
6911,41.2326,650.371,81.7632,1649.58,15.7732,120.568
7489,40.0373,540.443,59.6611,1628.94,13.4985,120.57
2374,39.8483,524.443,69.2283,1625.8600000000001,13.161,120.604
3197,40.0543,541.784,63.71,1629.19,13.5262,120.641
7932,39.8339,522.77,56.0154,1625.54,13.1238,120.674
4530,37.8833,383.351,52.0686,1597.5299999999997,10.1193,120.674
5440,43.3208,910.029,72.4783,1695.0699999999997,21.0067,120.681
2184,40.3141,562.552,76.8092,1633.15,13.9542,120.711
9680,40.1217,547.115,72.6655,1630.21,13.6364,120.717
2955,40.4821,576.261,57.296,1635.75,14.235,120.735
104,39.5029,482.705,58.1493,1617.69,12.2195,120.742
6067,44.5452,1033.11,72.3362,1717.2399999999998,23.1925,120.768
8906,40.3234,563.3,69.3438,1633.2999999999997,13.9696,120.782
5920,42.944,873.295,77.3645,1688.6999999999998,20.3357,120.823
4942,39.7119,508.446,63.4144,1622.7599999999998,12.8034,120.836
7710,39.8274,522.027,65.5917,1625.3899999999999,13.1072,120.837
1864,39.7944,518.187,59.5908,1624.65,13.0216,120.842
938,40.1329,548.01,68.9183,1630.38,13.6549,120.861
721,40.5506,581.968,67.1434,1636.83,14.3516,120.87
6381,42.43,821.556,71.2302,1679.75,19.3626,120.898
1176,39.7168,509.039,54.5023,1622.87,12.8167,120.91
1137,39.5213,485.042,52.3321,1618.1599999999999,12.2729,120.928
2008,42.8326,862.976,65.9622,1686.9099999999999,20.1476,120.929
8721,39.7738,515.771,57.912,1624.1799999999998,12.9676,120.945
5037,41.298,660.996,63.4575,1651.5299999999997,16.0055,120.962
5844,39.7386,511.621,54.119,1623.38,12.8747,120.986
2489,39.7926,517.977,68.9048,1624.6100000000001,13.0169,120.987
8595,41.4927,691.687,91.6165,1657.0699999999997,16.6701,120.987
116,40.0764,543.529,66.2791,1629.5299999999997,13.5623,121.032
5363,40.6677,592.149,70.5557,1638.75,14.5607,121.064
6202,39.5852,493.057,58.7941,1619.7399999999998,12.4556,121.124
8615,43.1846,896.404,95.0575,1692.6999999999998,20.7575,121.132
9392,39.9576,534.184,57.0362,1627.7399999999998,13.3688,121.149
9787,40.921,614.591,61.6899,1642.9499999999998,15.0189,121.155
9202,41.3537,669.797,69.4417,1653.13,16.1968,121.177
5449,43.4439,922.216,83.1652,1697.1799999999998,21.2278,121.198
5082,40.159,550.084,62.509,1630.7799999999997,13.6977,121.224
7338,40.7419,598.664,60.4012,1639.9699999999998,14.6941,121.227
1183,39.9036,529.981,68.6724,1626.9299999999998,13.2815,121.24
5497,39.8432,523.847,55.7645,1625.75,13.1477,121.337
8649,42.3454,813.157,97.8073,1678.2999999999997,19.203,121.394
1318,39.7054,507.669,49.6682,1622.6100000000001,12.7859,121.402
8182,39.5747,491.757,65.1006,1619.48,12.426,121.412
3683,39.8382,523.273,50.9815,1625.6399999999999,13.135,121.418
9550,41.2786,657.882,77.3766,1650.96,15.9376,121.421
5858,40.1782,551.622,83.6325,1631.0699999999997,13.7294,121.447
6510,40.492,577.078,70.6653,1635.9099999999999,14.2517,121.456
2066,43.3497,912.966,93.7398,1695.58,21.0605,121.483
3316,40.9628,618.348,70.7494,1643.65,15.0953,121.515
3881,43.3953,917.646,82.7333,1696.3899999999999,21.1462,121.55
4275,39.8109,520.113,54.7462,1625.02,13.0646,121.564
226,39.8599,525.773,59.2443,1626.12,13.1905,121.569
9548,39.6632,502.597,60.7107,1621.6100000000001,12.6716,121.57
1167,43.2742,905.323,66.2956,1694.25,20.9206,121.591
679,39.6721,503.676,56.4324,1621.83,12.696,121.6
3999,40.6663,592.031,72.2616,1638.7199999999998,14.5583,121.69
2437,40.2795,559.755,76.4495,1632.62,13.8968,121.694
8200,39.853,524.985,58.0787,1625.9699999999998,13.173,121.7
8255,40.3953,569.147,69.3959,1634.4,14.0894,121.704
293,39.7369,511.418,62.4065,1623.3399999999997,12.8701,121.738
8618,41.62,716.982,79.4944,1661.5699999999997,17.2269,121.745
819,43.4477,922.57,89.7476,1697.25,21.234,121.757
9940,39.7886,517.511,61.2876,1624.52,13.0065,121.795
8229,42.8031,860.126,72.7845,1686.42,20.095,121.798
6841,39.3472,468.972,60.9328,1614.9499999999998,11.9188,121.855
1166,40.127,547.536,60.5384,1630.29,13.6451,121.862
4829,40.3839,568.217,73.6377,1634.23,14.0704,121.863
3518,40.4633,574.717,70.8548,1635.46,14.2034,121.888
6097,44.989,1086.69,114.671,1727.65,24.1545,121.901
4804,43.2033,898.257,71.5952,1693.02,20.7914,121.993
5335,40.6549,591.034,57.4797,1638.54,14.5378,121.996
9772,45.8342,1193.65,94.354,1750.02,26.0428,121.997
6997,40.2927,560.823,58.6179,1632.8199999999997,13.9187,122.005
545,39.8084,519.821,62.3123,1624.9699999999998,13.0581,122.023
2234,40.0125,538.486,59.1433,1628.56,13.458,122.043
6100,39.8252,521.768,65.014,1625.3399999999997,13.1015,122.046
6455,40.0848,544.19,61.293,1629.65,13.576,122.055
5865,39.3215,467.112,65.4384,1614.58,11.8793,122.055
411,40.176,551.441,59.7341,1631.04,13.7256,122.106
6827,40.3065,561.938,58.4408,1633.04,13.9416,122.108
4702,40.3135,562.502,63.5064,1633.1399999999999,13.9532,122.127
9903,40.3442,564.995,58.138,1633.62,14.0043,122.145
4198,39.511,483.733,62.3558,1617.9,12.243,122.156
2990,40.4952,577.34,63.7766,1635.96,14.257,122.212
3360,42.4377,822.331,93.0896,1679.88,19.3774,122.242
1660,42.7451,853.966,83.9378,1685.3600000000001,19.9781,122.26
5841,40.6295,588.818,62.8241,1638.12,14.4924,122.268
751,39.709,508.1,64.3622,1622.69,12.7956,122.276
9486,40.3788,567.806,62.9152,1634.15,14.062,122.282
369,42.9569,874.503,69.4058,1688.9099999999999,20.3577,122.297
5599,39.8309,522.425,70.5621,1625.4699999999998,13.1161,122.319
233,40.0933,544.868,61.7658,1629.7799999999997,13.59,122.344
307,41.703,732.465,74.5038,1664.29,17.5638,122.359
4424,40.4734,575.544,65.6557,1635.62,14.2203,122.368
5342,40.1291,547.708,65.3658,1630.3199999999997,13.6486,122.397
9784,39.6896,505.788,62.1049,1622.2399999999998,12.7436,122.434
3733,40.2472,557.152,58.2723,1632.13,13.8432,122.454
836,39.8273,522.016,56.5084,1625.3899999999999,13.107,122.459
4931,40.697,594.715,59.5603,1639.23,14.6132,122.468
6567,40.4922,577.091,62.3395,1635.9099999999999,14.2519,122.482
2697,41.9208,762.757,72.2893,1669.56,18.1952,122.494
5489,41.2269,649.435,65.8677,1649.4099999999999,15.7527,122.505
3188,39.8295,522.27,62.6287,1625.44,13.1126,122.521
4730,39.7598,514.127,70.2983,1623.8600000000001,12.9308,122.529
8133,40.9001,612.715,72.3529,1642.6,14.9808,122.559
6733,41.9038,760.709,59.053,1669.1999999999998,18.1537,122.568
6654,40.0443,540.992,68.3461,1629.04,13.5098,122.573
3345,39.6075,495.815,70.5091,1620.2799999999997,12.5182,122.584
7838,40.0117,538.43,67.1345,1628.5499999999997,13.4568,122.586
7939,41.0628,627.399,73.5427,1645.3399999999997,15.279,122.588
7125,39.9329,532.261,65.2014,1627.37,13.3289,122.605
7974,39.8347,522.87,62.0162,1625.56,13.126,122.61
9394,39.8079,519.753,63.0309,1624.9499999999998,13.0566,122.618
5988,40.5006,577.786,64.221,1636.04,14.2661,122.625
849,39.8889,528.834,65.6041,1626.71,13.2577,122.638
2959,44.0236,980.072,89.7908,1707.4299999999998,22.2624,122.642
4672,39.9894,536.678,59.859,1628.21,13.4205,122.661
4734,39.9805,535.981,67.0432,1628.08,13.406,122.692
3458,40.5114,578.675,59.8112,1636.21,14.2843,122.723
8605,43.3042,908.348,93.9574,1694.77,20.9759,122.734
3105,42.1411,789.984,87.3208,1674.2799999999997,18.7462,122.739
8450,44.8349,1066.89,89.665,1723.7399999999998,23.7959,122.741
43,40.2689,558.898,64.6696,1632.46,13.8791,122.749
5913,39.593,494.022,60.2384,1619.9299999999998,12.4775,122.758
895,41.9734,769.122,71.517,1670.6599999999999,18.324,122.768
534,39.3656,470.308,60.6735,1615.2199999999998,11.9472,122.777
2586,40.0164,538.793,77.7649,1628.62,13.4643,122.78
6055,40.9593,618.031,65.1199,1643.5899999999997,15.0889,122.792
622,46.7369,1377.6,86.2228,1794.9,29.4756,122.8
243,39.8272,521.998,71.5404,1625.3899999999999,13.1066,122.829
5538,41.9151,762.066,74.162,1669.44,18.1812,122.831
4812,40.8432,607.634,65.9918,1641.65,14.8772,122.856
4396,40.3299,563.832,60.7018,1633.4,13.9805,122.858
1393,41.8507,754.387,83.6382,1668.1,18.0257,122.922
9536,39.8413,523.627,54.2063,1625.6999999999998,13.1428,122.942
4710,40.6373,589.496,66.9865,1638.25,14.5063,122.967
5997,41.5257,698.468,69.3637,1658.2799999999997,16.8201,122.991
7044,42.1629,792.755,77.1098,1674.7599999999998,18.8022,122.998
3016,40.1171,546.754,59.4156,1630.1399999999999,13.629,123.002
709,41.2394,651.5,65.7063,1649.79,15.798,123.029
1248,39.6882,505.613,53.302,1622.1999999999998,12.7396,123.031
4969,39.9382,532.674,69.221,1627.4499999999998,13.3375,123.034
5751,41.8206,750.837,70.5616,1667.4899999999998,17.9538,123.051
8214,40.3964,569.241,69.6418,1634.42,14.0914,123.053
729,39.7806,516.567,59.1976,1624.3399999999997,12.9854,123.068
8075,40.7386,598.371,69.169,1639.92,14.6881,123.074
7194,39.6811,504.759,51.1429,1622.04,12.7204,123.128
4567,43.0888,887.064,79.0954,1691.08,20.5869,123.149
6524,40.1103,546.214,75.2864,1630.04,13.6178,123.159
6707,39.6092,496.014,55.9983,1620.3199999999997,12.5227,123.172
6941,42.0762,781.806,74.1524,1672.8600000000001,18.5807,123.175
2461,41.9904,771.206,77.5341,1671.02,18.3662,123.19
5201,41.0033,621.999,64.8284,1644.33,15.1695,123.211
8986,40.2304,555.802,65.7127,1631.87,13.8155,123.215
2796,42.1341,789.099,71.1264,1674.13,18.7283,123.277
8042,43.9202,969.741,81.9067,1705.5699999999997,22.0796,123.28
4212,39.9528,533.814,57.534,1627.6599999999999,13.3611,123.31
4579,41.6863,729.405,77.1302,1663.75,17.4975,123.32
318,44.8786,1072.54,100.27,1724.85,23.8987,123.324
4161,46.4473,1281.43,82.5757,1770.42,27.5889,123.385
5318,41.1253,633.095,61.475,1646.3899999999999,15.3943,123.407
5791,41.0372,625.071,82.8558,1644.9,15.2318,123.441
4769,39.8165,520.76,59.7572,1625.15,13.079,123.451
4130,41.7762,745.603,76.5377,1666.58,17.8476,123.46
6579,40.2242,555.306,67.0481,1631.77,13.8053,123.542
6958,40.3169,562.781,59.5012,1633.1999999999998,13.9589,123.553
3608,40.2378,556.396,54.519,1631.98,13.8277,123.576
2228,39.4042,473.118,53.0694,1615.7799999999997,12.0068,123.584
1586,40.7183,596.582,69.0501,1639.58,14.6515,123.624
6877,40.38,567.902,58.6692,1634.17,14.0639,123.67
5353,40.8259,606.1,71.386,1641.3600000000001,14.8459,123.678
865,40.6702,592.37,65.6667,1638.79,14.5652,123.712
2035,40.6579,591.292,68.4749,1638.5899999999997,14.5431,123.737
1867,40.0511,541.532,50.8269,1629.1399999999999,13.521,123.743
9455,39.2861,464.557,58.4746,1614.0699999999997,11.825,123.745
4269,39.7834,516.894,56.4187,1624.4,12.9927,123.757
3154,39.833,522.674,61.4666,1625.52,13.1216,123.759
6633,43.4087,919.012,92.8057,1696.63,21.1711,123.78
5367,40.0334,540.134,67.1628,1628.88,13.4921,123.8
4984,40.6725,592.566,54.2572,1638.83,14.5692,123.849
6588,40.9801,619.9,70.8159,1643.94,15.1269,123.854
7446,42.1194,787.242,79.8714,1673.7999999999997,18.6907,123.914
2603,40.2437,556.869,60.6853,1632.0699999999997,13.8374,123.915
2505,39.6813,504.79,55.6221,1622.04,12.7211,123.936
4986,40.1832,552.018,60.7421,1631.15,13.7375,123.94
7620,40.3273,563.618,56.9113,1633.3600000000001,13.9761,123.978
9462,40.6856,593.713,74.1442,1639.04,14.5927,123.981
5209,39.6041,495.39,51.0941,1620.1999999999998,12.5085,124.043
4641,40.5928,585.62,69.9256,1637.52,14.4267,124.05
9683,40.7781,601.856,67.1765,1640.5699999999997,14.7593,124.056
6570,41.4381,682.755,87.5645,1655.4699999999998,16.4765,124.057
5909,40.2783,559.657,68.3777,1632.6,13.8948,124.061
3503,46.4218,1276.96,92.97,1769.33,27.5077,124.065
2342,39.8262,521.879,49.1422,1625.37,13.1039,124.087
9447,43.3331,911.277,94.3179,1695.2799999999997,21.0296,124.096
294,40.2749,559.381,70.4516,1632.5499999999997,13.8891,124.107
4423,39.8848,528.52,59.9262,1626.65,13.2512,124.109
6290,40.4892,576.843,53.5447,1635.8600000000001,14.2469,124.122
3420,40.0282,539.724,62.3261,1628.7999999999997,13.4836,124.134
9797,39.7222,509.675,68.1054,1623.0,12.831,124.176
5628,39.8484,524.452,59.8706,1625.8600000000001,13.1612,124.181
1308,40.0735,543.298,55.4836,1629.48,13.5575,124.204
4214,41.3366,667.121,65.4833,1652.6399999999999,16.1387,124.205
5219,40.4704,575.298,55.8331,1635.5699999999997,14.2153,124.206
4520,40.2706,559.035,62.6501,1632.48,13.882,124.257
2811,39.8252,521.772,66.3905,1625.35,13.1015,124.265
5782,43.9032,967.884,84.6746,1705.2399999999998,22.0459,124.281
5355,40.2241,555.291,62.0839,1631.77,13.805,124.295
5057,39.6155,496.787,53.7618,1620.4699999999998,12.5402,124.298
2609,42.0697,781.005,78.2408,1672.7199999999998,18.5645,124.299
9405,41.4026,677.353,64.4884,1654.5,16.3602,124.307
4807,40.2945,560.964,60.1211,1632.85,13.9216,124.317
9791,39.5109,483.727,59.018,1617.8899999999999,12.2429,124.323
3282,43.8263,959.681,92.9506,1703.7799999999997,21.8974,124.33
1908,41.5598,705.306,73.3796,1659.5,16.9709,124.353
3375,40.2314,555.879,69.6332,1631.88,13.817,124.381
6140,40.1746,551.333,74.0747,1631.02,13.7234,124.388
845,39.7792,516.408,62.7773,1624.31,12.9819,124.389
879,42.0644,780.337,71.5441,1672.6100000000001,18.551,124.431
1402,40.5433,581.336,64.751,1636.71,14.3387,124.466
4119,41.6917,730.387,79.7221,1663.92,17.5188,124.471
9800,39.9619,534.521,60.8015,1627.7999999999997,13.3758,124.492
3144,39.8813,528.232,58.3889,1626.5899999999997,13.2451,124.506
7065,40.2824,559.987,65.4372,1632.67,13.9015,124.539
843,43.4846,925.976,84.8005,1697.8399999999997,21.2943,124.542
953,41.2927,660.143,73.5634,1651.37,15.9869,124.556
4976,40.2824,559.989,61.9604,1632.67,13.9016,124.558
6874,39.7786,516.34,73.2919,1624.29,12.9803,124.588
4576,40.5014,577.852,50.4699,1636.0499999999997,14.2675,124.595
4951,40.6798,593.209,79.3273,1638.9499999999998,14.5824,124.596
6016,40.058,542.074,73.5937,1629.25,13.5322,124.616
4848,41.2549,654.033,70.5922,1650.2599999999998,15.8535,124.652
526,43.2694,904.838,86.7751,1694.1599999999999,20.9117,124.67
456,43.0234,880.797,71.784,1690.0,20.4725,124.676
3931,40.5529,582.167,63.3256,1636.87,14.3557,124.688
7690,42.3995,818.514,90.6671,1679.2199999999998,19.3048,124.692
6717,41.6029,713.702,66.1187,1660.9899999999998,17.1551,124.711
1405,42.7983,859.619,86.3934,1686.33,20.0853,124.755
2193,41.2855,658.989,80.7978,1651.1599999999999,15.9618,124.79
8251,39.8812,528.217,65.0994,1626.5899999999997,13.2448,124.814
5211,43.8754,964.889,89.3158,1704.71,21.9916,124.831
5378,39.7898,517.651,61.0534,1624.5499999999997,13.0096,124.858
3689,42.1749,794.292,76.5075,1675.0299999999997,18.8333,124.897
2765,40.6069,586.851,56.7537,1637.75,14.452,124.907
3907,40.0548,541.824,58.9842,1629.1999999999998,13.527,124.918
1683,39.879,527.972,58.2276,1626.54,13.2393,124.937
3960,40.9676,618.782,61.5464,1643.73,15.1042,124.949
6174,42.3529,813.892,88.264,1678.42,19.2169,124.973
331,44.3209,1008.71,90.7366,1712.6599999999999,22.7594,124.973
7901,40.0417,540.785,71.6103,1629.0,13.5055,124.975
9857,44.1181,988.771,95.7402,1709.0,22.4119,124.987
9864,44.3239,1009.03,100.238,1712.7199999999998,22.7648,124.988
3860,40.0054,537.933,51.0571,1628.4499999999998,13.4465,124.991
6938,39.8583,525.589,65.0611,1626.08,13.1864,124.999
6788,41.0143,623.001,64.3793,1644.52,15.1898,125.013
5557,40.9913,620.919,65.8932,1644.13,15.1476,125.025
6160,39.4461,476.181,54.3089,1616.3899999999999,12.0717,125.03
2082,40.0244,539.421,68.4704,1628.7399999999998,13.4773,125.061
7987,40.5181,579.232,64.2922,1636.31,14.2956,125.063
6043,39.5551,489.307,54.4422,1619.0,12.3703,125.091
7562,41.996,771.884,62.0483,1671.1399999999999,18.3799,125.092
6060,39.5156,484.325,59.6165,1618.0099999999998,12.2565,125.093
1991,39.6637,502.667,59.0035,1621.63,12.6732,125.108
4937,41.2898,659.69,69.2063,1651.29,15.9771,125.111
3173,39.3554,469.566,55.179,1615.0699999999997,11.9314,125.139
5816,40.0611,542.321,61.808,1629.29,13.5373,125.145
277,39.9922,536.893,52.5626,1628.25,13.425,125.204
7163,40.0528,541.664,54.7853,1629.17,13.5237,125.208
7528,39.7175,509.114,50.7273,1622.8899999999999,12.8184,125.211
6320,40.5281,580.055,78.175,1636.4699999999998,14.3124,125.24
7242,41.3936,675.979,64.0778,1654.25,16.3305,125.263
1993,40.4687,575.165,80.1543,1635.54,14.2126,125.288
4112,39.3599,469.897,51.6546,1615.1399999999999,11.9385,125.302
9361,41.3231,664.989,64.7294,1652.25,16.0924,125.311
4545,42.8426,863.893,95.0384,1687.0699999999997,20.1643,125.316
6999,41.5853,710.309,83.324,1660.3899999999999,17.0808,125.399
3867,43.6671,943.457,74.1872,1700.9099999999999,21.6057,125.406
4083,41.0081,622.437,66.6331,1644.4099999999999,15.1784,125.445
6840,41.7439,739.862,62.623,1665.58,17.7238,125.456
8433,40.3933,568.983,55.835,1634.37,14.0861,125.465
5729,41.6077,714.63,74.1601,1661.15,17.1754,125.466
6611,39.6164,496.899,76.2104,1620.5,12.5428,125.472
4116,41.9229,763.002,70.6152,1669.6,18.2001,125.534
5632,40.109,546.107,65.8404,1630.02,13.6156,125.641
9737,39.5505,488.732,63.0775,1618.8899999999999,12.3572,125.652
1158,39.5935,494.084,57.7288,1619.94,12.4789,125.709
657,42.0321,776.336,83.9605,1671.9099999999999,18.47,125.725
6008,41.6853,729.217,80.7867,1663.7199999999998,17.4934,125.746
4093,39.7849,517.078,65.0443,1624.44,12.9968,125.797
2522,40.4628,574.673,61.1209,1635.4499999999998,14.2025,125.804
8414,41.2929,660.181,74.481,1651.38,15.9878,125.805
3785,39.6039,495.367,58.2454,1620.1999999999998,12.508,125.81
2978,40.7195,596.692,84.376,1639.6,14.6537,125.894
9304,43.533,930.507,68.4064,1698.63,21.3747,125.92
3152,40.8293,606.402,74.5238,1641.42,14.8521,125.927
2129,40.4327,572.209,54.8947,1634.98,14.1521,125.95
5030,39.404,473.105,57.329,1615.7799999999997,12.0065,125.962
2680,40.2489,557.291,68.4917,1632.15,13.8461,125.964
199,39.8729,527.267,56.3313,1626.4099999999999,13.2237,126.05
9958,40.4766,575.81,60.9203,1635.67,14.2258,126.052
8205,39.5021,482.608,59.4988,1617.67,12.2173,126.053
628,39.5997,494.853,64.4143,1620.0899999999997,12.4964,126.077
3835,39.6937,506.279,56.2317,1622.33,12.7546,126.082
4808,42.9246,871.477,82.3734,1688.38,20.3025,126.11
8506,40.8597,609.11,65.5598,1641.9299999999998,14.9073,126.121
6444,39.5022,482.617,58.3309,1617.67,12.2175,126.147
8127,40.429,571.905,62.0627,1634.9299999999998,14.1459,126.153
691,43.3612,914.138,84.3713,1695.7799999999997,21.082,126.154
9116,42.1178,787.04,64.7799,1673.77,18.6866,126.159
1187,41.2698,656.454,76.6987,1650.6999999999998,15.9064,126.172
7731,40.3821,568.074,64.5048,1634.1999999999998,14.0675,126.173
460,39.6379,499.527,79.6036,1621.0099999999998,12.6023,126.19
1488,43.9475,972.739,118.753,1706.1100000000001,22.1341,126.193
4780,40.6745,592.744,64.7919,1638.8600000000001,14.5729,126.197
1847,41.9208,762.757,75.5411,1669.56,18.1952,126.197
6768,40.3702,567.103,60.49,1634.02,14.0476,126.2
1029,40.3509,565.531,78.0147,1633.7199999999998,14.0153,126.234
9829,39.8832,528.398,51.4059,1626.62,13.2486,126.263
8424,44.6887,1049.13,95.5443,1720.2999999999997,23.4764,126.286
8442,41.1986,644.697,70.9351,1648.54,15.6485,126.291
9208,40.511,578.64,57.0196,1636.1999999999998,14.2835,126.296
1576,40.0104,538.325,59.0638,1628.5299999999997,13.4546,126.342
491,41.1039,631.137,59.2917,1646.0299999999997,15.3547,126.393
4779,39.8426,523.787,60.0109,1625.73,13.1464,126.426
1154,39.5723,491.449,58.3509,1619.42,12.419,126.427
4591,41.2258,649.239,69.2844,1649.38,15.7484,126.435
9804,40.2769,559.542,58.285,1632.58,13.8924,126.452
1761,42.8107,860.943,82.8488,1686.56,20.1105,126.453
9376,41.8808,757.959,75.7666,1668.7199999999998,18.098,126.495
8184,40.5137,578.868,82.836,1636.2399999999998,14.2882,126.533
4317,40.0912,544.698,64.3399,1629.75,13.5865,126.534
5261,41.2603,654.92,61.9463,1650.42,15.8729,126.544
1069,40.4453,573.243,77.4975,1635.1799999999998,14.1733,126.548
6050,40.2014,553.477,61.8264,1631.4299999999998,13.7676,126.557
7119,39.6024,495.176,59.3454,1620.1599999999999,12.5037,126.56
4097,40.221,555.043,62.8684,1631.7199999999998,13.7998,126.578
5760,42.7963,859.405,80.4452,1686.2999999999997,20.0813,126.583
1366,40.7235,597.047,69.4951,1639.67,14.661,126.594
7380,39.5179,484.618,58.8862,1618.0699999999997,12.2632,126.611
2119,40.1007,545.454,60.3201,1629.8899999999999,13.6021,126.625
4338,45.6464,1170.64,101.464,1745.0,25.6458,126.63
2957,40.0453,541.07,68.1788,1629.06,13.5115,126.677
4534,41.318,664.18,71.5218,1652.1100000000001,16.0748,126.729
2607,40.369,567.008,66.9098,1634.0,14.0456,126.778
7051,40.745,598.939,63.8014,1640.02,14.6997,126.786
915,40.4006,569.581,67.7953,1634.4899999999998,14.0983,126.788
7958,40.4515,573.75,58.0945,1635.2799999999997,14.1836,126.797
3581,42.2817,806.911,69.5353,1677.21,19.0842,126.835
9899,40.1812,551.855,57.3382,1631.12,13.7342,126.85
7238,40.1835,552.04,60.3815,1631.15,13.738,126.882
4978,39.5655,490.611,57.6096,1619.2599999999998,12.3999,126.892
1089,42.1261,788.085,81.9151,1673.9499999999998,18.7077,126.93
2220,40.1805,551.805,70.3236,1631.1100000000001,13.7332,126.95
9460,39.5277,485.851,54.0739,1618.3199999999997,12.2914,126.961
8143,40.7092,595.789,60.4235,1639.4299999999998,14.6352,126.962
4989,42.858,865.308,79.8361,1687.3199999999997,20.1901,126.965
8670,40.1272,547.554,63.35,1630.2999999999997,13.6455,126.97
3153,41.6925,730.542,64.715,1663.9499999999998,17.5221,126.971
7671,42.9619,874.974,69.9409,1688.9899999999998,20.3663,127.019
8888,40.8054,604.278,64.2471,1641.02,14.8088,127.029
2768,39.5345,486.712,67.0051,1618.4899999999998,12.3111,127.039
450,43.3953,917.643,76.4238,1696.3899999999999,21.1461,127.069
3453,39.9462,533.296,62.4986,1627.56,13.3504,127.115
6565,40.4842,576.434,72.0468,1635.7799999999997,14.2385,127.133
3688,40.6941,594.464,68.8387,1639.1799999999998,14.6081,127.151
8272,39.8834,528.41,59.2733,1626.63,13.2489,127.209
2020,41.9184,762.461,71.5199,1669.5099999999998,18.1892,127.299
2284,40.3288,563.738,53.6484,1633.38,13.9786,127.321
3953,41.3133,663.43,56.7251,1651.9699999999998,16.0585,127.349
25,41.7536,741.598,77.2977,1665.88,17.7613,127.378
5612,42.8119,861.075,71.5507,1686.5899999999997,20.113,127.388
9431,40.1407,548.628,79.2002,1630.5,13.6676,127.409
7296,39.6565,501.791,69.7134,1621.46,12.6534,127.415
1495,39.5918,493.877,66.2965,1619.9,12.4742,127.42
2254,39.7941,518.151,67.2741,1624.6399999999999,13.0208,127.428
7972,39.7394,511.714,56.0697,1623.3899999999999,12.8767,127.447
5589,43.3455,912.539,81.1403,1695.5,21.0527,127.453
5636,39.8212,521.305,61.4676,1625.25,13.0911,127.506
7604,41.1086,631.571,66.6021,1646.1100000000001,15.3635,127.534
8287,40.7507,599.442,61.2288,1640.12,14.71,127.535
6746,41.4624,686.409,59.0159,1656.13,16.555,127.539
9490,40.4358,572.462,58.4194,1635.0299999999997,14.1573,127.655
8077,40.6228,588.232,61.2459,1638.0099999999998,14.4803,127.668
3457,40.8379,607.168,74.572,1641.56,14.8677,127.704
624,42.9094,870.065,92.8206,1688.1399999999999,20.2768,127.742
151,39.7907,517.746,58.2384,1624.5699999999997,13.0118,127.754
1504,43.0059,879.134,82.274,1689.71,20.4422,127.817
3831,40.3649,566.676,70.8116,1633.94,14.0388,127.85
872,41.2316,650.202,69.4714,1649.5499999999997,15.7695,127.859
2004,38.9697,442.159,58.1355,1609.56,11.3462,127.859
6296,41.0643,627.531,56.4456,1645.3600000000001,15.2817,127.872
6910,39.5663,490.711,58.7273,1619.2799999999997,12.4022,127.886
1230,40.1038,545.695,72.6179,1629.94,13.6071,127.919
8545,41.2922,660.063,63.3218,1651.3600000000001,15.9852,127.961
4402,41.3575,670.389,66.628,1653.2399999999998,16.2096,127.965
8206,43.1829,896.238,93.3735,1692.67,20.7545,128.007
5046,39.495,481.694,65.3698,1617.4899999999998,12.1963,128.069
9294,40.9927,621.046,68.0811,1644.15,15.1501,128.075
1232,39.6996,506.977,68.6263,1622.4699999999998,12.7703,128.095
3177,42.8162,861.475,87.5676,1686.65,20.1203,128.096
1894,40.5466,581.619,64.1337,1636.7599999999998,14.3445,128.117
4896,40.3761,567.584,68.3357,1634.1100000000001,14.0574,128.13
395,43.3695,914.994,80.5552,1695.9299999999998,21.0976,128.131
8644,40.2204,555.002,62.2,1631.7199999999998,13.799,128.134
9284,39.9263,531.741,62.6375,1627.27,13.3181,128.23
8031,41.0872,629.615,73.1147,1645.75,15.3239,128.244
7845,41.8216,750.959,70.6135,1667.5099999999998,17.9562,128.245
6780,41.4069,678.02,83.9604,1654.62,16.3746,128.263
6226,40.132,547.935,68.24,1630.37,13.6533,128.269
3664,41.4025,677.349,83.7509,1654.4899999999998,16.3601,128.288
2573,40.1516,549.501,51.9926,1630.67,13.6856,128.292
5328,41.6243,717.801,95.2987,1661.71,17.2448,128.295
4075,40.3866,568.442,61.4095,1634.27,14.075,128.319
9178,43.2478,902.675,86.909,1693.79,20.8722,128.322
9916,40.1811,551.848,57.2326,1631.12,13.734,128.328
229,41.7532,741.522,62.1481,1665.87,17.7597,128.336
4133,41.174,640.534,63.786,1647.77,15.5568,128.37
7412,39.5124,483.912,54.3502,1617.9299999999998,12.2471,128.393
6287,40.047,541.208,67.3865,1629.08,13.5143,128.414
5163,40.3208,563.092,61.0671,1633.2599999999998,13.9653,128.416
2062,39.7079,507.978,54.553,1622.67,12.7928,128.424
686,40.6759,592.865,63.6529,1638.88,14.5753,128.437
6736,40.0546,541.803,71.5058,1629.1999999999998,13.5266,128.484
2895,44.7597,1057.54,100.767,1721.92,23.6271,128.485
9770,39.831,522.441,66.3205,1625.4699999999998,13.1165,128.537
2500,40.0488,541.347,66.0175,1629.1100000000001,13.5172,128.54
3159,40.4426,573.017,72.6055,1635.1399999999999,14.1687,128.541
1615,42.7558,855.095,74.6444,1685.5499999999997,19.9995,128.555
3014,40.0608,542.294,67.6404,1629.29,13.5368,128.556
1340,45.399,1139.78,97.9621,1738.46,25.1058,128.568
6250,40.5112,578.662,71.4281,1636.21,14.284,128.571
2545,41.4826,689.593,66.7521,1656.6999999999998,16.6236,128.609
8902,43.3314,911.101,101.579,1695.25,21.0264,128.653
401,40.8538,608.579,76.0763,1641.83,14.8965,128.653
9258,41.6354,719.915,73.0667,1662.08,17.2909,128.672
194,41.685,729.165,81.7122,1663.71,17.4923,128.695
6216,39.9422,532.986,66.6533,1627.5,13.3439,128.701
1954,40.3117,562.357,65.8978,1633.12,13.9502,128.755
1553,40.9747,619.421,61.696,1643.85,15.1171,128.767
2289,42.2475,803.586,102.126,1676.6399999999999,19.0209,128.796
4384,40.8662,609.682,61.69,1642.0299999999997,14.919,128.8
3580,40.0438,540.95,57.4637,1629.0299999999997,13.509,128.863
7083,40.4983,577.592,76.6199,1636.0,14.2622,128.864
7705,40.8836,611.235,67.7356,1642.3199999999997,14.9506,128.881
7554,42.7901,858.744,78.6466,1686.1799999999998,20.0688,128.884
6341,43.2213,900.034,92.7718,1693.33,20.8239,128.926
9351,40.0319,540.019,65.4104,1628.85,13.4897,128.938
2402,43.4303,920.974,78.722,1696.9699999999998,21.2058,128.941
1832,39.9662,534.857,68.2093,1627.8600000000001,13.3827,128.947
5899,40.6132,587.397,68.5966,1637.85,14.4632,128.949
4990,42.0001,772.389,80.2519,1671.23,18.3902,128.984
3936,40.7076,595.642,74.4145,1639.4,14.6322,128.984
1011,41.0808,629.034,86.6789,1645.6399999999999,15.3121,129.001
3122,40.1535,549.646,64.7328,1630.6999999999998,13.6886,129.001
7852,40.6917,594.253,56.3601,1639.1399999999999,14.6038,129.024
5056,40.4086,570.235,67.8262,1634.6100000000001,14.1117,129.025
9230,40.7905,602.955,62.9683,1640.7799999999997,14.7818,129.045
5796,40.2777,559.612,79.883,1632.5899999999997,13.8938,129.053
782,41.6825,728.699,74.3761,1663.63,17.4821,129.055
5098,39.5987,494.727,61.4133,1620.0699999999997,12.4935,129.058
5666,38.6271,420.613,57.0897,1605.17,10.8891,129.089
9279,40.9343,615.786,75.1025,1643.17,15.0433,129.113
5310,41.6668,725.802,84.4778,1663.12,17.4192,129.119
7072,40.2783,559.654,74.1319,1632.6,13.8947,129.136
2777,43.2172,899.633,74.2146,1693.2599999999998,20.8165,129.177
4092,41.4463,683.995,71.3709,1655.69,16.5032,129.182
3616,41.2628,655.32,72.2477,1650.4899999999998,15.8816,129.195
6465,40.9709,619.078,62.3418,1643.79,15.1102,129.214
4908,40.0419,540.804,61.2107,1629.0,13.5059,129.22
9324,40.1861,552.249,74.1756,1631.19,13.7423,129.268
1153,42.1964,797.049,82.7394,1675.5,18.889,129.272
9831,40.2826,560.007,70.2717,1632.67,13.9019,129.282
5908,39.8742,527.418,57.3519,1626.4299999999998,13.227,129.293
3079,40.7296,597.579,66.995,1639.77,14.6719,129.306
6282,40.2752,559.407,59.1756,1632.56,13.8896,129.346
7288,44.4338,1020.75,83.2833,1714.9,22.9724,129.366
8941,40.4453,573.242,82.4147,1635.1799999999998,14.1733,129.374
5207,42.2069,798.399,77.1413,1675.7399999999998,18.9163,129.376
3427,40.7333,597.905,70.846,1639.83,14.6785,129.38
8409,39.9685,535.039,57.3065,1627.9,13.3865,129.416
2996,39.7808,516.596,61.8065,1624.3399999999997,12.986,129.422
9900,40.6041,586.606,75.5167,1637.6999999999998,14.447,129.433
9393,39.5148,484.224,70.8472,1617.9899999999998,12.2542,129.45
2824,40.1717,551.098,62.0725,1630.9699999999998,13.7186,129.457
6898,42.8367,863.35,76.1965,1686.98,20.1545,129.498
3372,40.1608,550.231,76.5804,1630.81,13.7007,129.506
9586,40.648,590.432,62.6491,1638.42,14.5255,129.529
5002,40.3479,565.29,65.5518,1633.67,14.0104,129.552
9650,39.8493,524.559,74.1908,1625.88,13.1635,129.579
8038,46.4347,1279.21,104.681,1769.88,27.5485,129.604
1640,41.7415,739.426,71.1807,1665.5,17.7144,129.62
9463,39.5714,491.341,60.1412,1619.4,12.4166,129.632
3648,43.2286,900.763,90.134,1693.46,20.8372,129.646
6973,40.6095,587.074,61.5797,1637.79,14.4566,129.647
7940,39.0417,447.185,63.5422,1610.5699999999997,11.454,129.648
4350,40.4998,577.716,66.9075,1636.0299999999997,14.2647,129.671
6421,40.3339,564.152,67.2158,1633.46,13.9871,129.743
6741,42.205,798.162,93.2795,1675.6999999999998,18.9115,129.775
8701,40.6075,586.899,56.5675,1637.7599999999998,14.453,129.782
9635,43.4448,922.298,85.9382,1697.1999999999998,21.2292,129.789
9830,42.7199,851.307,90.6038,1684.9,19.9276,129.872
4831,39.8791,527.981,57.6243,1626.54,13.2395,129.886
4389,40.3466,565.189,69.5258,1633.65,14.0083,129.912
50,39.9563,534.086,59.5422,1627.7199999999998,13.3668,129.919
2554,40.6246,588.386,62.2468,1638.04,14.4835,129.949
5594,40.2193,554.91,80.3294,1631.6999999999998,13.7971,130.063
5223,43.4217,920.187,70.1889,1696.83,21.1919,130.097
5711,42.5039,828.997,90.9105,1681.04,19.504,130.105
2425,39.9781,535.787,68.1414,1628.04,13.402,130.163
371,42.9795,876.636,96.7895,1689.2799999999997,20.3966,130.19
2072,40.5632,583.058,78.066,1637.0299999999997,14.374,130.203
7951,40.9764,619.572,71.7422,1643.88,15.1202,130.217
3482,40.0307,539.92,75.0954,1628.8399999999997,13.4877,130.247
8372,40.3791,567.832,56.0522,1634.1599999999999,14.0625,130.255
5172,41.2726,656.916,81.2819,1650.7799999999997,15.9165,130.268
275,40.7408,598.571,62.0489,1639.9499999999998,14.6922,130.301
230,41.3235,665.06,85.7301,1652.27,16.094,130.326
2528,39.4874,480.724,58.9687,1617.2999999999997,12.1741,130.409
6117,41.321,664.662,73.862,1652.1999999999998,16.0853,130.432
208,38.8227,432.012,54.5585,1607.5,11.1278,130.443
2122,41.2153,647.497,80.9758,1649.06,15.7101,130.467
5350,43.6016,937.053,109.955,1699.7799999999997,21.4913,130.471
9506,44.6767,1047.74,76.5599,1720.0299999999997,23.4516,130.477
584,44.0808,985.293,95.9114,1708.37,22.352,130.494
3556,39.8662,526.504,69.376,1626.2599999999998,13.2068,130.509
7178,43.2372,901.618,73.7491,1693.6100000000001,20.8528,130.51
8789,40.4075,570.143,78.7728,1634.5899999999997,14.1098,130.515
1275,39.5928,493.994,60.0206,1619.92,12.4769,130.537
9327,41.9901,771.16,74.6941,1671.0099999999998,18.3653,130.544
4738,41.347,668.756,80.4291,1652.94,16.1742,130.557
135,40.4336,572.284,66.9215,1635.0,14.1537,130.627
8668,39.5817,492.617,73.3916,1619.65,12.4456,130.663
3291,40.9675,618.767,72.6674,1643.73,15.1039,130.751
8882,41.305,662.111,67.5273,1651.73,16.0298,130.799
5327,40.8756,610.526,66.8555,1642.19,14.9362,130.799
6596,40.3472,565.233,68.7385,1633.6599999999999,14.0092,130.813
9922,39.8216,521.351,68.2912,1625.2599999999998,13.0922,130.825
4906,40.5079,578.391,70.9067,1636.15,14.2785,130.827
6422,40.2787,559.686,81.608,1632.6100000000001,13.8953,130.836
978,40.5375,580.831,65.5602,1636.6100000000001,14.3283,130.876
5654,43.129,890.965,103.029,1691.7599999999998,20.6581,130.882
4078,39.4892,480.956,64.7463,1617.3399999999997,12.1794,130.883
926,39.1915,457.784,62.7736,1612.71,11.6807,130.898
7081,40.0026,537.708,55.3332,1628.4099999999999,13.4418,130.916
5106,43.1967,897.598,91.6933,1692.9099999999999,20.7793,130.935
4375,40.552,582.086,64.7153,1636.85,14.3541,130.941
4304,40.0105,538.334,64.5611,1628.5299999999997,13.4548,130.955
4544,41.3618,671.054,70.0213,1653.3600000000001,16.224,131.052
8731,40.4405,572.847,70.7434,1635.1100000000001,14.1652,131.056
2268,43.3163,909.565,83.076,1694.98,20.9982,131.062
3084,39.6966,506.623,53.4641,1622.4,12.7624,131.07
393,40.1728,551.188,60.7468,1630.9899999999998,13.7204,131.084
9349,45.097,1100.03,94.768,1730.3199999999997,24.3925,131.086
5148,45.2122,1115.32,120.903,1733.42,24.6687,131.145
1944,41.3286,665.863,76.0125,1652.4099999999999,16.1114,131.212
3621,40.9423,616.501,71.7484,1643.31,15.0578,131.239
9569,40.0812,543.908,66.4308,1629.6,13.5702,131.258
916,40.8069,604.413,67.2869,1641.0499999999997,14.8115,131.264
2050,43.7342,950.177,82.0608,1702.0899999999997,21.7262,131.322
4192,44.3619,1013.0,81.9555,1713.46,22.8349,131.325
2149,40.388,568.553,60.6214,1634.29,14.0773,131.356
7200,39.8147,520.555,62.7994,1625.1100000000001,13.0744,131.358
8674,40.3164,562.74,79.9158,1633.19,13.9581,131.39
3403,40.7851,602.48,56.5852,1640.69,14.772,131.401
46,40.7736,601.458,72.2335,1640.4899999999998,14.7512,131.418
646,40.6132,587.395,60.8998,1637.85,14.4631,131.473
9539,39.9609,534.446,55.3041,1627.79,13.3742,131.482
2784,43.6218,939.018,88.7523,1700.12,21.5263,131.505
4661,40.4579,574.277,67.8809,1635.38,14.1944,131.578
4107,42.0573,779.452,71.0513,1672.4499999999998,18.5331,131.716
2406,41.8271,751.606,70.6181,1667.62,17.9693,131.735
8791,40.9063,613.267,60.6735,1642.6999999999998,14.992,131.744
5661,42.2157,799.538,78.9014,1675.94,18.9394,131.777
744,40.2153,554.588,77.5973,1631.6399999999999,13.7905,131.781
608,40.4825,576.298,70.8619,1635.7599999999998,14.2357,131.822
4070,40.3214,563.145,81.1125,1633.27,13.9664,131.822
8389,41.5817,709.592,65.3902,1660.2599999999998,17.065,131.908
6012,41.6392,720.625,74.4011,1662.21,17.3064,131.91
9259,40.1765,551.483,61.036,1631.0499999999997,13.7265,131.939
957,40.0236,539.366,66.9588,1628.73,13.4762,132.022
7798,40.1883,552.425,68.0566,1631.23,13.7459,132.025
9211,39.5823,492.693,74.7945,1619.67,12.4473,132.027
8212,39.7209,509.516,64.9555,1622.9699999999998,12.8274,132.031
8393,40.1561,549.857,59.5222,1630.7399999999998,13.693,132.065
1349,43.2505,902.947,95.8609,1693.8399999999997,20.8772,132.084
5700,40.5954,585.851,65.3739,1637.56,14.4314,132.101
726,43.853,962.497,74.7078,1704.2799999999997,21.9483,132.11
7147,41.5297,699.286,72.6261,1658.4299999999998,16.8382,132.134
9851,43.4738,924.973,90.8361,1697.6599999999999,21.2766,132.136
6135,40.6449,590.153,69.7931,1638.37,14.5197,132.162
5547,40.2691,558.914,67.5739,1632.46,13.8795,132.18
4356,39.744,512.262,64.6898,1623.5,12.889,132.195
2359,44.8204,1065.04,118.122,1723.38,23.7625,132.254
3841,44.6158,1040.84,84.9124,1718.71,23.3289,132.299
6846,40.5239,579.708,78.6688,1636.4,14.3053,132.302
7672,41.1637,638.767,67.8382,1647.4499999999998,15.5177,132.306
7628,40.9147,614.023,64.4563,1642.85,15.0074,132.309
1651,39.7875,517.377,58.8344,1624.4899999999998,13.0035,132.319
8382,39.9937,537.015,55.3817,1628.2799999999997,13.4275,132.364
4302,40.4512,573.726,69.3451,1635.27,14.1831,132.37
9381,45.7519,1183.96,92.7515,1747.8899999999999,25.8778,132.378
582,39.9982,537.368,61.6171,1628.35,13.4348,132.409
7350,40.1628,550.394,66.1395,1630.8399999999997,13.7041,132.413
4696,43.1221,890.293,80.2429,1691.6399999999999,20.6459,132.485
3592,39.9601,534.382,71.8809,1627.77,13.3729,132.498
6828,39.8055,519.476,64.2498,1624.9,13.0504,132.516
3613,43.8346,960.55,81.2909,1703.9299999999998,21.9131,132.52
5545,39.6707,503.514,59.9112,1621.79,12.6923,132.571
9939,39.0244,445.976,56.7544,1610.33,11.4281,132.63
340,41.1138,632.049,67.1005,1646.1999999999998,15.3731,132.649
8821,44.0801,985.229,76.1387,1708.3600000000001,22.3509,132.674
256,41.932,764.107,87.334,1669.79,18.2225,132.684
8320,41.2148,647.419,63.491,1649.04,15.7084,132.845
2858,40.456,574.118,73.5075,1635.35,14.1912,132.853
4881,40.5933,585.663,65.6772,1637.5299999999997,14.4276,132.883
7411,39.786,517.197,66.1594,1624.46,12.9995,132.894
4945,46.061,1223.55,89.569,1756.7399999999998,26.5638,132.912
6224,40.419,571.085,66.8376,1634.77,14.1291,132.948
7734,41.192,643.59,76.2459,1648.3399999999997,15.6241,133.037
2114,39.6483,500.791,68.9753,1621.2599999999998,12.6308,133.056
1555,41.1263,633.191,81.0867,1646.4099999999999,15.3962,133.092
6079,40.9495,617.149,69.4048,1643.4299999999998,15.071,133.112
6328,40.4224,571.367,72.9369,1634.83,14.1349,133.124
4347,43.19,896.942,80.042,1692.79,20.7673,133.141
907,40.646,590.249,65.0407,1638.3899999999999,14.5217,133.168
5854,40.2517,557.516,76.0916,1632.1999999999998,13.8507,133.204
6167,39.8346,522.861,62.0479,1625.56,13.1258,133.222
8366,41.3641,671.414,73.8525,1653.42,16.2318,133.252
3670,41.115,632.151,63.6425,1646.2199999999998,15.3752,133.27
7159,40.8395,607.306,67.1414,1641.5899999999997,14.8706,133.303
8517,40.4559,574.109,73.0117,1635.3399999999997,14.191,133.337
9714,41.5671,706.748,61.4523,1659.7599999999998,17.0026,133.377
9783,41.7024,732.348,85.5568,1664.27,17.5613,133.389
2685,43.3374,911.708,95.2521,1695.3600000000001,21.0375,133.398
5032,40.9927,621.039,74.3639,1644.15,15.15,133.423
9684,39.4113,473.636,63.0842,1615.88,12.0178,133.431
8503,40.8188,605.464,68.8175,1641.25,14.833,133.489
789,42.0945,784.109,77.7188,1673.2599999999998,18.6273,133.502
8091,39.7956,518.33,64.7611,1624.6799999999998,13.0248,133.52
550,40.0033,537.769,69.9549,1628.42,13.4431,133.548
5901,41.61,715.068,72.5847,1661.23,17.185,133.582
1365,39.8178,520.904,68.6419,1625.1799999999998,13.0822,133.583
7469,41.3599,670.77,70.3064,1653.2999999999997,16.2179,133.598
268,39.8095,519.94,69.8944,1624.9899999999998,13.0607,133.65
1501,40.1079,546.026,70.5992,1630.0,13.6139,133.745
527,44.2559,1002.11,95.7034,1711.44,22.6436,133.759
4152,43.4575,923.47,84.1438,1697.4,21.2499,133.776
4671,42.0154,774.273,86.5362,1671.5499999999997,18.4283,133.805
3092,43.0771,885.936,98.9809,1690.8899999999999,20.5663,133.86
1589,44.6817,1048.32,89.0333,1720.1399999999999,23.4619,133.864
3321,40.449,573.544,57.364,1635.2399999999998,14.1794,133.875
1413,40.4418,572.954,83.267,1635.13,14.1674,133.992
7395,40.758,600.083,75.1941,1640.2399999999998,14.7231,134.001
651,40.4139,570.667,76.3446,1634.69,14.1206,134.022
6374,40.0816,543.94,64.9265,1629.6,13.5708,134.032
1958,43.4731,924.907,79.8738,1697.65,21.2754,134.067
5484,40.5064,578.264,59.0788,1636.13,14.2759,134.068
309,44.7894,1061.17,80.8264,1722.63,23.6925,134.178
2987,42.901,869.285,83.7596,1688.0,20.2626,134.187
5475,43.2274,900.646,86.2463,1693.44,20.8351,134.201
4372,40.1401,548.584,60.9117,1630.4899999999998,13.6667,134.209
9281,39.5667,490.754,56.5087,1619.29,12.4032,134.215
1460,41.3112,663.098,69.0775,1651.9099999999999,16.0513,134.256
7874,42.0232,775.235,86.2627,1671.7199999999998,18.4478,134.259
8432,39.5278,485.865,62.2032,1618.3199999999997,12.2917,134.311
8437,40.6406,589.783,66.8472,1638.2999999999997,14.5122,134.331
5615,43.4323,921.154,97.2265,1697.0,21.209,134.332
1397,45.4947,1151.12,106.789,1740.8399999999997,25.3023,134.383
5892,39.5976,494.594,63.1594,1620.04,12.4905,134.392
9149,40.8618,609.29,94.0873,1641.96,14.911,134.424
9624,39.6824,504.914,59.578,1622.0699999999997,12.7239,134.449
9982,40.709,595.766,68.0785,1639.4299999999998,14.6348,134.485
4787,43.3325,911.21,85.293,1695.27,21.0283,134.505
8898,39.7718,515.541,66.291,1624.1399999999999,12.9625,134.511
1002,39.6032,495.278,61.2161,1620.1799999999998,12.506,134.525
5410,40.3806,567.952,75.1218,1634.1799999999998,14.065,134.646
9738,43.4736,924.955,81.1024,1697.6599999999999,21.2762,134.677
7318,42.8276,862.517,77.4929,1686.83,20.1393,134.694
2103,42.7652,856.099,85.9739,1685.73,20.0186,134.714
6873,39.5656,490.614,60.9967,1619.2599999999998,12.4,134.719
1401,39.4605,477.248,57.8332,1616.6,12.0943,134.751
9354,42.0316,776.264,110.809,1671.9,18.4686,134.77
8524,40.2353,556.193,71.8718,1631.94,13.8235,134.793
9911,43.0888,887.065,92.5043,1691.08,20.5869,134.798
2737,39.5949,494.258,66.305,1619.98,12.4829,134.824
9333,39.1492,454.775,59.5125,1612.1,11.6164,134.826
2935,40.8096,604.652,62.9986,1641.0899999999997,14.8164,134.876
9661,40.4464,573.328,57.0971,1635.1999999999998,14.175,134.892
7294,39.9076,530.292,64.7343,1626.9899999999998,13.288,134.939
5394,42.4018,818.738,94.6567,1679.2599999999998,19.3091,134.941
7550,40.2486,557.263,65.8665,1632.15,13.8455,134.974
5293,39.8306,522.39,62.0087,1625.46,13.1153,135.016
2787,43.3693,914.966,86.4082,1695.92,21.0971,135.038
5797,40.4788,575.992,61.5667,1635.6999999999998,14.2295,135.046
9509,43.3096,908.892,86.8142,1694.87,20.9859,135.052
3362,39.8233,521.543,65.504,1625.2999999999997,13.0964,135.064
1547,39.8507,524.713,68.2196,1625.9099999999999,13.167,135.087
6326,45.4786,1149.16,108.254,1740.4299999999998,25.2682,135.168
6589,43.7295,949.702,87.785,1702.0099999999998,21.7176,135.173
2904,41.4651,686.823,73.6983,1656.1999999999998,16.5639,135.19
1686,40.9682,618.837,86.2998,1643.7399999999998,15.1053,135.195
766,41.8978,759.989,59.9752,1669.08,18.1391,135.204
8528,41.3988,676.779,75.7113,1654.3899999999999,16.3478,135.261
6376,44.6146,1040.7,83.6369,1718.6799999999998,23.3265,135.29
5634,41.1696,639.777,73.0903,1647.63,15.54,135.291
1247,40.3565,565.989,57.4054,1633.81,14.0247,135.317
8616,41.8474,753.997,94.0848,1668.04,18.0178,135.356
2529,41.053,626.508,66.7187,1645.17,15.261,135.374
1531,40.0694,542.973,77.7383,1629.42,13.5508,135.376
3446,41.2109,646.761,64.713,1648.92,15.6939,135.38
2269,41.0854,629.453,73.3714,1645.7199999999998,15.3206,135.398
3810,43.4774,925.306,73.2173,1697.7199999999998,21.2825,135.478
8198,42.0028,772.715,85.3637,1671.2799999999997,18.3968,135.488
6601,41.1752,640.743,69.3439,1647.81,15.5614,135.576
6688,40.0058,537.964,65.6905,1628.46,13.4471,135.674
9478,40.9595,618.044,64.3826,1643.6,15.0892,135.683
5999,39.3129,466.495,58.6944,1614.46,11.8662,135.693
5955,40.7672,600.892,72.6354,1640.3899999999999,14.7396,135.721
2588,44.4112,1018.28,89.8657,1714.44,22.9284,135.722
8757,45.9629,1209.97,129.682,1753.6599999999999,26.325,135.747
5569,43.3511,913.104,88.0961,1695.6,21.063,135.783
6478,40.4429,573.042,61.646,1635.1399999999999,14.1692,135.785
3523,44.8341,1066.78,92.4772,1723.7199999999998,23.7939,135.821
1658,40.2674,558.778,61.6963,1632.44,13.8767,135.829
7480,40.5171,579.146,67.8616,1636.2999999999997,14.2939,135.837
9356,42.0482,778.33,75.6063,1672.2599999999998,18.5104,135.84
2304,46.3088,1488.14,104.126,1822.4,32.1351,135.923
190,40.1227,547.198,60.9504,1630.23,13.6381,136.027
6819,43.2576,903.655,91.228,1693.96,20.8901,136.051
8794,39.8559,525.314,60.0135,1626.0299999999997,13.1803,136.107
2446,45.5935,1163.59,93.3527,1743.4899999999998,25.521,136.117
5771,39.9096,530.445,63.8463,1627.02,13.2912,136.117
3432,40.7726,601.371,74.896,1640.48,14.7494,136.13
1024,40.4966,577.455,73.0792,1635.98,14.2594,136.161
4117,40.0556,541.886,58.6861,1629.21,13.5283,136.201
5140,39.6207,497.435,63.7492,1620.6,12.5549,136.206
6316,43.2922,907.127,81.3502,1694.56,20.9536,136.209
8498,40.9028,612.955,62.3815,1642.65,14.9857,136.22
4434,40.685,593.663,73.9687,1639.0299999999997,14.5917,136.242
6131,40.3538,565.772,72.2817,1633.7599999999998,14.0203,136.289
4139,44.8014,1062.67,86.4157,1722.92,23.7195,136.33
8561,39.5649,490.529,60.9422,1619.2399999999998,12.3981,136.351
699,39.5883,493.446,65.6218,1619.8199999999997,12.4644,136.392
225,40.6654,591.949,79.7119,1638.71,14.5566,136.402
173,41.4927,691.695,93.3459,1657.0699999999997,16.6703,136.422
7025,39.8389,523.357,64.4969,1625.65,13.1368,136.485
6201,39.6422,500.057,67.151,1621.12,12.6142,136.499
7434,42.3551,814.114,70.2739,1678.46,19.2212,136.523
3531,39.7144,508.749,68.1278,1622.8199999999997,12.8102,136.524
7629,41.1249,633.064,74.6261,1646.3899999999999,15.3937,136.535
3053,40.6399,589.718,71.6314,1638.29,14.5108,136.558
7732,44.6028,1039.4,81.4525,1718.4299999999998,23.3035,136.641
4604,44.4147,1018.66,106.866,1714.5099999999998,22.9351,136.645
1152,42.2972,808.43,92.3276,1677.48,19.1131,136.663
8751,39.1525,455.007,65.1756,1612.15,11.6214,136.722
7860,44.0905,986.196,105.512,1708.5299999999997,22.3675,136.734
3073,39.785,517.083,64.5709,1624.44,12.9969,136.788
3060,43.2364,901.535,88.4953,1693.5899999999997,20.8513,136.828
3576,41.3014,661.545,67.4578,1651.63,16.0175,136.869
990,41.7204,735.62,84.6624,1664.8399999999997,17.6322,136.881
269,44.444,1021.88,91.2145,1715.1100000000001,22.9924,136.915
5709,42.8329,863.008,85.5303,1686.92,20.1482,136.95
5833,39.7482,512.759,62.8782,1623.6,12.9002,136.959
9387,44.4784,1025.73,83.7089,1715.8399999999997,23.0612,136.968
3212,40.2801,559.804,71.0496,1632.63,13.8978,136.995
3727,42.1131,786.438,79.7447,1673.67,18.6744,137.012
5425,39.7789,516.371,63.0664,1624.2999999999997,12.981,137.031
6706,43.9534,973.384,85.4787,1706.2199999999998,22.1458,137.033
3455,41.5066,694.577,68.4563,1657.5899999999997,16.7341,137.04
289,40.1824,551.952,64.4306,1631.1399999999999,13.7362,137.068
6087,42.799,859.694,71.3161,1686.35,20.0868,137.072
207,40.1776,551.574,64.003,1631.06,13.7284,137.075
9180,42.5283,831.477,76.0734,1681.4699999999998,19.5511,137.084
6786,40.4628,574.679,59.4984,1635.4499999999998,14.2026,137.091
5977,40.6481,590.438,73.7766,1638.4299999999998,14.5256,137.125
9921,42.5879,837.578,85.9097,1682.52,19.667,137.127
9835,39.7583,513.95,64.1003,1623.83,12.9269,137.164
4412,41.6037,713.858,82.2687,1661.0099999999998,17.1585,137.175
2173,46.4236,1277.28,106.372,1769.4099999999999,27.5135,137.179
5144,41.1591,637.983,65.3639,1647.2999999999997,15.5004,137.229
3932,43.395,917.611,90.6055,1696.38,21.1456,137.38
6477,40.374,567.417,57.8945,1634.08,14.054,137.388
313,41.356,670.155,68.6635,1653.19,16.2046,137.418
7207,40.4286,571.868,69.2745,1634.92,14.1452,137.421
2357,42.8764,867.008,76.035,1687.6100000000001,20.2211,137.506
2826,42.2569,804.504,74.6161,1676.7999999999997,19.0384,137.508
9238,39.5974,494.569,62.7551,1620.04,12.4899,137.574
7201,40.423,571.412,69.7395,1634.83,14.1358,137.575
2325,43.1287,890.935,91.9374,1691.75,20.6576,137.627
6823,40.1689,550.88,64.7307,1630.9299999999998,13.7141,137.637
5578,39.9654,534.799,59.8461,1627.85,13.3815,137.67
989,40.1889,552.476,66.0887,1631.2399999999998,13.747,137.671
2259,46.69,1418.42,120.484,1805.4499999999998,30.3794,137.689
9135,40.9388,616.186,78.0019,1643.25,15.0514,137.725
7788,41.5416,701.681,94.4194,1658.8600000000001,16.891,137.747
2899,44.9997,1087.96,101.309,1727.9099999999999,24.1771,137.754
177,41.4085,678.265,88.3797,1654.6599999999999,16.3798,137.764
1221,43.9423,972.163,84.4451,1706.0099999999998,22.1236,137.766
6169,41.609,714.886,72.3486,1661.1999999999998,17.181,137.772
1452,41.7534,741.561,75.3724,1665.87,17.7605,137.783
8078,44.1758,994.256,88.9358,1710.0,22.5068,137.79
1599,40.5716,583.788,70.2459,1637.17,14.3891,137.804
2009,45.0236,1090.86,95.4619,1728.48,24.2287,137.862
7181,43.3913,917.231,77.1919,1696.3199999999997,21.1386,137.91
693,40.0227,539.288,68.369,1628.71,13.4746,137.938
3101,40.4119,570.509,66.8144,1634.6599999999999,14.1173,137.94
8413,46.0416,1220.83,114.288,1756.12,26.5159,137.963
3584,42.663,845.343,65.1512,1683.87,19.8145,137.992
5611,39.6599,502.209,67.1171,1621.54,12.6629,137.992
1470,44.0908,986.221,71.4312,1708.54,22.368,138.023
3684,40.6252,588.442,61.7237,1638.0499999999997,14.4846,138.035
7454,39.8454,524.111,59.2075,1625.7999999999997,13.1536,138.078
8253,42.7267,852.021,79.9784,1685.02,19.9412,138.109
634,40.404,569.862,65.5449,1634.54,14.1041,138.122
4344,39.5047,482.933,69.4685,1617.7399999999998,12.2247,138.136
1905,41.9325,764.165,90.6623,1669.7999999999997,18.2237,138.139
802,39.7829,516.844,65.3863,1624.3899999999999,12.9916,138.236
7114,40.2077,553.981,73.8491,1631.52,13.778,138.259
3368,43.3076,908.688,96.7726,1694.83,20.9822,138.275
8136,39.5738,491.637,61.0867,1619.46,12.4233,138.31
3414,44.8684,1071.21,108.783,1724.5899999999997,23.8744,138.321
4444,40.7558,599.888,74.0045,1640.1999999999998,14.7191,138.326
141,40.5113,578.664,68.2465,1636.21,14.284,138.402
3943,39.8913,529.023,61.8473,1626.7399999999998,13.2616,138.418
3324,42.332,811.838,81.0026,1678.0699999999997,19.1779,138.428
1922,40.1153,546.606,73.07,1630.1100000000001,13.6259,138.432
9890,40.639,589.639,69.6542,1638.27,14.5092,138.461
276,44.4606,1023.72,96.861,1715.46,23.0254,138.486
6162,41.1852,642.445,67.3618,1648.12,15.5989,138.548
2179,40.0175,538.882,72.5996,1628.6399999999999,13.4662,138.574
2159,42.9295,871.936,77.3311,1688.46,20.3109,138.577
1079,40.0449,541.041,58.0028,1629.0499999999997,13.5108,138.599
88,40.6166,587.691,71.226,1637.9099999999999,14.4692,138.621
3938,39.6718,503.644,65.5216,1621.8199999999997,12.6952,138.699
6677,40.5734,583.943,64.0694,1637.1999999999998,14.3923,138.756
7687,43.0284,881.268,82.8656,1690.08,20.4811,138.759
6365,40.8857,611.423,70.08,1642.3600000000001,14.9545,138.791
442,41.4935,691.865,76.7099,1657.1,16.6741,138.813
9677,41.7168,734.969,80.6355,1664.7199999999998,17.6181,138.82
9707,40.0563,541.936,66.3634,1629.2199999999998,13.5294,138.829
2717,40.1423,548.759,70.2515,1630.5299999999997,13.6703,138.858
6766,42.1456,790.557,76.0755,1674.38,18.7578,138.916
8592,40.6009,586.325,63.9833,1637.65,14.4412,138.999
1106,42.0417,777.519,83.5818,1672.12,18.494,139.034
3347,40.4923,577.099,74.0194,1635.9099999999999,14.2521,139.119
5573,40.0669,542.773,80.2986,1629.38,13.5467,139.13
8979,40.3604,566.311,63.961,1633.87,14.0313,139.155
3674,42.9297,871.96,80.3008,1688.4699999999998,20.3113,139.198
1907,46.3182,1486.81,118.873,1822.0899999999997,32.0999,139.229
9997,43.2107,898.984,96.8287,1693.15,20.8047,139.256
3423,40.5631,583.046,68.3331,1637.0299999999997,14.3738,139.29
8020,40.2347,556.149,64.0566,1631.94,13.8226,139.315
1753,41.9105,761.509,70.3571,1669.3399999999997,18.1699,139.317
2722,43.9038,967.949,97.0512,1705.25,22.0471,139.375
4357,39.8132,520.373,57.2741,1625.0699999999997,13.0704,139.384
1663,40.0563,541.942,68.313,1629.2199999999998,13.5295,139.412
5551,40.3522,565.64,64.4141,1633.7399999999998,14.0176,139.415
1965,40.2711,559.072,69.7507,1632.4899999999998,13.8827,139.49
6271,40.8342,606.834,78.7092,1641.5,14.8609,139.506
642,39.6716,503.616,70.639,1621.81,12.6946,139.535
8762,40.4264,571.688,68.9551,1634.8899999999999,14.1415,139.676
8536,42.0914,783.709,58.4738,1673.19,18.6192,139.684
3894,39.613,496.49,60.6596,1620.42,12.5335,139.708
9906,39.9491,533.519,64.4968,1627.6100000000001,13.355,139.729
4283,40.301,561.49,81.161,1632.9499999999998,13.9324,139.806
4711,40.482,576.256,66.7882,1635.75,14.2349,139.814
1953,43.7843,955.302,78.1118,1703.0,21.8184,139.819
1185,40.7738,601.478,78.7081,1640.5,14.7516,139.893
4551,40.8567,608.835,60.1201,1641.88,14.9017,139.904
67,42.8169,861.544,103.481,1686.67,20.1216,139.955
174,39.3718,470.762,64.2116,1615.31,11.9568,139.96
7539,43.6779,944.527,84.0528,1701.0899999999997,21.6248,140.013
1862,39.9488,533.503,63.8162,1627.6,13.3547,140.078
8627,40.0501,541.45,70.5311,1629.13,13.5193,140.123
397,44.105,987.545,86.1561,1708.7799999999997,22.3908,140.153
4800,40.3621,566.447,70.8977,1633.8899999999999,14.0341,140.162
4457,40.7608,600.335,67.9386,1640.2799999999997,14.7282,140.294
9531,40.546,581.567,66.7534,1636.75,14.3434,140.366
7445,42.7216,851.487,85.4294,1684.9299999999998,19.9311,140.366
6447,40.6077,586.916,71.5191,1637.7599999999998,14.4533,140.372
2028,39.5404,487.456,58.8397,1618.63,12.3281,140.374
5295,41.2116,646.883,69.2774,1648.94,15.6966,140.387
9775,39.3752,471.01,59.6746,1615.3600000000001,11.9621,140.4
8829,39.7102,508.243,55.3196,1622.7199999999998,12.7988,140.445
4240,41.0221,623.706,67.0278,1644.65,15.2041,140.449
5234,40.4936,577.205,65.6262,1635.9299999999998,14.2542,140.451
1259,41.0143,622.995,67.8142,1644.52,15.1897,140.454
9736,40.4372,572.572,68.2878,1635.0499999999997,14.1596,140.474
823,41.2111,646.801,77.3481,1648.9299999999998,15.6948,140.498
9937,41.7343,738.141,79.324,1665.2799999999997,17.6867,140.513
4337,40.1919,552.714,67.6858,1631.2799999999997,13.7519,140.538
1704,40.6495,590.556,76.1962,1638.4499999999998,14.528,140.645
7573,41.0983,630.629,69.9671,1645.94,15.3444,140.677
3419,40.8357,606.968,56.7266,1641.5299999999997,14.8637,140.708
2662,43.452,922.965,79.8496,1697.31,21.241,140.759
6103,43.0647,884.745,85.3966,1690.6799999999998,20.5446,140.761
9617,39.9696,535.126,71.8374,1627.92,13.3883,140.837
1509,44.2656,1003.09,103.729,1711.62,22.6607,140.866
3294,40.036,540.337,62.7159,1628.92,13.4963,140.872
5194,43.6105,937.915,105.602,1699.9299999999998,21.5066,140.937
6297,44.9195,1078.0,88.7667,1725.9299999999998,23.9984,140.938
8254,40.0106,538.342,66.5699,1628.5299999999997,13.455,140.962
3242,40.0632,542.48,60.5709,1629.33,13.5406,140.964
3891,43.2884,906.744,82.8497,1694.4899999999998,20.9466,140.978
48,42.8185,861.685,90.2826,1686.69,20.1241,141.013
2085,41.8661,756.208,75.7669,1668.42,18.0626,141.021
9734,42.4907,827.664,86.5033,1680.81,19.4787,141.043
7747,41.6487,722.417,78.2335,1662.52,17.3455,141.048
812,40.9076,613.382,78.7053,1642.73,14.9944,141.048
644,41.6425,721.249,94.7992,1662.3199999999997,17.32,141.052
1921,43.4369,921.576,86.3493,1697.0699999999997,21.2164,141.057
216,40.3724,567.284,62.1048,1634.0499999999997,14.0513,141.163
7477,42.8086,860.724,103.682,1686.52,20.1063,141.213
8960,42.9042,869.578,81.7619,1688.0499999999997,20.2679,141.296
601,40.3485,565.337,57.4337,1633.6799999999998,14.0114,141.32
5025,44.5903,1038.02,97.9932,1718.17,23.279,141.338
5306,42.1546,791.695,79.2117,1674.58,18.7808,141.401
5073,44.1874,995.373,77.9799,1710.1999999999998,22.5262,141.411
1253,40.5023,577.926,66.5264,1636.0699999999997,14.269,141.411
4725,41.5634,706.013,82.553,1659.63,16.9864,141.437
8994,40.2803,559.822,67.2939,1632.63,13.8981,141.465
4393,44.2992,1006.49,109.537,1712.25,22.7202,141.493
2538,41.3528,669.657,82.5976,1653.1,16.1938,141.506
5515,42.7888,858.61,95.0806,1686.1599999999999,20.0662,141.51
3916,44.8684,1071.2,124.783,1724.5899999999997,23.8742,141.546
2551,41.9763,769.479,77.0206,1670.7199999999998,18.3313,141.568
9960,42.1051,785.431,80.932,1673.4899999999998,18.6541,141.608
8955,39.7475,512.676,61.6678,1623.58,12.8983,141.634
2903,40.6139,587.457,64.4466,1637.8600000000001,14.4644,141.637
3843,43.0764,885.87,76.2972,1690.87,20.5651,141.652
4537,43.9188,969.584,77.4252,1705.54,22.0767,141.706
1151,43.9285,970.64,96.4697,1705.73,22.0959,141.749
7870,44.9147,1077.35,90.7606,1725.7999999999997,23.9866,141.778
6496,44.0796,985.188,97.076,1708.35,22.3502,141.799
3901,43.8034,957.284,77.1744,1703.35,21.8541,141.843
1893,39.78,516.5,65.1669,1624.3199999999997,12.9839,141.863
3930,45.0087,1089.05,93.2623,1728.12,24.1965,141.897
5196,42.2818,806.924,92.9208,1677.2199999999998,19.0844,141.904
8230,41.9921,771.411,89.049,1671.06,18.3704,141.916
8118,40.7294,597.56,68.757,1639.7599999999998,14.6715,141.971
8073,42.7606,855.605,92.4954,1685.6399999999999,20.0092,141.983
5445,43.936,971.468,94.0891,1705.88,22.111,141.989
8194,40.4281,571.827,69.058,1634.9099999999999,14.1443,142.068
1400,40.6725,592.571,67.707,1638.83,14.5693,142.213
8922,45.2922,1126.75,95.8308,1735.7599999999998,24.8773,142.218
2760,43.2331,901.207,71.803,1693.5299999999997,20.8453,142.231
8259,40.972,619.173,68.6801,1643.81,15.1121,142.245
1208,39.5469,488.283,61.1475,1618.7999999999997,12.3469,142.284
260,39.6097,496.074,62.6154,1620.33,12.5241,142.326
8930,40.4102,570.367,72.5125,1634.6399999999999,14.1144,142.368
9487,44.0636,983.713,107.566,1708.08,22.3249,142.386
2728,40.0375,540.456,59.2288,1628.94,13.4987,142.425
1836,41.0508,626.31,66.5599,1645.13,15.2569,142.433
7130,41.7076,733.301,92.5287,1664.4299999999998,17.582,142.439
1649,43.2451,902.406,74.0469,1693.7399999999998,20.8672,142.455
4306,40.8575,608.913,73.8906,1641.8899999999999,14.9033,142.479
6682,40.1723,551.151,68.3892,1630.98,13.7197,142.534
4911,42.9354,872.488,111.072,1688.56,20.321,142.536
7720,41.2865,659.157,78.6936,1651.19,15.9654,142.539
3614,41.2351,650.784,79.0682,1649.6599999999999,15.7823,142.752
1026,42.8016,859.968,91.8148,1686.3899999999999,20.092,142.752
2775,40.5747,584.056,81.6667,1637.2199999999998,14.3946,142.801
7640,41.2331,650.454,72.3338,1649.6,15.775,142.817
9448,45.6689,1173.74,91.0688,1745.67,25.701,142.939
2788,40.6244,588.373,68.5097,1638.04,14.4832,142.942
1597,44.1419,991.02,109.025,1709.4099999999999,22.4508,142.942
2683,45.3667,1136.09,112.98,1737.6999999999998,25.0424,142.959
3549,44.0583,983.223,117.411,1707.9899999999998,22.3164,142.985
2692,43.2294,900.847,84.1738,1693.4699999999998,20.8387,143.016
8597,40.1649,550.556,73.0837,1630.87,13.7074,143.023
9782,42.0025,772.679,88.6055,1671.2799999999997,18.396,143.159
7228,40.6904,594.135,74.5457,1639.12,14.6014,143.236
6451,39.5054,483.024,70.1682,1617.75,12.2268,143.241
200,39.9748,535.534,71.6237,1627.9899999999998,13.3968,143.269
7622,43.7529,952.079,92.4183,1702.4299999999998,21.7604,143.294
15,43.3587,913.887,87.8955,1695.7399999999998,21.0773,143.356
4332,44.0266,980.344,91.8122,1707.4699999999998,22.2671,143.406
6298,44.5092,1029.24,104.41,1716.5,23.1243,143.43
5704,42.8895,868.219,90.9427,1687.8199999999997,20.2432,143.439
327,40.9558,617.717,70.5143,1643.5299999999997,15.0825,143.452
9217,40.8865,611.495,76.5473,1642.37,14.9559,143.506
4634,40.6919,594.268,75.3709,1639.15,14.6041,143.514
5259,40.1914,552.675,57.52,1631.27,13.7511,143.539
7049,44.0767,984.922,87.494,1708.2999999999997,22.3456,143.585
6046,43.7645,953.271,100.814,1702.6399999999999,21.7818,143.588
5010,44.9208,1078.18,80.7385,1725.96,24.0019,143.616
6472,41.5448,702.307,64.5018,1658.9699999999998,16.9048,143.645
137,40.8886,611.686,70.8543,1642.4099999999999,14.9598,143.673
129,40.5145,578.935,62.0821,1636.2599999999998,14.2896,143.681
6343,41.7308,737.507,77.5105,1665.17,17.673,143.725
1550,42.4086,819.424,88.1945,1679.38,19.3221,143.729
6708,40.0521,541.606,62.9767,1629.1599999999999,13.5225,143.782
3025,41.6118,715.429,88.144,1661.29,17.1929,143.836
764,43.9355,971.416,73.0864,1705.87,22.11,143.839
3993,40.2851,560.207,74.9378,1632.71,13.9061,143.848
847,43.219,899.814,101.891,1693.29,20.8199,143.855
5241,39.6957,506.511,54.7572,1622.38,12.7598,143.864
8876,42.1239,787.805,87.819,1673.9,18.7021,143.877
6108,40.8266,606.158,72.6454,1641.37,14.8471,143.881
7123,40.2668,558.733,65.8854,1632.4299999999998,13.8758,143.908
9278,45.1406,1105.68,95.0733,1731.46,24.494,143.916
3853,42.9061,869.755,76.9769,1688.0899999999997,20.2711,143.931
6198,40.0534,541.708,76.3404,1629.1799999999998,13.5246,143.934
10,39.4434,475.985,71.2893,1616.35,12.0675,143.99
2982,43.1149,889.59,88.059,1691.52,20.633,144.003
4163,40.9462,616.848,67.2536,1643.37,15.0649,144.01
7632,43.3205,909.99,97.2291,1695.06,21.006,144.053
4877,45.0234,1090.84,86.3153,1728.48,24.2283,144.15
6490,39.5752,491.809,60.7301,1619.4899999999998,12.4272,144.185
8033,40.4987,577.629,71.2961,1636.0099999999998,14.2629,144.209
4998,43.9493,972.932,102.599,1706.1399999999999,22.1376,144.266
1839,41.3773,673.469,80.2445,1653.79,16.2763,144.278
2408,44.0447,981.983,95.4374,1707.77,22.2952,144.288
2223,41.2835,658.676,76.1793,1651.1,15.9549,144.29
2382,41.3257,665.395,72.4988,1652.33,16.1013,144.338
5930,41.2035,645.528,67.9326,1648.69,15.6668,144.345
6333,40.3453,565.077,67.7463,1633.63,14.006,144.36
7311,42.5553,834.225,80.9794,1681.94,19.6033,144.391
8722,39.8214,521.322,61.136,1625.2599999999998,13.0915,144.428
2024,42.7765,857.3,75.8187,1685.9299999999998,20.0414,144.43
423,39.8111,520.127,65.3859,1625.0299999999997,13.0649,144.445
9836,41.9719,768.938,78.1664,1670.63,18.3203,144.47
2620,40.9349,615.84,96.7412,1643.1799999999998,15.0444,144.473
402,40.0165,538.806,79.2576,1628.62,13.4646,144.528
7862,40.4267,571.718,65.9249,1634.8899999999999,14.1421,144.538
9665,40.6542,590.97,75.1821,1638.5299999999997,14.5365,144.543
8380,40.7419,598.662,75.0231,1639.9699999999998,14.694,144.569
5112,43.3112,909.048,98.8267,1694.9,20.9888,144.649
102,41.2612,655.066,70.4408,1650.44,15.8761,144.652
1270,42.9884,877.475,83.3312,1689.42,20.4119,144.674
7429,39.5754,491.84,82.514,1619.5,12.4279,144.689
2229,41.1054,631.276,74.3376,1646.06,15.3575,144.702
8124,43.3036,908.286,100.294,1694.7599999999998,20.9748,144.726
6860,41.3039,661.935,71.2175,1651.6999999999998,16.026,144.772
2258,45.513,1153.36,102.201,1741.3199999999997,25.3414,144.799
1445,43.5461,931.747,85.5967,1698.85,21.3968,144.826
4485,41.461,686.206,65.1777,1656.0899999999997,16.5506,144.865
59,41.8309,752.044,88.269,1667.6999999999998,17.9782,144.871
4244,43.5199,929.276,101.697,1698.42,21.3529,144.88
8820,43.3572,913.736,75.114,1695.71,21.0746,144.915
126,40.2698,558.971,67.7094,1632.4699999999998,13.8806,144.949
9157,41.2676,656.099,65.1458,1650.63,15.8987,145.005
8603,44.5433,1032.92,101.371,1717.1999999999998,23.189,145.019
8401,41.6175,716.513,82.0858,1661.48,17.2166,145.093
6452,44.2149,998.058,85.526,1710.6999999999998,22.5729,145.124
3959,39.9439,533.116,69.4195,1627.5299999999997,13.3466,145.124
497,41.9557,766.967,68.893,1670.29,18.2804,145.149
7487,44.4348,1020.87,103.252,1714.92,22.9744,145.156
7340,40.4828,576.32,75.7689,1635.7599999999998,14.2362,145.163
7701,41.3232,665.005,74.8077,1652.2599999999998,16.0928,145.183
7027,39.5746,491.746,57.9958,1619.48,12.4258,145.198
8341,41.3054,662.173,73.2654,1651.7399999999998,16.0312,145.214
9074,41.9505,766.339,86.2926,1670.1799999999998,18.2677,145.251
960,39.9218,531.392,60.1839,1627.1999999999998,13.3108,145.26
7570,41.9563,767.041,87.6079,1670.2999999999997,18.2819,145.287
2400,40.7368,598.212,75.8645,1639.8899999999999,14.6848,145.332
6431,44.5114,1029.49,110.35,1716.5499999999997,23.1287,145.352
9098,40.3463,565.158,75.8877,1633.65,14.0077,145.394
9276,43.0192,880.392,94.5812,1689.9299999999998,20.4651,145.405
8050,43.2933,907.24,90.3525,1694.58,20.9557,145.426
2508,45.304,1128.49,83.6131,1736.12,24.9092,145.456
5333,40.7195,596.69,67.289,1639.6,14.6537,145.498
8407,41.9312,764.009,85.618,1669.77,18.2205,145.511
4475,39.5942,494.173,61.7924,1619.96,12.4809,145.518
2886,42.5027,828.874,81.1126,1681.02,19.5017,145.567
3378,40.0219,539.231,68.7911,1628.6999999999998,13.4734,145.611
7823,39.7469,512.605,68.6434,1623.5699999999997,12.8967,145.614
9553,39.7714,515.488,68.9775,1624.13,12.9613,145.638
3019,40.1846,552.132,62.813,1631.17,13.7399,145.719
2793,44.9134,1077.17,74.6164,1725.7599999999998,23.9833,145.771
7058,44.4707,1024.86,87.5598,1715.67,23.0457,145.782
855,40.0497,541.418,65.998,1629.12,13.5187,145.915
7519,41.711,733.924,76.4932,1664.54,17.5954,145.919
3828,42.8372,863.395,80.2838,1686.9899999999998,20.1553,145.941
8677,44.879,1072.6,84.9619,1724.8600000000001,23.8997,145.958
7877,40.5093,578.502,71.398,1636.17,14.2807,145.992
7807,43.3301,910.97,91.1498,1695.23,21.024,146.016
6989,41.3518,669.505,71.1637,1653.08,16.1905,146.071
919,45.5326,1155.81,106.95,1741.83,25.3842,146.095
7781,44.5259,1031.05,101.231,1716.85,23.1563,146.124
2488,43.2782,905.722,89.8638,1694.3199999999997,20.9279,146.187
8924,43.2008,898.006,96.1999,1692.98,20.7868,146.215
3854,40.6965,594.673,75.2658,1639.2199999999998,14.6124,146.263
6776,43.5223,929.502,96.43,1698.46,21.3569,146.275
8246,39.7801,516.512,62.222,1624.33,12.9842,146.307
2273,40.1828,551.988,68.3768,1631.1399999999999,13.7369,146.388
6156,45.34,1133.08,102.358,1737.0699999999997,24.9908,146.395
2491,39.1666,456.009,61.5488,1612.35,11.6428,146.396
7872,43.4201,920.045,85.3634,1696.81,21.1894,146.414
1013,43.3456,912.55,84.303,1695.5,21.0529,146.44
9095,40.7721,601.326,69.8087,1640.4699999999998,14.7485,146.441
3869,43.1418,892.207,83.2684,1691.9699999999998,20.6808,146.484
7992,43.4509,922.856,98.0622,1697.2999999999997,21.2391,146.578
4039,40.2605,558.219,71.5206,1632.33,13.8652,146.635
1581,42.2256,800.82,75.7715,1676.1599999999999,18.9653,146.695
9781,43.3385,911.828,86.0934,1695.38,21.0397,146.73
9124,43.8235,959.39,116.113,1703.73,21.8921,146.787
6225,40.6313,588.967,68.3714,1638.15,14.4954,146.95
6149,43.4194,919.983,104.79,1696.7999999999997,21.1883,147.018
2027,41.7712,744.727,85.3248,1666.4299999999998,17.8287,147.032
9839,40.9219,614.669,71.2687,1642.9699999999998,15.0205,147.034
3605,40.6107,587.175,77.8942,1637.81,14.4586,147.055
4113,39.6004,494.931,67.9162,1620.1100000000001,12.4981,147.073
9097,43.6914,945.877,85.971,1701.33,21.649,147.08
7407,45.1984,1113.42,77.7092,1733.04,24.6342,147.098
827,40.5755,584.123,73.9442,1637.2399999999998,14.396,147.107
3031,43.1115,889.263,87.1728,1691.46,20.627,147.169
77,41.9238,763.113,85.053,1669.62,18.2024,147.219
8946,40.4573,574.222,65.0727,1635.37,14.1933,147.249
3534,39.7096,508.179,62.1298,1622.71,12.7974,147.251
8645,41.9382,764.85,75.9636,1669.92,18.2376,147.346
8117,39.8773,527.769,65.4922,1626.5,13.2348,147.37
715,42.3128,809.948,81.4949,1677.7399999999998,19.1419,147.378
6644,45.2776,1124.6,81.0715,1735.3199999999997,24.838,147.383
2629,43.6947,946.204,97.4583,1701.3899999999999,21.6549,147.405
5794,41.3084,662.653,83.1639,1651.83,16.0416,147.413
6205,42.8754,866.914,88.8803,1687.5899999999997,20.2194,147.428
745,44.7678,1058.52,93.8458,1722.1100000000001,23.6448,147.444
2658,43.8216,959.187,82.2552,1703.69,21.8885,147.445
5354,43.3826,916.337,81.0051,1696.1599999999999,21.1222,147.471
8599,39.7372,511.454,62.3442,1623.3399999999997,12.8709,147.499
8933,43.7696,953.793,82.4639,1702.73,21.7912,147.502
5772,45.0887,1098.96,103.287,1730.1100000000001,24.3734,147.502
6163,40.0623,542.412,61.3442,1629.31,13.5392,147.522
2925,39.7731,515.687,69.6871,1624.17,12.9657,147.531
9457,44.1187,988.83,75.3279,1709.0099999999998,22.4129,147.626
3899,42.867,866.139,84.1666,1687.46,20.2053,147.647
8485,42.3243,811.084,70.5312,1677.94,19.1635,147.657
270,40.5863,585.058,78.684,1637.4099999999999,14.4152,147.675
8021,43.5847,935.43,100.181,1699.4899999999998,21.4623,147.677
8156,43.1641,894.391,88.9938,1692.35,20.7207,147.72
6748,41.967,768.341,74.769,1670.5299999999997,18.3082,147.73
2884,43.369,914.936,90.3138,1695.92,21.0966,147.733
4538,45.6415,1169.97,127.83,1744.8600000000001,25.634,147.802
1181,45.6779,1174.98,110.256,1745.94,25.7232,147.857
529,44.1229,989.218,95.3038,1709.08,22.4196,147.898
8350,40.9871,620.535,63.4399,1644.06,15.1398,147.98
7826,43.5279,930.027,81.1145,1698.5499999999997,21.3662,147.992
3415,43.2132,899.237,82.5549,1693.19,20.8093,148.001
2069,41.6218,717.333,78.8008,1661.63,17.2346,148.038
8754,40.0099,538.282,67.2746,1628.52,13.4537,148.092
1785,41.5995,713.066,82.0676,1660.87,17.1412,148.097
583,40.2694,558.942,67.4281,1632.4699999999998,13.8801,148.144
4417,40.1498,549.353,78.0036,1630.6399999999999,13.6826,148.151
8027,40.192,552.724,61.0141,1631.2799999999997,13.7521,148.182
1797,39.7636,514.577,60.318,1623.9499999999998,12.9409,148.187
6829,42.5162,830.241,83.0046,1681.25,19.5277,148.194
6727,42.307,809.381,83.8421,1677.6399999999999,19.1312,148.25
6545,41.009,622.517,81.855,1644.4299999999998,15.18,148.268
2655,42.3776,816.342,77.891,1678.85,19.2635,148.289
2434,46.4475,1281.46,107.751,1770.4299999999998,27.5894,148.303
5548,42.3992,818.486,87.1091,1679.2199999999998,19.3043,148.312
9948,42.109,785.921,76.3799,1673.58,18.664,148.404
287,43.2441,902.312,93.7726,1693.73,20.8655,148.647
661,42.066,780.532,90.3518,1672.6399999999999,18.555,148.649
9179,43.1705,895.022,94.2215,1692.46,20.7322,148.652
6037,40.7828,602.272,75.638,1640.65,14.7678,148.678
1313,45.6524,1171.46,109.012,1745.1799999999998,25.6604,148.766
8719,45.3859,1138.27,85.5207,1738.15,25.0799,148.818
6324,40.1854,552.196,70.0163,1631.1799999999998,13.7412,148.989
9946,43.3081,908.734,102.08,1694.8399999999997,20.983,149.025
3896,43.2294,900.847,88.7866,1693.4699999999998,20.8387,149.054
6390,41.4912,691.378,91.4022,1657.02,16.6633,149.063
1995,41.8224,751.046,73.2126,1667.52,17.958,149.075
9231,42.2127,799.152,85.1575,1675.87,18.9316,149.079
1937,42.7612,855.673,89.8247,1685.65,20.0105,149.158
8855,39.7627,514.464,72.3083,1623.9299999999998,12.9384,149.217
9251,43.2775,905.651,79.7336,1694.31,20.9266,149.251
8571,42.0507,778.634,86.2308,1672.31,18.5166,149.292
2801,41.0974,630.551,74.3094,1645.92,15.3428,149.294
3557,39.8296,522.284,64.3842,1625.44,13.1129,149.322
8811,44.5567,1034.35,102.986,1717.4699999999998,23.2143,149.323
8521,42.8772,867.078,102.335,1687.62,20.2224,149.368
282,41.924,763.142,82.4438,1669.62,18.203,149.417
2040,46.494,1290.0,116.309,1772.52,27.7456,149.473
701,40.4804,576.126,70.1647,1635.73,14.2322,149.478
296,46.6913,1340.45,94.032,1785.25,28.7088,149.483
4288,39.2945,465.161,63.1322,1614.19,11.8378,149.504
5384,40.4418,572.955,62.0142,1635.13,14.1674,149.514
5802,45.1587,1108.06,87.0113,1731.9499999999998,24.5371,149.588
2818,41.3334,666.619,78.3542,1652.5499999999997,16.1279,149.597
2327,44.89,1074.04,98.3885,1725.15,23.926,149.644
4003,42.3072,809.408,83.5476,1677.65,19.1317,149.659
2153,44.8912,1074.2,104.317,1725.1799999999998,23.9289,149.725
8115,44.9096,1076.67,91.6992,1725.67,23.9741,149.738
5916,45.4985,1151.59,96.3458,1740.94,25.3104,149.795
5706,40.2841,560.125,76.8296,1632.69,13.9044,149.825
9041,43.1984,897.772,86.0932,1692.94,20.7825,149.855
8896,43.2249,900.398,78.9747,1693.3899999999999,20.8305,149.949
2300,41.9079,761.21,72.9156,1669.29,18.1639,150.058
9466,42.2835,807.089,74.628,1677.2399999999998,19.0875,150.064
2326,43.759,952.702,82.758,1702.54,21.7716,150.073
147,40.2213,555.067,69.5232,1631.73,13.8003,150.088
3826,45.7586,1184.73,85.2855,1748.06,25.8909,150.112
5862,46.4548,1282.77,112.628,1770.75,27.6133,150.169
8849,43.3933,917.442,85.8657,1696.35,21.1425,150.197
8816,43.1888,896.818,98.0921,1692.77,20.7651,150.198
9257,40.6224,588.194,65.198,1638.0,14.4796,150.213
5369,46.3665,1480.31,114.372,1820.6,31.9264,150.223
470,39.4566,476.952,65.9741,1616.5499999999997,12.088,150.256
9711,40.7812,602.138,73.3926,1640.62,14.7651,150.365
4335,40.3911,568.808,74.0746,1634.3399999999997,14.0825,150.372
6978,45.0743,1097.15,84.6986,1729.7399999999998,24.3408,150.375
9383,41.2201,648.302,70.0295,1649.1999999999998,15.7278,150.453
100,43.3833,916.411,90.1877,1696.17,21.1236,150.485
9808,43.2702,904.919,81.7089,1694.1799999999998,20.9132,150.51
8274,41.9834,770.347,78.2829,1670.87,18.3488,150.568
1695,43.6931,946.045,94.758,1701.3600000000001,21.652,150.589
9235,44.096,986.709,102.66,1708.63,22.3764,150.602
2356,41.1239,632.971,74.9484,1646.37,15.3918,150.605
1321,42.0633,780.199,83.5509,1672.58,18.5482,150.62
3379,39.5004,482.387,69.1143,1617.63,12.2122,150.64
3900,40.0185,538.965,68.5583,1628.65,13.4679,150.664
854,41.7013,732.147,80.82,1664.23,17.557,150.694
7108,43.3044,908.369,86.122,1694.7799999999997,20.9763,150.708
5009,46.6284,1320.75,110.413,1780.2199999999998,28.3251,150.717
8479,43.2088,898.8,124.84,1693.12,20.8013,150.729
7927,41.4646,686.741,72.7976,1656.19,16.5621,150.844
2677,45.9924,1213.96,92.4955,1754.56,26.3948,150.87
333,42.3939,817.961,79.2949,1679.13,19.2943,150.873
6540,41.8521,754.553,72.0969,1668.13,18.029,150.912
4684,39.8565,525.388,76.3163,1626.04,13.182,150.929
1655,42.9551,874.341,71.4548,1688.88,20.3547,150.959
5737,42.1016,784.992,84.0761,1673.4099999999999,18.6452,151.085
880,41.1939,643.917,83.7182,1648.4,15.6314,151.086
9125,40.6326,589.087,66.2754,1638.17,14.4979,151.165
3139,43.5897,935.914,92.8766,1699.58,21.471,151.192
8030,41.8407,753.204,92.6959,1667.9,18.0017,151.205
7490,43.9373,971.61,81.4048,1705.9099999999999,22.1136,151.207
2144,42.6135,840.211,78.7786,1682.98,19.717,151.224
9136,41.8477,754.027,80.6737,1668.04,18.0184,151.267
999,42.231,801.512,107.852,1676.2799999999997,18.9793,151.308
8993,40.4856,576.549,69.2591,1635.81,14.2408,151.338
363,44.7914,1061.42,93.5055,1722.6799999999998,23.697,151.537
2745,43.5324,930.448,111.19,1698.62,21.3737,151.55
9778,43.623,939.136,83.1266,1700.1399999999999,21.5284,151.556
7277,42.8901,868.272,97.4534,1687.83,20.2441,151.559
6158,45.07,1096.61,95.804,1729.63,24.3312,151.563
324,43.9508,973.106,119.515,1706.17,22.1408,151.581
8625,43.1507,893.079,81.2255,1692.12,20.6967,151.586
4809,40.0139,538.599,74.7367,1628.58,13.4603,151.644
7343,39.7552,513.581,70.1987,1623.7599999999998,12.9186,151.651
4013,40.9392,616.222,64.1008,1643.2599999999998,15.0521,151.697
5834,41.2141,647.303,80.5626,1649.02,15.7059,151.765
9619,44.433,1020.66,106.7,1714.8899999999999,22.9708,151.78
5466,43.2574,903.633,94.3966,1693.9499999999998,20.8897,151.786
1786,44.878,1072.46,86.067,1724.8399999999997,23.8972,151.863
3236,43.3071,908.637,75.6383,1694.8199999999997,20.9812,151.873
725,43.2116,899.071,95.732,1693.1599999999999,20.8063,151.913
3008,43.6798,944.722,86.3291,1701.13,21.6283,151.914
5705,40.9029,612.963,67.1893,1642.65,14.9858,151.925
7351,42.6527,844.274,75.3101,1683.6799999999998,19.7942,152.007
5788,40.7907,602.973,66.743,1640.7799999999997,14.7821,152.065
6509,45.5261,1154.99,122.746,1741.6599999999999,25.3698,152.066
5024,41.4094,678.394,72.7939,1654.6799999999998,16.3826,152.083
9439,44.5604,1034.75,93.8037,1717.5499999999997,23.2214,152.13
1825,44.1088,987.9,86.0632,1708.8399999999997,22.3969,152.232
35,43.6051,937.395,82.5062,1699.8399999999997,21.4974,152.245
400,40.6039,586.583,80.0597,1637.6999999999998,14.4465,152.309
3251,41.3739,672.933,83.3075,1653.6999999999998,16.2647,152.318
6734,44.9143,1077.3,94.3301,1725.79,23.9857,152.34
4042,40.4879,576.736,68.54,1635.8399999999997,14.2447,152.373
1053,46.0377,1220.28,98.0195,1755.9899999999998,26.506,152.393
7708,41.0285,624.278,77.7168,1644.7599999999998,15.2157,152.455
1505,40.487,576.661,66.8286,1635.83,14.2431,152.468
7590,42.7704,856.652,74.7938,1685.8199999999997,20.0291,152.504
3435,43.2724,905.144,121.985,1694.2199999999998,20.9173,152.51
5096,45.6146,1166.37,125.923,1744.0899999999997,25.5701,152.529
1199,40.0173,538.868,78.6754,1628.63,13.4659,152.549
2567,41.9093,761.372,92.2798,1669.3199999999997,18.1671,152.587
6190,45.0119,1089.44,117.163,1728.1999999999998,24.2034,152.614
4292,44.8307,1066.35,91.3616,1723.6399999999999,23.7861,152.615
2734,43.3338,911.345,97.9406,1695.29,21.0308,152.682
9545,42.9584,874.648,91.7,1688.9299999999998,20.3603,152.684
2305,45.7371,1182.26,131.076,1747.52,25.8491,152.699
6919,41.6133,715.708,76.2252,1661.3399999999997,17.199,152.708
9867,44.5742,1036.25,83.0131,1717.83,23.2478,152.735
3224,44.3782,1014.73,92.0322,1713.7799999999997,22.8655,152.748
1593,44.4483,1022.35,113.171,1715.1999999999998,23.0009,152.769
5809,41.8028,748.749,79.8405,1667.12,17.9115,152.78
9805,43.9326,971.1,78.8286,1705.81,22.1043,152.806
1918,44.6236,1041.71,96.384,1718.87,23.3444,152.866
8502,43.5041,927.794,94.7346,1698.1599999999999,21.3266,152.918
4054,43.3105,908.984,101.722,1694.88,20.9876,152.939
9935,43.7972,956.641,82.1123,1703.2399999999998,21.8425,152.953
9458,39.9599,534.365,70.6445,1627.77,13.3725,152.972
4493,45.3213,1131.02,97.1787,1736.6399999999999,24.9555,152.988
7425,41.0171,623.248,71.3091,1644.56,15.1948,153.082
8347,43.1489,892.905,81.5505,1692.0899999999997,20.6936,153.085
2281,43.2819,906.095,99.5092,1694.38,20.9347,153.105
9598,43.1299,891.048,81.8281,1691.77,20.6596,153.128
4995,41.3267,665.566,85.0908,1652.3600000000001,16.105,153.151
8565,43.2142,899.332,85.4787,1693.21,20.811,153.188
3401,42.8909,868.347,100.412,1687.8399999999997,20.2455,153.253
1729,43.223,900.203,85.5999,1693.3600000000001,20.827,153.262
4463,42.8037,860.194,89.2713,1686.4299999999998,20.0963,153.291
2757,43.2117,899.087,90.3694,1693.17,20.8066,153.327
6038,43.4298,920.928,74.5469,1696.96,21.205,153.357
6881,45.2565,1121.56,105.682,1734.6999999999998,24.7823,153.361
3687,45.3049,1128.62,102.822,1736.15,24.9117,153.409
7912,43.4093,919.06,97.9542,1696.63,21.172,153.43
1353,40.9703,619.021,72.9707,1643.7799999999997,15.109,153.482
8291,40.0851,544.22,66.0943,1629.6599999999999,13.5766,153.576
1260,45.2864,1125.89,116.906,1735.5899999999997,24.8615,153.595
7109,44.2248,999.024,85.8644,1710.87,22.5897,153.603
1432,43.3367,911.637,93.678,1695.3399999999997,21.0362,153.647
533,41.1499,636.389,68.3906,1647.0099999999998,15.4651,153.707
3045,42.6047,839.307,84.0742,1682.8199999999997,19.6998,153.71
7652,43.4489,922.673,100.609,1697.2599999999998,21.2358,153.714
9989,41.7284,737.064,80.0431,1665.0899999999997,17.6634,153.747
1218,41.9641,767.989,86.5741,1670.46,18.3011,153.753
6909,45.1094,1101.61,106.078,1730.6399999999999,24.4209,153.774
2089,43.8086,957.832,99.3285,1703.4499999999998,21.864,153.776
8298,39.8331,522.684,75.3372,1625.52,13.1219,153.795
5381,40.0065,538.019,61.2829,1628.4699999999998,13.4483,153.828
1030,44.3387,1010.57,98.4976,1713.0,22.7921,153.967
6580,43.2285,900.749,82.9007,1693.4499999999998,20.8369,153.989
6762,42.7825,857.93,74.4207,1686.04,20.0533,154.084
8017,41.6695,726.294,80.8078,1663.21,17.4299,154.131
83,42.8832,867.637,89.6068,1687.7199999999998,20.2326,154.146
9285,42.8136,861.245,76.8582,1686.6100000000001,20.1161,154.179
768,40.0418,540.792,68.0437,1629.0,13.5057,154.198
7574,42.2734,806.099,95.1308,1677.0699999999997,19.0687,154.214
1548,42.1742,794.203,94.2799,1675.0099999999998,18.8315,154.241
7880,42.3432,812.939,83.6403,1678.2599999999998,19.1988,154.297
8617,43.5247,929.724,87.081,1698.4899999999998,21.3608,154.316
2761,44.6497,1044.65,95.5057,1719.44,23.3965,154.379
4974,45.5092,1152.9,111.219,1741.2199999999998,25.3332,154.413
3915,40.5993,586.185,66.7183,1637.62,14.4383,154.422
3496,45.9476,1207.95,109.565,1753.1999999999998,26.2898,154.475
8690,39.8299,522.315,71.0245,1625.4499999999998,13.1136,154.541
1594,44.0444,981.961,107.197,1707.77,22.2948,154.654
577,42.9003,869.224,89.4983,1687.9899999999998,20.2615,154.673
6179,42.5935,838.148,84.9748,1682.62,19.6778,154.769
8383,44.5907,1038.07,88.6144,1718.1799999999998,23.2799,154.783
4218,41.1849,642.391,83.035,1648.1100000000001,15.5977,155.036
3058,40.3927,568.942,66.4115,1634.37,14.0852,155.046
2846,42.7083,850.082,89.7502,1684.69,19.9044,155.084
4619,43.2167,899.581,95.8163,1693.25,20.8156,155.089
4376,40.751,599.466,76.6052,1640.12,14.7105,155.136
6253,44.2578,1002.31,99.2475,1711.48,22.647,155.165
8981,41.3346,666.813,63.1027,1652.5899999999997,16.1321,155.195
2743,44.1408,990.912,113.63,1709.3899999999999,22.4489,155.207
9159,42.8065,860.493,91.129,1686.48,20.1019,155.261
428,40.5755,584.123,69.2528,1637.2399999999998,14.396,155.308
4487,39.7722,515.58,67.7998,1624.15,12.9633,155.344
6581,43.232,901.099,112.076,1693.52,20.8433,155.379
6432,41.9156,762.127,82.2918,1669.4499999999998,18.1824,155.383
4159,43.144,892.427,90.4011,1692.0099999999998,20.6848,155.394
9929,44.1618,992.908,109.807,1709.75,22.4834,155.405
3247,44.169,993.604,103.443,1709.88,22.4955,155.417
1795,42.4262,821.178,96.7217,1679.6799999999998,19.3554,155.443
6920,43.8826,965.659,88.4731,1704.8399999999997,22.0055,155.465
6533,42.1997,797.472,74.3945,1675.58,18.8976,155.473
1238,41.7388,738.939,87.2989,1665.42,17.7039,155.478
2599,44.4166,1018.87,123.083,1714.5499999999997,22.9389,155.487
5840,44.0311,980.756,88.1403,1707.5499999999997,22.2741,155.564
5264,39.939,532.731,65.4724,1627.46,13.3386,155.602
9069,43.0546,883.779,91.2748,1690.5099999999998,20.5269,155.626
8313,42.1907,796.314,84.0132,1675.38,18.8742,155.674
9726,41.7923,747.527,82.2031,1666.9099999999999,17.8867,155.68
8395,40.3995,569.495,67.6248,1634.4699999999998,14.0966,155.727
6192,43.157,893.694,90.6128,1692.23,20.708,155.746
1536,43.6323,940.041,97.559,1700.2999999999997,21.5446,155.752
1095,43.2053,898.454,91.7804,1693.06,20.795,155.818
6109,44.0195,979.7,89.9979,1707.3600000000001,22.2561,155.82
841,41.3388,667.465,72.7838,1652.6999999999998,16.1462,155.823
2307,45.4332,1143.75,101.175,1739.29,25.1743,155.833
7791,46.7377,1378.62,125.521,1795.1599999999999,29.4969,155.924
8202,41.3674,671.927,96.0907,1653.5099999999998,16.2429,155.928
2630,44.8957,1074.8,90.2312,1725.2999999999997,23.94,155.965
3355,42.1016,785.0,83.9162,1673.42,18.6454,155.983
2190,43.1473,892.746,94.9567,1692.0699999999997,20.6907,156.036
3020,45.1455,1106.31,104.755,1731.5899999999997,24.5056,156.057
4313,42.1695,793.595,85.1957,1674.9099999999999,18.8192,156.089
1489,45.5192,1154.14,106.59,1741.48,25.3549,156.157
1644,40.504,578.069,64.8143,1636.0899999999997,14.2719,156.186
7402,46.4962,1290.42,136.897,1772.63,27.7532,156.196
9129,40.5681,583.478,71.3677,1637.1100000000001,14.3827,156.225
1895,43.2746,905.36,88.0977,1694.25,20.9213,156.274
3986,41.7513,741.173,78.2977,1665.81,17.7521,156.28
2155,42.8295,862.697,99.9497,1686.87,20.1426,156.309
4051,44.8686,1071.23,106.005,1724.5899999999997,23.8748,156.357
374,46.6877,1339.23,113.887,1784.94,28.6849,156.361
4187,44.2864,1005.18,111.895,1712.0099999999998,22.6974,156.367
4449,40.783,602.296,77.1731,1640.65,14.7683,156.38
3756,45.3397,1133.06,104.104,1737.0699999999997,24.9904,156.476
667,40.4366,572.525,70.3557,1635.04,14.1586,156.479
9334,44.1944,996.052,90.6118,1710.33,22.538,156.497
7354,41.0188,623.4,67.9722,1644.5899999999997,15.1979,156.526
8004,43.2035,898.273,77.4542,1693.02,20.7917,156.571
3782,42.5751,836.261,83.1282,1682.2999999999997,19.642,156.657
7777,43.405,918.65,78.6472,1696.56,21.1646,156.673
9832,44.7115,1051.79,90.3678,1720.81,23.5239,156.682
7249,44.5897,1037.95,89.755,1718.1599999999999,23.2779,156.704
1616,43.6139,938.247,73.6395,1699.9899999999998,21.5126,156.719
859,43.2115,899.069,83.53,1693.1599999999999,20.8062,156.769
3106,45.7428,1182.92,103.56,1747.6599999999999,25.8602,156.784
4625,41.6864,729.423,90.9019,1663.75,17.4979,156.864
7515,41.4715,687.771,82.1722,1656.37,16.5842,156.912
399,39.7511,513.098,77.8119,1623.6599999999999,12.9078,156.965
7518,43.6602,942.777,102.727,1700.79,21.5935,156.984
6503,40.8909,611.892,73.1809,1642.4499999999998,14.964,157.003
834,41.6687,726.144,77.9339,1663.1799999999998,17.4266,157.016
7043,40.9529,617.455,82.1007,1643.4899999999998,15.0772,157.097
8015,43.8311,960.184,98.9176,1703.87,21.9065,157.135
297,42.2837,807.107,100.303,1677.25,19.0879,157.137
8907,41.5137,696.023,75.3475,1657.85,16.7661,157.142
8331,44.6298,1042.41,84.9489,1719.0099999999998,23.3567,157.145
2194,42.149,790.989,68.2167,1674.4499999999998,18.7665,157.207
9473,44.0549,982.921,109.305,1707.94,22.3112,157.287
1022,43.334,911.364,131.376,1695.2999999999997,21.0312,157.298
6505,40.6988,594.876,67.5007,1639.2599999999998,14.6165,157.349
6975,42.4739,825.966,100.261,1680.5099999999998,19.4464,157.357
5155,40.454,573.953,71.3513,1635.31,14.1878,157.365
4726,44.9542,1082.55,90.3555,1726.83,24.0813,157.487
6894,41.3531,669.707,77.9554,1653.1100000000001,16.1948,157.495
2774,45.7063,1178.8,104.897,1746.77,25.7907,157.584
9613,44.2619,1002.71,98.8998,1711.5499999999997,22.654,157.657
1590,44.4755,1025.4,94.2954,1715.7799999999997,23.0554,157.668
4660,44.276,1004.14,95.3699,1711.81,22.679,157.766
1093,46.1463,1234.78,76.9081,1759.33,26.7579,157.796
4456,43.3474,912.727,92.118,1695.5299999999997,21.0561,157.81
1870,45.0304,1091.7,104.699,1728.65,24.2436,157.862
94,40.611,587.201,74.3993,1637.8199999999997,14.4592,157.868
1535,44.2958,1006.14,109.739,1712.1799999999998,22.7142,157.887
4858,42.7817,857.844,96.4593,1686.0299999999997,20.0517,157.987
9139,43.2523,903.122,79.0598,1693.87,20.8803,158.0
9485,41.9348,764.445,95.609,1669.85,18.2294,158.138
4367,40.0746,543.382,79.663,1629.5,13.5593,158.15
1711,44.4668,1024.42,103.582,1715.5899999999997,23.0379,158.15
8276,44.4589,1023.54,100.064,1715.4299999999998,23.0221,158.162
9375,46.2167,1502.64,139.0,1825.6399999999999,32.5129,158.176
6621,42.1288,788.424,77.1809,1674.0099999999998,18.7146,158.176
6183,44.1101,988.019,86.2342,1708.8600000000001,22.3989,158.189
8355,41.6612,724.748,89.2689,1662.9299999999998,17.3963,158.198
3642,44.454,1022.98,124.911,1715.3199999999997,23.0122,158.216
3812,43.3027,908.194,91.0795,1694.75,20.9731,158.221
5945,41.9228,762.991,87.8193,1669.6,18.1999,158.295
1511,45.6308,1168.53,96.1219,1744.5499999999997,25.6085,158.381
6036,42.7378,853.199,102.996,1685.2199999999998,19.9636,158.417
3879,41.3658,671.689,83.812,1653.4699999999998,16.2378,158.472
4368,45.2733,1123.97,109.708,1735.19,24.8264,158.496
3786,43.4867,926.172,90.9916,1697.87,21.2978,158.654
9160,42.0558,779.264,69.3672,1672.42,18.5293,158.697
8514,40.6167,587.695,71.4084,1637.9099999999999,14.4693,158.797
2922,39.8695,526.874,65.944,1626.33,13.215,158.962
2393,42.0006,772.447,84.6576,1671.2399999999998,18.3913,159.008
5331,42.6912,848.293,75.4562,1684.38,19.8704,159.104
3301,40.7497,599.348,67.2709,1640.1,14.708,159.139
1046,43.7538,952.173,94.3107,1702.4499999999998,21.7621,159.139
1970,43.9204,969.763,92.6251,1705.58,22.08,159.19
7495,42.1543,791.659,90.7923,1674.5699999999997,18.78,159.282
7831,44.7221,1053.05,115.305,1721.0499999999997,23.5464,159.363
462,41.5225,697.81,84.9681,1658.17,16.8056,159.394
7886,39.6785,504.45,64.2125,1621.98,12.7134,159.463
7718,41.802,748.66,87.2382,1667.1100000000001,17.9097,159.697
1790,43.2526,903.156,86.3196,1693.87,20.881,159.697
2055,41.328,665.763,68.7896,1652.4,16.1092,159.76
3078,44.6218,1041.51,86.3594,1718.83,23.3408,159.765
7013,43.5585,932.925,100.052,1699.0499999999997,21.4177,159.773
3804,42.7681,856.403,87.9914,1685.7799999999997,20.0243,159.774
631,44.4734,1025.16,100.345,1715.73,23.0512,159.801
9554,44.9262,1078.91,75.7867,1726.1100000000001,24.0151,159.867
262,39.9426,533.017,77.721,1627.5099999999998,13.3446,159.868
1068,44.4071,1017.84,117.943,1714.3600000000001,22.9206,159.893
9675,46.2055,1504.61,141.614,1826.08,32.5635,159.926
8452,43.5717,934.185,92.3456,1699.2799999999997,21.4402,159.979
8800,43.3273,910.688,94.4884,1695.1799999999998,21.0188,160.052
4636,42.2812,806.863,100.191,1677.21,19.0833,160.088
9834,45.1084,1101.49,100.95,1730.62,24.4188,160.09
86,43.8321,960.295,84.8451,1703.8899999999999,21.9085,160.107
2952,40.863,609.4,67.7267,1641.98,14.9132,160.193
7357,42.4557,824.138,76.4585,1680.1999999999998,19.4117,160.196
6091,43.3353,911.493,88.3042,1695.3199999999997,21.0335,160.289
6723,39.9976,537.317,64.8922,1628.3399999999997,13.4337,160.42
590,44.9176,1077.74,93.4346,1725.88,23.9937,160.444
5200,42.8739,866.777,102.529,1687.5699999999997,20.2169,160.453
8003,41.077,628.686,72.3777,1645.58,15.3051,160.527
8094,43.8412,961.252,100.638,1704.06,21.9258,160.546
71,43.5875,935.698,115.285,1699.54,21.4671,160.617
5121,43.4347,921.375,81.9339,1697.04,21.2129,160.633
500,45.0226,1090.74,95.0261,1728.46,24.2266,160.671
5397,43.3238,910.324,82.7851,1695.12,21.0121,160.679
1004,42.2304,801.44,88.9065,1676.27,18.9778,160.7
2347,44.6131,1040.54,98.2287,1718.65,23.3237,160.722
8638,44.0599,983.372,96.2834,1708.02,22.319,160.733
1390,42.2252,800.763,75.6648,1676.15,18.9641,160.755
6185,42.3192,810.581,86.2557,1677.85,19.154,160.781
6692,43.5578,932.856,92.0815,1699.04,21.4165,160.792
4259,43.1442,892.442,87.9471,1692.0099999999998,20.6851,160.847
1591,42.024,775.328,99.9674,1671.7399999999998,18.4497,160.859
7803,43.5054,927.915,117.12,1698.1799999999998,21.3287,160.89
8240,43.7975,956.669,80.324,1703.2399999999998,21.843,161.033
9816,41.8594,755.412,75.56,1668.2799999999997,18.0464,161.047
6294,44.0368,981.267,92.1722,1707.6399999999999,22.2829,161.119
9248,40.7191,596.654,69.1435,1639.5899999999997,14.6529,161.187
998,41.531,699.531,100.383,1658.4699999999998,16.8436,161.188
7314,42.4863,827.213,99.1856,1680.73,19.4701,161.215
3491,46.5842,1308.77,106.197,1777.19,28.0947,161.217
319,43.8858,966.005,114.211,1704.9,22.0118,161.226
1602,42.0599,779.774,91.8886,1672.5099999999998,18.5396,161.304
2848,44.4447,1021.95,116.435,1715.13,22.9938,161.337
4173,43.7446,951.239,106.385,1702.2799999999997,21.7453,161.339
2487,43.3903,917.126,91.8195,1696.2999999999997,21.1367,161.348
2191,43.6365,940.452,82.2677,1700.38,21.5519,161.393
5297,44.1329,990.166,103.69,1709.25,22.436,161.401
8338,42.1966,797.069,78.8271,1675.5099999999998,18.8894,161.579
4653,43.2893,906.842,101.562,1694.5099999999998,20.9484,161.596
7443,45.1296,1104.23,104.252,1731.17,24.4679,161.688
1573,43.2693,904.828,79.7072,1694.1599999999999,20.9116,161.713
7369,44.6246,1041.83,101.896,1718.9,23.3465,161.721
5474,44.8429,1067.91,137.264,1723.94,23.8144,161.731
3226,41.0223,623.723,93.2117,1644.65,15.2045,161.775
553,43.4364,921.528,94.7467,1697.06,21.2156,161.801
5421,43.4807,925.614,82.088,1697.7799999999997,21.2879,161.803
1502,42.8797,867.309,96.6746,1687.6599999999999,20.2266,161.813
8520,42.8904,868.303,74.8012,1687.83,20.2447,161.993
1195,40.2933,560.871,76.4505,1632.83,13.9197,162.007
3034,44.3448,1011.2,124.514,1713.12,22.8032,162.01
9637,40.0382,540.51,71.1422,1628.9499999999998,13.4999,162.023
403,41.3281,665.788,87.8653,1652.4,16.1098,162.035
8830,46.5769,1306.89,106.189,1776.7199999999998,28.0589,162.072
4123,41.2597,654.813,73.9177,1650.4,15.8705,162.098
6865,43.3991,918.032,86.5868,1696.46,21.1533,162.17
9994,45.425,1142.79,99.5624,1739.0899999999997,25.1578,162.17
6550,43.219,899.807,87.1715,1693.29,20.8197,162.19
5776,40.6426,589.954,73.4955,1638.33,14.5157,162.21
1426,42.8088,860.745,80.4674,1686.5299999999997,20.1067,162.221
1955,44.9087,1076.55,92.935,1725.6399999999999,23.9719,162.272
576,42.3234,810.992,87.0834,1677.92,19.1618,162.278
2892,43.8434,961.48,92.8592,1704.1,21.9299,162.358
3659,43.2538,903.278,100.76,1693.8899999999999,20.8832,162.373
9679,46.0441,1221.2,98.7297,1756.21,26.5224,162.382
8883,44.5766,1036.51,104.675,1717.88,23.2524,162.507
2309,42.7854,858.241,99.7366,1686.1,20.0592,162.513
5866,43.4675,924.392,80.7248,1697.56,21.2663,162.524
387,43.1863,896.572,113.803,1692.73,20.7606,162.602
7138,43.2057,898.493,102.2,1693.06,20.7957,162.674
5753,44.7324,1054.26,101.486,1721.29,23.5682,162.712
1220,43.9254,970.31,97.2588,1705.67,22.0899,162.719
6266,43.8107,958.051,94.0302,1703.4899999999998,21.868,162.759
9685,42.8698,866.393,113.191,1687.5,20.2099,162.773
6096,42.7817,857.851,75.7733,1686.0299999999997,20.0518,162.802
198,39.7313,510.763,73.4295,1623.21,12.8554,162.811
3306,44.5013,1028.34,104.05,1716.33,23.108,162.915
4429,43.9358,971.446,102.855,1705.88,22.1106,162.941
9388,42.2423,802.99,94.2761,1676.5299999999997,19.0091,162.945
8822,44.6027,1039.38,105.457,1718.4299999999998,23.3031,162.954
9571,40.0859,544.281,73.8781,1629.67,13.5779,162.974
4222,40.2717,559.126,72.0337,1632.5,13.8838,162.982
2833,44.0406,981.611,91.6505,1707.6999999999998,22.2888,163.006
5464,42.7431,853.757,103.779,1685.3199999999997,19.9741,163.024
4717,39.9886,536.613,74.8247,1628.1999999999998,13.4192,163.072
6996,46.2855,1491.54,142.149,1823.17,32.2248,163.163
2107,41.3834,674.413,74.2888,1653.96,16.2967,163.209
7784,43.1753,895.495,115.062,1692.54,20.7409,163.217
9331,42.2598,804.783,91.9646,1676.85,19.0437,163.244
5732,44.8677,1071.11,90.9156,1724.5699999999997,23.8726,163.262
3944,42.1285,788.39,79.7987,1674.0,18.7139,163.272
3393,44.7439,1055.64,96.9614,1721.56,23.593,163.355
3290,45.3089,1129.23,109.335,1736.2799999999997,24.9228,163.368
3335,44.3698,1013.84,112.967,1713.6100000000001,22.8498,163.402
7430,43.6076,937.634,104.93,1699.88,21.5016,163.441
4465,45.5783,1161.61,102.475,1743.0699999999997,25.486,163.446
9869,42.2993,808.633,98.5516,1677.5099999999998,19.1169,163.478
8415,43.5435,931.5,88.718,1698.81,21.3924,163.655
2810,39.6604,502.266,85.5799,1621.5499999999997,12.6642,163.66
4019,46.1129,1230.31,104.321,1758.2999999999997,26.6803,163.669
5075,46.5118,1293.43,110.828,1773.37,27.8085,163.679
1342,43.7815,955.017,87.4958,1702.9499999999998,21.8133,163.68
4666,44.8697,1071.37,93.7502,1724.62,23.8774,163.687
1421,42.6183,840.71,92.012,1683.06,19.7265,163.71
7066,44.8895,1073.98,83.6478,1725.1399999999999,23.925,163.815
3628,44.4067,1017.79,85.0237,1714.35,22.9198,163.845
2878,43.0996,888.105,78.9077,1691.2599999999998,20.6059,163.96
7258,44.4517,1022.73,92.6606,1715.27,23.0077,163.979
3846,45.6133,1166.2,105.863,1744.0499999999997,25.5671,164.099
7556,43.2097,898.887,104.251,1693.13,20.8029,164.127
3873,45.8975,1201.48,122.589,1751.7599999999998,26.1775,164.16
675,44.8765,1072.26,117.728,1724.7999999999997,23.8937,164.162
469,40.1887,552.457,68.2388,1631.23,13.7466,164.165
6535,43.5738,934.38,99.5215,1699.31,21.4436,164.185
9936,45.2469,1120.19,107.367,1734.42,24.7573,164.193
3974,43.0951,887.675,99.2447,1691.19,20.598,164.207
1164,45.5439,1157.23,116.245,1742.1399999999999,25.4091,164.277
2370,41.285,658.917,79.2576,1651.15,15.9602,164.338
501,45.9192,1204.25,118.124,1752.38,26.2255,164.44
7660,43.8717,964.497,87.4852,1704.6399999999999,21.9845,164.461
6248,41.6307,719.017,81.3438,1661.9299999999998,17.2713,164.523
8131,44.8481,1068.57,104.617,1724.0699999999997,23.8265,164.526
6514,43.8641,963.68,84.2976,1704.4899999999998,21.9697,164.532
3992,44.4431,1021.77,122.69,1715.0899999999997,22.9906,164.567
2430,42.752,854.694,93.9086,1685.48,19.9919,164.581
2246,44.8918,1074.28,84.6135,1725.19,23.9304,164.596
8317,43.494,926.851,103.948,1697.9899999999998,21.3099,164.605
7921,44.5481,1033.43,109.894,1717.2999999999997,23.1981,164.635
5963,43.3358,911.554,97.8689,1695.33,21.0346,164.715
3483,45.5973,1164.09,95.3796,1743.6,25.5297,164.733
7457,44.6909,1049.39,90.9797,1720.35,23.481,164.802
4789,43.3733,915.38,106.445,1696.0,21.1047,164.803
4724,40.5777,584.312,70.864,1637.27,14.3998,164.803
3947,43.4112,919.231,109.937,1696.6599999999999,21.175,164.836
912,43.2558,903.478,101.236,1693.9299999999998,20.8869,164.955
5736,43.2847,906.379,108.613,1694.4299999999998,20.9399,164.992
6275,44.8976,1075.05,97.1196,1725.35,23.9445,165.041
3970,42.8958,868.806,86.977,1687.92,20.2539,165.048
5953,43.1888,896.825,102.324,1692.77,20.7652,165.105
7868,44.5788,1036.76,126.138,1717.9299999999998,23.2568,165.106
3946,41.3152,663.738,87.7473,1652.0299999999997,16.0652,165.135
3039,43.461,923.79,111.18,1697.46,21.2556,165.172
4251,44.4741,1025.24,113.433,1715.75,23.0526,165.246
4211,41.6867,729.468,88.2244,1663.7599999999998,17.4988,165.256
4474,44.5896,1037.94,103.247,1718.15,23.2777,165.322
2927,43.3337,911.339,114.822,1695.29,21.0307,165.418
8107,42.0074,773.284,85.3173,1671.38,18.4083,165.419
4403,43.1944,897.377,103.959,1692.87,20.7753,165.425
6875,40.2828,560.023,83.1651,1632.67,13.9023,165.425
6674,43.8933,966.815,102.149,1705.0499999999997,22.0265,165.438
2320,41.7213,735.788,80.5968,1664.87,17.6358,165.488
8113,41.303,661.79,88.2222,1651.67,16.0228,165.489
7166,42.6302,841.935,111.672,1683.2799999999997,19.7498,165.546
9799,43.4768,925.25,95.919,1697.71,21.2815,165.623
899,44.0962,986.725,108.428,1708.63,22.3766,165.682
3273,43.7349,950.252,111.412,1702.1100000000001,21.7275,165.712
9614,40.6742,592.718,83.5927,1638.85,14.5723,165.801
8669,44.6343,1042.91,113.49,1719.1,23.3657,165.808
4983,44.0003,977.977,85.5829,1707.0499999999997,22.2266,165.898
3325,42.2756,806.319,86.2033,1677.1100000000001,19.0729,165.913
9739,45.2415,1119.42,97.7163,1734.2599999999998,24.7432,165.926
6370,45.6135,1166.22,111.279,1744.0499999999997,25.5674,166.028
5937,45.5193,1154.14,87.2208,1741.48,25.355,166.084
1618,40.5977,586.045,79.2964,1637.6,14.4354,166.098
2610,42.1734,794.097,97.327,1674.9899999999998,18.8294,166.105
4541,40.3319,563.996,77.1921,1633.4299999999998,13.9838,166.144
6263,40.0111,538.383,79.2913,1628.54,13.4558,166.194
9643,44.8768,1072.3,106.063,1724.7999999999997,23.8943,166.203
6019,40.1556,549.817,82.5863,1630.73,13.6922,166.21
613,39.9225,531.447,68.4548,1627.21,13.312,166.318
3918,44.9559,1082.76,107.432,1726.87,24.0849,166.403
3043,45.5878,1162.84,128.161,1743.33,25.5078,166.434
2756,45.1331,1104.69,114.302,1731.2599999999998,24.4764,166.456
1015,43.9125,968.9,112.805,1705.42,22.0643,166.476
7707,43.3576,913.77,97.7185,1695.7199999999998,21.0752,166.547
4923,44.6806,1048.19,109.787,1720.12,23.4596,166.562
105,41.6683,726.083,82.8521,1663.17,17.4253,166.69
9828,44.2184,998.4,98.4424,1710.7599999999998,22.5788,166.696
1160,44.3804,1014.97,103.338,1713.8199999999997,22.8697,166.699
2471,42.922,871.24,92.6999,1688.3399999999997,20.2982,166.72
4973,43.9966,977.647,100.914,1706.9899999999998,22.221,166.726
9529,44.7491,1056.26,106.663,1721.67,23.604,166.726
1558,45.9292,1205.55,120.986,1752.67,26.2479,166.748
4014,44.3929,1016.3,114.056,1714.0699999999997,22.8933,166.795
8702,44.9093,1076.62,91.052,1725.6599999999999,23.9733,166.809
3509,46.7147,1354.06,100.921,1788.7799999999997,28.9857,166.824
7907,46.5457,1453.79,151.783,1814.29,31.2336,166.825
2749,43.8358,960.682,95.0063,1703.96,21.9155,166.83
3443,45.5635,1159.71,95.45,1742.6599999999999,25.4527,166.843
4607,45.9666,1210.47,132.617,1753.77,26.3337,166.853
5278,43.7578,952.576,93.0386,1702.52,21.7693,166.898
9959,44.0428,981.818,104.754,1707.7399999999998,22.2923,166.965
8861,44.838,1067.27,96.8984,1723.8199999999997,23.8029,167.037
885,43.7285,949.601,107.715,1701.9899999999998,21.7158,167.101
7944,45.6987,1177.92,115.101,1746.58,25.7759,167.143
5783,40.5076,578.359,81.6653,1636.15,14.2778,167.186
6480,42.2415,802.877,100.427,1676.5099999999998,19.0069,167.223
7169,42.9344,872.399,101.771,1688.54,20.3193,167.394
8149,43.3489,912.887,87.881,1695.56,21.0591,167.417
1363,41.9916,771.35,85.5102,1671.0499999999997,18.3691,167.5
5821,43.8119,958.175,103.32,1703.5099999999998,21.8702,167.523
3753,45.5017,1151.98,125.119,1741.0299999999997,25.3173,167.556
3963,43.7751,954.359,106.183,1702.83,21.8014,167.617
3972,41.7344,738.159,79.1738,1665.2799999999997,17.687,167.669
4851,44.5766,1036.51,122.503,1717.88,23.2524,167.717
7173,43.3649,914.525,103.495,1695.85,21.089,167.762
4032,43.6529,942.055,111.228,1700.6599999999999,21.5806,167.81
1917,45.989,1213.49,92.7226,1754.4499999999998,26.3865,167.872
2956,41.7353,738.31,82.0965,1665.31,17.6903,167.908
7699,43.2459,902.485,97.6337,1693.7599999999998,20.8687,167.928
6635,44.1015,987.215,102.731,1708.7199999999998,22.3851,167.937
2755,43.499,927.311,96.38,1698.0699999999997,21.318,167.955
6142,44.7543,1056.89,108.249,1721.7999999999997,23.6154,168.034
408,42.7904,858.771,112.223,1686.19,20.0693,168.042
9760,43.8429,961.431,97.5809,1704.0899999999997,21.929,168.047
5283,43.2721,905.106,101.901,1694.21,20.9166,168.272
12,43.2541,903.302,108.343,1693.9,20.8836,168.278
5785,41.9489,766.144,79.6561,1670.1399999999999,18.2638,168.351
9558,43.4724,924.841,80.9682,1697.6399999999999,21.2742,168.394
8034,42.8867,867.957,99.2695,1687.77,20.2384,168.42
3821,43.3686,914.901,107.203,1695.9099999999999,21.0959,168.432
2398,44.4311,1020.46,109.985,1714.85,22.9671,168.517
2953,43.615,938.354,98.9633,1700.0099999999998,21.5145,168.518
6965,41.2408,651.723,88.8203,1649.83,15.8029,168.538
3814,45.9793,1212.17,88.9638,1754.1599999999999,26.3635,168.547
6141,45.6585,1172.3,133.605,1745.3600000000001,25.6754,168.623
7306,43.3289,910.843,103.158,1695.21,21.0216,168.68
5189,42.3392,812.542,81.2956,1678.19,19.1913,168.69
4697,40.2258,555.434,83.5614,1631.7999999999997,13.8079,168.746
4382,45.2631,1122.51,103.875,1734.8899999999999,24.7996,168.831
6721,44.7886,1061.08,121.952,1722.6100000000001,23.6908,168.835
4657,43.9697,975.206,112.002,1706.5499999999997,22.179,168.843
619,42.8791,867.254,93.689,1687.65,20.2256,168.902
5437,46.6328,1322.02,118.362,1780.54,28.3496,168.915
7401,42.8965,868.863,100.496,1687.9299999999998,20.2549,168.956
696,42.9099,870.113,108.354,1688.15,20.2777,169.068
4513,46.7042,1407.1,150.77,1802.5499999999997,30.128,169.174
9779,44.8684,1071.2,99.9037,1724.5899999999997,23.8743,169.239
8604,44.9972,1087.67,116.291,1727.85,24.1719,169.292
6280,41.3355,666.943,79.7876,1652.6100000000001,16.1349,169.345
3399,45.1528,1107.28,106.173,1731.79,24.523,169.419
1817,43.2253,900.439,98.1628,1693.4,20.8313,169.425
7019,43.3337,911.336,106.286,1695.29,21.0306,169.485
3461,41.5124,695.751,86.0296,1657.7999999999997,16.7601,169.5
3536,41.9844,770.471,82.1344,1670.9,18.3513,169.556
2549,44.5086,1029.18,109.812,1716.4899999999998,23.1231,169.625
4157,46.0097,1216.34,113.401,1755.1,26.4367,169.651
188,46.7066,1405.37,105.401,1802.1100000000001,30.0894,169.798
2970,46.2221,1501.69,115.563,1825.4299999999998,32.4886,169.825
7914,43.8765,965.007,85.9257,1704.73,21.9937,169.952
1380,44.8873,1073.69,123.186,1725.08,23.9197,169.959
2596,41.3778,673.543,80.1808,1653.81,16.2779,169.976
7059,42.042,777.552,69.9156,1672.12,18.4947,170.109
5145,44.1165,988.617,81.7136,1708.9699999999998,22.4093,170.168
7396,44.1022,987.281,101.024,1708.73,22.3862,170.21
7371,42.7548,854.996,72.9691,1685.5299999999997,19.9976,170.211
7521,43.1385,891.89,97.7464,1691.92,20.675,170.232
1665,43.6742,944.167,107.716,1701.0299999999997,21.6184,170.235
2977,43.2547,903.362,83.8572,1693.9099999999999,20.8847,170.269
2634,46.218,1244.8,101.429,1761.67,26.9332,170.293
4699,46.3292,1485.28,134.554,1821.7399999999998,32.0593,170.398
2189,41.9326,764.173,79.1478,1669.7999999999997,18.2239,170.441
3205,43.2176,899.672,109.541,1693.27,20.8173,170.505
8590,45.1051,1101.06,112.888,1730.5299999999997,24.4111,170.539
979,44.0378,981.355,92.8062,1707.6599999999999,22.2844,170.555
5067,44.6304,1042.47,105.876,1719.02,23.3579,170.56
3071,40.7995,603.755,84.4447,1640.9299999999998,14.7981,170.568
5608,41.3175,664.097,67.7125,1652.0899999999997,16.073,170.642
8938,44.9006,1075.45,94.5738,1725.4299999999998,23.9519,170.751
1292,45.8601,1196.82,125.119,1750.7199999999998,26.0971,170.753
8665,46.5903,1442.46,134.647,1811.5,30.9605,170.764
3229,44.9185,1077.87,110.026,1725.9,23.9961,170.796
2094,43.284,906.301,92.79,1694.42,20.9385,170.84
4586,44.6123,1040.45,105.811,1718.63,23.3221,170.868
3713,44.0849,985.673,114.968,1708.44,22.3585,170.915
4874,43.9448,972.44,106.217,1706.0499999999997,22.1287,170.985
9694,44.6556,1045.32,85.289,1719.5699999999997,23.4086,171.02
1996,46.1095,1229.85,122.471,1758.19,26.6724,171.091
567,42.8395,863.606,105.621,1687.02,20.1591,171.103
7969,43.2533,903.226,92.0757,1693.88,20.8822,171.15
8786,43.2765,905.552,86.966,1694.29,20.9248,171.153
1385,43.2088,898.797,88.5126,1693.12,20.8013,171.213
6757,43.2796,905.865,93.0467,1694.3399999999997,20.9305,171.235
4381,45.0644,1095.91,98.7077,1729.5,24.3188,171.306
7594,43.7103,947.76,103.543,1701.6599999999999,21.6828,171.307
4909,44.0897,986.125,93.1448,1708.52,22.3663,171.363
9190,44.6213,1041.45,112.672,1718.8199999999997,23.3397,171.375
3286,43.2018,898.105,123.693,1693.0,20.7886,171.418
7543,45.4598,1146.91,118.176,1739.96,25.2291,171.455
2867,40.6155,587.593,78.1936,1637.8899999999999,14.4672,171.483
2460,43.1791,895.869,100.944,1692.6100000000001,20.7477,171.495
4345,42.9409,873.004,81.7814,1688.65,20.3304,171.54
816,43.4639,924.059,89.7491,1697.5099999999998,21.2604,171.594
5177,43.6828,945.021,79.7369,1701.1799999999998,21.6337,171.602
8836,44.4277,1020.08,97.9179,1714.7799999999997,22.9604,171.611
9689,45.5605,1159.33,92.0763,1742.58,25.4459,171.639
1335,41.2244,649.01,96.3921,1649.33,15.7434,171.647
8926,44.4557,1023.17,96.2938,1715.3600000000001,23.0156,171.754
2493,42.851,864.663,91.915,1687.21,20.1784,171.759
541,46.4911,1289.46,105.702,1772.3899999999999,27.7357,171.872
2338,44.8524,1069.13,88.3411,1724.1799999999998,23.8366,171.897
7415,45.6713,1174.06,99.8969,1745.7399999999998,25.7068,171.984
165,45.1902,1112.3,97.5909,1732.81,24.6138,172.086
4470,43.9999,977.946,106.043,1707.04,22.2261,172.118
1256,44.8808,1072.82,92.5618,1724.9099999999999,23.9038,172.132
6737,43.6825,944.983,82.7892,1701.17,21.633,172.162
8268,40.4041,569.866,76.5512,1634.54,14.1042,172.202
1464,44.8878,1073.76,103.091,1725.0899999999997,23.9209,172.215
9669,44.4473,1022.24,120.355,1715.1799999999998,22.9989,172.225
8718,44.8329,1066.63,119.805,1723.69,23.7913,172.27
2950,45.365,1135.9,121.208,1737.6599999999999,25.0391,172.271
3206,43.3844,916.521,114.94,1696.19,21.1256,172.284
6308,43.2592,903.816,104.361,1693.9899999999998,20.893,172.31
5724,44.854,1069.34,103.165,1724.2199999999998,23.8404,172.312
7976,42.2634,805.131,83.1641,1676.9099999999999,19.0503,172.325
8608,44.6452,1044.15,99.9635,1719.3399999999997,23.3876,172.38
2199,44.4871,1026.71,102.731,1716.02,23.0788,172.415
7985,40.751,599.469,84.1289,1640.12,14.7105,172.525
2847,45.4891,1150.44,106.672,1740.6999999999998,25.2905,172.542
7259,44.8846,1073.32,109.014,1725.0099999999998,23.913,172.547
6522,45.2911,1126.58,126.952,1735.73,24.8743,172.588
8256,43.3021,908.131,87.2269,1694.7399999999998,20.972,172.694
2949,43.3316,911.118,116.197,1695.25,21.0267,172.706
4419,39.9639,534.678,79.8568,1627.83,13.379,172.713
9088,44.6466,1044.3,103.902,1719.37,23.3903,172.849
9595,44.4134,1018.52,89.9183,1714.4899999999998,22.9328,172.85
5429,43.3307,911.028,92.2666,1695.2399999999998,21.025,172.86
4747,42.0867,783.125,93.6782,1673.0899999999997,18.6074,172.88
3634,42.0996,784.74,103.862,1673.37,18.6401,172.886
8683,46.257,1250.52,108.575,1763.0099999999998,27.0342,173.086
1394,43.3439,912.377,104.611,1695.4699999999998,21.0497,173.147
4369,42.4644,825.009,92.5895,1680.35,19.4283,173.179
5099,43.3075,908.679,98.1736,1694.83,20.982,173.335
3957,41.9552,766.908,79.5636,1670.2799999999997,18.2792,173.388
7456,44.2505,1001.58,89.5723,1711.3399999999997,22.6343,173.402
6832,42.9513,873.982,83.3615,1688.8199999999997,20.3482,173.454
2462,42.6284,841.75,85.1096,1683.2399999999998,19.7462,173.475
653,46.1695,1237.96,108.861,1760.0699999999997,26.8134,173.513
211,43.3651,914.539,116.872,1695.85,21.0893,173.68
1322,43.2731,905.21,92.9006,1694.23,20.9185,173.694
286,44.9402,1080.83,122.088,1726.4899999999998,24.0504,173.695
2572,44.04,981.558,122.842,1707.69,22.2879,173.7
5400,45.7988,1189.42,123.599,1749.0899999999997,25.9706,173.706
3790,42.3193,810.593,101.838,1677.85,19.1542,173.735
5224,41.3808,674.012,85.2341,1653.8899999999999,16.288,173.75
5236,44.8713,1071.59,100.955,1724.6599999999999,23.8813,173.848
2866,43.3735,915.397,88.0556,1696.0,21.105,173.867
3574,41.6319,719.243,81.1447,1661.9699999999998,17.2763,173.892
6159,44.3602,1012.82,111.405,1713.42,22.8317,173.897
4622,43.73,949.757,81.3046,1702.02,21.7186,173.916
4805,45.2786,1124.74,111.508,1735.35,24.8405,173.989
3759,45.0126,1089.53,102.061,1728.2199999999998,24.2049,173.997
4844,42.3603,814.629,82.5477,1678.5499999999997,19.2309,174.109
5360,46.6855,1422.56,127.759,1806.5099999999998,30.471,174.2
8167,41.4667,687.061,86.1439,1656.2399999999998,16.569,174.237
9436,42.223,800.488,93.2867,1676.1,18.9586,174.337
4501,44.2071,997.294,83.8852,1710.56,22.5596,174.357
3438,44.4263,1019.93,105.548,1714.75,22.9578,174.421
6722,43.1631,894.293,116.84,1692.33,20.7189,174.449
3170,46.2364,1499.27,120.997,1824.9,32.4262,174.459
9328,42.3668,815.272,85.0632,1678.6599999999999,19.2432,174.487
8572,39.9125,530.668,71.9249,1627.06,13.2958,174.497
2108,46.2582,1250.69,111.959,1763.0499999999997,27.0372,174.517
1359,42.743,853.743,99.4789,1685.3199999999997,19.9739,174.545
1463,43.5768,934.668,107.738,1699.3600000000001,21.4488,174.568
8873,43.2944,907.354,101.208,1694.6,20.9578,174.962
8001,46.7415,1384.55,135.256,1796.71,29.6213,174.98
1252,41.1283,633.369,92.1049,1646.4499999999998,15.3998,175.109
1778,46.1575,1236.3,107.418,1759.6799999999998,26.7845,175.223
5972,45.2026,1114.0,105.635,1733.15,24.6446,175.261
8681,45.4569,1146.56,111.147,1739.88,25.223,175.366
2270,44.6547,1045.22,109.288,1719.5499999999997,23.4067,175.393
5447,46.6214,1318.77,113.036,1779.71,28.2869,175.438
1999,44.5297,1031.46,119.331,1716.92,23.1633,175.47
4558,43.2664,904.537,96.4485,1694.1100000000001,20.9062,175.483
144,44.9094,1076.63,105.3,1725.6599999999999,23.9734,175.509
6962,45.6508,1171.24,110.825,1745.13,25.6565,175.52
9193,43.6511,941.877,130.656,1700.63,21.5774,175.652
6329,40.4767,575.818,68.6772,1635.67,14.2259,175.752
6335,43.9144,969.104,98.5294,1705.46,22.068,175.757
3728,46.652,1327.72,114.457,1781.9899999999998,28.4601,175.873
9662,43.3533,913.33,114.071,1695.6399999999999,21.0672,175.924
3830,43.2196,899.869,100.547,1693.2999999999997,20.8209,175.995
7095,46.2258,1245.93,138.239,1761.9299999999998,26.9531,176.005
2351,44.2692,1003.44,113.602,1711.69,22.6669,176.05
5683,45.3963,1139.46,109.87,1738.4,25.1003,176.149
9927,44.4513,1022.68,95.2713,1715.27,23.0068,176.163
2222,44.7685,1058.61,118.872,1722.13,23.6464,176.192
8741,44.8817,1072.95,118.243,1724.9299999999998,23.9061,176.195
1770,46.3078,1488.28,103.722,1822.4299999999998,32.1389,176.244
5359,44.0886,986.02,97.3348,1708.5,22.3645,176.284
2986,44.3578,1012.57,106.245,1713.38,22.8274,176.381
7623,40.5889,585.287,73.272,1637.46,14.4199,176.447
4414,44.3397,1010.67,94.4976,1713.02,22.7937,176.57
6180,44.0846,985.652,92.7851,1708.4299999999998,22.3582,176.639
1347,44.3962,1016.66,99.3056,1714.1399999999999,22.8998,176.782
9049,42.6697,846.043,89.6843,1683.9899999999998,19.8277,176.834
4864,46.4117,1275.24,108.362,1768.92,27.4766,176.846
5258,44.8913,1074.22,131.598,1725.1799999999998,23.9293,176.908
7093,41.6235,717.657,87.4551,1661.69,17.2416,176.936
7885,45.8393,1194.28,117.942,1750.1599999999999,26.0535,176.997
2019,43.7315,949.909,88.6718,1702.04,21.7214,177.012
4055,43.3371,911.679,93.4253,1695.35,21.0369,177.033
8870,43.8434,961.487,100.855,1704.1,21.93,177.046
5624,45.2267,1117.34,95.6892,1733.83,24.7054,177.072
7039,41.2275,649.531,81.106,1649.4299999999998,15.7548,177.078
4691,44.0872,985.886,99.2908,1708.48,22.3622,177.115
5691,44.6007,1039.17,96.0918,1718.3899999999999,23.2994,177.172
5253,44.7023,1050.71,106.499,1720.6,23.5046,177.174
1128,45.3748,1137.0,107.217,1737.8899999999999,25.058,177.185
6791,39.9594,534.324,74.2219,1627.7599999999998,13.3717,177.211
1382,45.4873,1150.22,116.879,1740.65,25.2866,177.252
4437,40.6852,593.678,75.6333,1639.0299999999997,14.592,177.388
8449,42.6019,839.019,95.7736,1682.77,19.6944,177.456
8126,43.927,970.482,97.1908,1705.6999999999998,22.0931,177.477
5685,44.6643,1046.31,112.006,1719.7599999999998,23.4261,177.488
6425,44.0748,984.744,101.195,1708.27,22.3426,177.52
6790,44.9643,1083.75,124.508,1727.0699999999997,24.1024,177.623
1197,45.6809,1175.4,127.943,1746.0299999999997,25.7307,177.628
6088,43.3164,909.576,105.878,1694.9899999999998,20.9984,177.637
3690,44.9011,1075.52,92.7441,1725.44,23.9531,177.717
2537,44.2576,1002.29,95.9351,1711.4699999999998,22.6466,177.742
6391,42.3165,810.313,79.4079,1677.7999999999997,19.1489,177.767
9305,42.2147,799.406,88.5018,1675.9099999999999,18.9367,177.839
5813,43.4821,925.745,113.602,1697.7999999999997,21.2902,177.888
3791,42.5963,838.436,87.3419,1682.67,19.6833,177.939
2466,42.7274,852.096,89.1424,1685.0299999999997,19.9426,178.008
4305,42.1746,794.247,89.3682,1675.02,18.8324,178.091
8556,43.9454,972.503,98.814,1706.0699999999997,22.1298,178.193
2795,46.1854,1240.17,122.995,1760.58,26.852,178.275
1001,46.7413,1384.67,137.343,1796.7399999999998,29.6241,178.283
9872,44.0155,979.343,100.285,1707.29,22.25,178.326
9407,45.2493,1120.53,121.081,1734.4899999999998,24.7635,178.432
5324,43.9452,972.477,101.687,1706.06,22.1293,178.452
7329,42.7508,854.566,93.3553,1685.46,19.9895,178.511
3488,42.7649,856.064,96.3926,1685.7199999999998,20.0179,178.519
965,45.644,1170.32,98.3548,1744.9299999999998,25.6402,178.542
5675,41.9563,767.039,92.9839,1670.2999999999997,18.2819,178.555
7372,46.2141,1244.24,95.6566,1761.5299999999997,26.9234,178.583
8019,46.0964,1228.13,134.498,1757.79,26.6426,178.59
8961,41.9579,767.244,80.6896,1670.3399999999997,18.286,178.59
185,45.6331,1168.85,148.247,1744.62,25.614,178.649
4209,44.5814,1037.04,116.567,1717.98,23.2618,178.651
7304,46.2094,1503.92,146.424,1825.9299999999998,32.5458,178.685
1521,43.2671,904.613,95.2153,1694.12,20.9076,178.72
1096,46.1926,1506.98,139.835,1826.6,32.6239,178.829
1329,42.8845,867.757,80.5596,1687.7399999999998,20.2347,178.92
6463,42.2265,800.937,97.9978,1676.1799999999998,18.9676,178.953
9277,45.8314,1193.31,98.94,1749.94,26.0371,178.956
4898,44.7408,1055.27,105.433,1721.48,23.5863,178.973
638,43.1436,892.382,90.0777,1692.0,20.684,178.979
2659,42.8975,868.959,91.7067,1687.9499999999998,20.2566,179.001
1409,43.5141,928.73,104.502,1698.3199999999997,21.3432,179.014
5781,45.4881,1150.32,119.929,1740.67,25.2883,179.068
4994,43.1457,892.591,87.6272,1692.04,20.6878,179.111
8885,45.8508,1195.67,123.042,1750.4699999999998,26.0775,179.115
3561,44.1531,992.084,100.153,1709.6,22.4692,179.121
3997,42.893,868.543,108.877,1687.88,20.2491,179.153
322,44.053,982.742,115.365,1707.9099999999999,22.3082,179.191
7843,43.9987,977.837,93.3571,1707.02,22.2242,179.329
5860,44.6173,1041.0,121.549,1718.7399999999998,23.3318,179.385
3558,45.7866,1187.98,116.378,1748.77,25.946,179.389
6715,41.6156,716.153,88.3775,1661.42,17.2088,179.404
5767,46.7133,1400.84,130.864,1800.94,29.9881,179.472
5995,46.0207,1217.88,114.644,1755.4499999999998,26.4637,179.487
4365,41.0497,626.208,77.6992,1645.12,15.2549,179.694
8384,45.7937,1188.82,119.955,1748.96,25.9604,179.698
5152,46.6488,1429.86,126.769,1808.3600000000001,30.6516,179.803
1670,45.3263,1131.57,114.264,1736.7599999999998,24.9649,179.863
7806,41.3496,669.157,85.1861,1653.0099999999998,16.1829,179.909
3700,44.8355,1066.96,109.242,1723.7599999999998,23.7971,179.932
5479,44.2738,1003.91,102.224,1711.77,22.6751,179.94
7795,45.3441,1133.54,118.154,1737.17,24.9987,179.947
1430,44.6672,1046.65,91.8022,1719.8199999999997,23.4322,180.003
2484,41.7162,734.872,87.9778,1664.71,17.616,180.037
4533,43.2568,903.575,97.1051,1693.94,20.8886,180.052
8982,45.8846,1199.86,104.183,1751.4,26.1495,180.063
3796,44.3131,1007.91,85.9001,1712.5099999999998,22.7452,180.212
1601,43.1512,893.125,107.301,1692.13,20.6976,180.266
4307,44.8751,1072.07,122.974,1724.7599999999998,23.8902,180.511
758,46.0836,1226.46,133.01,1757.4099999999999,26.6138,180.532
6187,44.5878,1037.75,95.0116,1718.12,23.2742,180.566
2780,42.8134,861.224,94.0769,1686.6100000000001,20.1157,180.609
6236,43.3966,917.783,85.248,1696.4099999999999,21.1487,180.622
6207,41.2956,660.621,82.0529,1651.46,15.9974,180.641
3738,42.6503,844.023,85.9617,1683.6399999999999,19.7894,180.712
7934,44.1991,996.515,94.9478,1710.4099999999999,22.546,180.754
6132,44.324,1009.04,93.7622,1712.7199999999998,22.7651,180.813
544,46.4988,1464.89,125.83,1816.9699999999998,31.5037,180.818
7832,43.5103,928.373,93.0564,1698.2599999999998,21.3369,180.857
5619,45.9533,1208.7,115.081,1753.37,26.3029,180.92
9579,43.7007,946.805,111.881,1701.5,21.6657,180.978
5591,45.0036,1088.43,114.617,1728.0,24.1855,180.988
2887,43.9125,968.899,119.807,1705.42,22.0643,181.008
4598,45.0761,1097.38,113.548,1729.79,24.345,181.218
2104,42.6555,844.569,83.5337,1683.73,19.7998,181.282
6005,40.3025,561.608,77.7273,1632.9699999999998,13.9348,181.406
7542,43.1532,893.321,111.395,1692.17,20.7012,181.408
4121,44.3219,1008.82,96.5752,1712.6799999999998,22.7613,181.427
1271,46.7319,1371.96,137.863,1793.4299999999998,29.3581,181.439
1473,42.7318,852.562,93.2021,1685.1100000000001,19.9515,181.442
7322,43.2536,903.256,88.941,1693.8899999999999,20.8828,181.497
1266,43.9559,973.665,97.3463,1706.27,22.151,181.527
9587,44.6953,1049.89,128.417,1720.44,23.49,181.534
6651,43.6881,945.54,89.1519,1701.27,21.643,181.552
2636,45.5301,1155.49,85.7087,1741.77,25.3785,181.583
1268,45.5231,1154.62,107.875,1741.58,25.3633,181.66
4692,44.1289,989.784,97.6428,1709.1799999999998,22.4294,181.703
4216,40.1654,550.595,73.0428,1630.88,13.7082,181.729
3697,44.317,1008.31,110.515,1712.58,22.7523,181.742
3868,45.1596,1108.19,111.115,1731.9699999999998,24.5394,181.79
2157,43.7435,951.12,109.07,1702.2599999999998,21.7431,181.801
6921,43.8252,959.56,113.661,1703.7599999999998,21.8952,181.861
4122,43.9216,969.887,125.328,1705.6,22.0822,181.984
7022,43.2065,898.569,115.295,1693.08,20.7971,181.987
8367,46.0845,1226.58,97.367,1757.44,26.6159,182.003
9626,42.9251,871.529,104.757,1688.3899999999999,20.3035,182.009
466,41.913,761.81,85.7809,1669.3899999999999,18.176,182.037
42,42.9832,876.982,89.7888,1689.3399999999997,20.4029,182.081
5252,42.9213,871.171,102.912,1688.33,20.2969,182.102
281,42.907,869.841,95.4419,1688.1,20.2727,182.11
6652,44.3821,1015.15,108.227,1713.85,22.8729,182.136
4176,42.7249,851.835,113.784,1684.9899999999998,19.9377,182.219
238,44.9674,1084.12,106.23,1727.1399999999999,24.1089,182.228
2674,45.659,1172.37,98.0147,1745.37,25.6766,182.295
6232,42.0309,776.177,109.148,1671.8899999999999,18.4668,182.31
7681,45.9759,1211.71,129.727,1754.0499999999997,26.3554,182.359
6915,42.2701,805.779,90.0543,1677.02,19.0626,182.369
523,44.8662,1070.91,148.937,1724.5299999999997,23.869,182.372
5021,45.2157,1115.81,134.823,1733.52,24.6774,182.459
4757,45.3618,1135.53,118.917,1737.58,25.0328,182.463
4395,42.1836,795.404,84.5565,1675.2199999999998,18.8558,182.536
6453,45.3814,1137.76,113.477,1738.04,25.0711,182.568
8281,43.767,953.519,104.927,1702.6799999999998,21.7863,182.598
5068,46.5453,1300.12,103.569,1775.0299999999997,27.9325,182.642
7790,46.3297,1261.76,120.134,1765.6799999999998,27.2344,182.649
1661,43.5598,933.043,123.784,1699.08,21.4198,182.669
7850,44.6596,1045.77,106.975,1719.65,23.4166,182.715
9271,46.6536,1428.9,112.288,1808.1100000000001,30.6278,182.779
28,46.4341,1279.11,122.253,1769.8600000000001,27.5467,182.868
6217,46.625,1319.79,142.107,1779.9699999999998,28.3065,182.998
4791,46.092,1227.56,113.455,1757.6599999999999,26.6328,183.101
8758,44.0835,985.543,100.806,1708.4099999999999,22.3563,183.104
7648,42.8153,861.393,109.97,1686.6399999999999,20.1188,183.126
6366,44.4291,1020.24,116.124,1714.81,22.9633,183.183
9052,46.6201,1318.4,114.535,1779.62,28.2797,183.212
6423,41.8791,757.759,94.6085,1668.69,18.094,183.217
250,44.2296,999.502,92.14,1710.96,22.598,183.563
5564,45.8844,1199.84,143.416,1751.3899999999999,26.1492,183.584
1115,41.9197,762.625,82.2431,1669.5299999999997,18.1925,183.675
6990,46.6506,1327.27,142.573,1781.87,28.4514,183.696
8375,46.4176,1276.24,138.865,1769.1599999999999,27.4948,183.7
6643,42.1464,790.656,89.4772,1674.4,18.7598,183.746
8152,44.9247,1078.71,94.2808,1726.0699999999997,24.0115,183.771
6905,45.1972,1113.27,118.082,1733.0,24.6313,183.844
4732,44.1546,992.227,118.304,1709.63,22.4716,183.872
5967,42.8889,868.165,92.3576,1687.81,20.2422,183.909
5681,44.8844,1073.3,92.2052,1725.0,23.9126,183.933
3911,43.2547,903.368,88.9217,1693.9099999999999,20.8848,183.941
9155,44.7829,1060.38,126.825,1722.4699999999998,23.6782,183.992
674,43.2078,898.698,108.187,1693.1,20.7995,184.133
2543,43.2585,903.746,105.191,1693.9699999999998,20.8918,184.138
1054,42.8248,862.259,105.194,1686.79,20.1346,184.157
9397,44.6472,1044.36,111.195,1719.38,23.3915,184.199
2389,45.2645,1122.7,112.75,1734.9299999999998,24.8031,184.223
8052,46.7305,1370.39,149.328,1793.02,29.3255,184.294
6922,44.8645,1070.69,103.187,1724.4899999999998,23.8649,184.339
6705,44.5097,1029.3,100.314,1716.5099999999998,23.1253,184.343
1506,44.0007,978.018,120.007,1707.06,22.2273,184.367
1866,44.4382,1021.24,110.827,1714.9899999999998,22.9811,184.448
7815,44.5678,1035.56,120.16,1717.6999999999998,23.2356,184.47
9130,43.6221,939.043,108.095,1700.13,21.5268,184.473
1276,45.2854,1125.75,128.172,1735.56,24.859,184.683
5338,45.6651,1173.2,97.726,1745.56,25.6915,184.694
3305,42.9477,873.642,98.1683,1688.7599999999998,20.342,184.747
1476,42.9843,877.086,87.8774,1689.35,20.4048,184.747
1851,44.593,1038.32,101.878,1718.23,23.2843,184.876
6123,43.2411,902.005,122.457,1693.67,20.8599,184.922
2410,44.3646,1013.29,96.774,1713.5099999999998,22.8401,184.989
320,44.4578,1023.41,92.23,1715.4,23.0199,184.994
1530,45.6227,1167.45,113.465,1744.3199999999997,25.5892,185.039
6655,41.6754,727.394,79.249,1663.4,17.4538,185.108
1952,44.702,1050.68,124.624,1720.6,23.5041,185.127
1662,46.0714,1224.89,125.057,1757.0499999999997,26.5867,185.132
5799,45.6122,1166.05,126.286,1744.02,25.5644,185.16
2209,45.6295,1168.36,108.69,1744.5099999999998,25.6053,185.192
3384,42.8249,862.274,88.305,1686.79,20.1349,185.287
9374,43.1573,893.725,107.564,1692.2399999999998,20.7086,185.416
1657,45.3884,1138.55,108.715,1738.21,25.0847,185.432
8778,46.4199,1276.64,131.027,1769.2599999999998,27.502,185.469
6772,44.6151,1040.76,118.07,1718.69,23.3275,185.515
4891,43.8638,963.655,104.418,1704.4899999999998,21.9692,185.746
3336,42.8367,863.354,84.1721,1686.98,20.1545,185.765
4883,40.4024,569.728,80.8466,1634.5099999999998,14.1013,185.877
7739,44.9107,1076.81,95.8549,1725.69,23.9766,186.064
9261,42.4615,824.722,98.0593,1680.2999999999997,19.4228,186.119
9589,40.6638,591.812,83.7832,1638.6799999999998,14.5538,186.182
3708,43.2851,906.416,110.857,1694.44,20.9406,186.215
325,45.59,1163.13,99.8078,1743.3899999999999,25.5128,186.228
3276,43.2502,902.914,108.544,1693.83,20.8765,186.23
7697,46.432,1278.74,119.289,1769.77,27.5401,186.245
4915,43.2579,903.683,110.157,1693.96,20.8906,186.248
1350,43.1638,894.366,97.9523,1692.35,20.7203,186.26
5132,44.9145,1077.33,92.9103,1725.7999999999997,23.9862,186.292
3927,44.5042,1028.66,111.678,1716.3899999999999,23.1138,186.332
4053,45.2394,1119.12,117.141,1734.1999999999998,24.7377,186.458
2671,43.2008,898.01,110.639,1692.98,20.7869,186.556
237,42.8563,865.15,103.203,1687.29,20.1872,186.616
6817,43.268,904.703,101.845,1694.1399999999999,20.9093,186.63
1888,43.7429,951.058,84.5928,1702.25,21.742,186.7
7778,43.7675,953.573,95.4384,1702.69,21.7872,186.706
7597,46.4693,1285.4,124.791,1771.3899999999999,27.6613,186.764
1138,43.5749,934.485,93.8528,1699.33,21.4455,186.784
4411,46.0072,1216.0,147.239,1755.02,26.4306,186.826
60,46.225,1501.2,122.879,1825.33,32.476,186.997
9920,44.6245,1041.82,109.907,1718.8899999999999,23.3463,187.086
2835,44.6612,1045.96,110.923,1719.69,23.4199,187.23
2934,44.6178,1041.06,97.4933,1718.75,23.3329,187.328
1073,43.4694,924.563,86.1704,1697.5899999999997,21.2693,187.332
8478,42.7741,857.039,87.4738,1685.8899999999999,20.0364,187.351
9360,44.414,1018.59,108.348,1714.5,22.9339,187.352
2391,46.2259,1501.04,149.258,1825.29,32.4718,187.357
6238,43.283,906.208,108.732,1694.4,20.9368,187.487
1077,44.6187,1041.16,109.612,1718.77,23.3347,187.499
4680,43.2306,900.967,83.2628,1693.4899999999998,20.8409,187.514
3714,43.3458,912.566,98.7288,1695.5099999999998,21.0532,187.534
2010,43.1763,895.588,94.0984,1692.56,20.7426,187.571
3669,44.2282,999.364,88.3254,1710.9299999999998,22.5956,187.616
3968,44.287,1005.25,114.554,1712.02,22.6985,187.65
2160,44.5015,1028.36,117.817,1716.3399999999997,23.1084,187.684
4200,43.2096,898.873,91.3779,1693.13,20.8026,187.862
7341,44.0183,979.598,102.618,1707.3399999999997,22.2543,187.864
6834,42.431,821.656,89.0344,1679.77,19.3645,187.877
5947,45.2371,1118.8,108.729,1734.13,24.7318,187.921
1300,43.4712,924.735,82.6413,1697.62,21.2723,188.016
9366,44.2476,1001.28,116.476,1711.29,22.6291,188.049
9492,43.7556,952.352,85.9291,1702.48,21.7653,188.067
5822,44.5917,1038.17,107.959,1718.1999999999998,23.2818,188.077
3283,42.0925,783.847,98.5059,1673.2199999999998,18.622,188.103
9191,44.9029,1075.77,102.754,1725.4899999999998,23.9577,188.109
6199,46.2302,1246.57,133.318,1762.08,26.9645,188.119
1561,40.5816,584.649,85.3998,1637.33,14.4068,188.173
7813,42.4087,819.428,109.142,1679.38,19.3222,188.254
5094,45.2799,1124.94,120.422,1735.3899999999999,24.8441,188.284
360,46.4643,1284.49,119.945,1771.17,27.6447,188.307
4582,46.6344,1322.48,120.862,1780.65,28.3584,188.326
6416,44.8332,1066.66,104.737,1723.6999999999998,23.7918,188.351
3543,44.8096,1063.69,116.388,1723.12,23.738,188.373
5210,43.9785,976.041,99.1491,1706.6999999999998,22.1936,188.403
2526,45.6417,1170.0,107.656,1744.87,25.6345,188.498
2613,39.9603,534.402,75.2364,1627.7799999999997,13.3733,188.513
3277,45.9862,1213.11,139.721,1754.37,26.3799,188.537
6311,42.9948,878.076,93.3069,1689.5299999999997,20.4229,188.563
4880,42.8331,863.021,89.2366,1686.92,20.1485,188.574
2299,43.2382,901.719,102.551,1693.62,20.8547,188.691
4140,46.7343,1388.38,124.367,1797.71,29.708,188.722
2260,44.8722,1071.7,111.504,1724.69,23.8834,188.789
8537,46.5328,1297.59,106.695,1774.4,27.8854,188.814
8277,44.2175,998.308,101.113,1710.7399999999998,22.5772,188.918
5147,43.3277,910.722,105.641,1695.19,21.0194,188.965
4069,46.7005,1409.81,138.31,1803.25,30.1882,189.053
5529,45.4327,1143.7,107.735,1739.2799999999997,25.1735,189.107
4700,44.5761,1036.46,101.414,1717.87,23.2515,189.154
4934,46.3824,1478.3,150.964,1820.13,31.872,189.166
4867,42.8185,861.691,100.001,1686.69,20.1243,189.221
6315,45.0087,1089.06,111.623,1728.12,24.1966,189.228
4115,43.9265,970.422,102.153,1705.69,22.092,189.385
2392,45.6809,1175.41,104.289,1746.0299999999997,25.7309,189.395
4015,44.8916,1074.25,102.806,1725.19,23.9299,189.441
3778,45.3348,1132.51,102.634,1736.9499999999998,24.9809,189.546
6028,43.9485,972.852,93.7436,1706.13,22.1362,189.546
3136,45.6794,1175.2,104.872,1745.9899999999998,25.7272,189.548
7668,42.2873,807.455,97.5692,1677.31,19.0945,189.567
6916,45.3393,1133.01,118.336,1737.06,24.9896,189.59
9999,46.4735,1286.18,141.346,1771.58,27.6755,189.708
2723,46.595,1311.57,128.325,1777.9,28.1484,189.746
7348,39.8743,527.427,78.4573,1626.44,13.2272,189.774
246,43.3066,908.581,95.1795,1694.81,20.9802,189.78
2563,43.2033,898.258,91.7766,1693.02,20.7914,189.794
131,44.8553,1069.5,115.586,1724.2599999999998,23.8434,189.878
732,43.2012,898.047,108.981,1692.9899999999998,20.7875,190.013
6724,45.6696,1173.83,104.798,1745.69,25.7026,190.051
623,45.5772,1161.47,124.61,1743.04,25.4836,190.145
4760,45.8058,1190.25,131.617,1749.27,25.9848,190.174
1490,45.7796,1187.17,125.266,1748.5899999999997,25.9322,190.178
8196,44.0242,980.131,91.4037,1707.44,22.2634,190.229
8400,46.6267,1320.27,96.5547,1780.0899999999997,28.3157,190.311
7955,42.134,789.08,84.6094,1674.12,18.7279,190.337
224,43.3033,908.256,114.601,1694.7599999999998,20.9743,190.351
8423,43.5578,932.859,100.715,1699.04,21.4166,190.464
1338,43.9167,969.351,97.1316,1705.5,22.0725,190.505
6648,43.2436,902.258,87.0291,1693.7199999999998,20.8645,190.568
9649,46.294,1490.27,151.161,1822.88,32.1914,190.601
249,44.9255,1078.82,96.1213,1726.0899999999997,24.0135,190.626
5642,44.0171,979.486,123.65,1707.3199999999997,22.2524,190.707
4754,46.4186,1276.42,123.646,1769.1999999999998,27.498,190.725
3015,46.6053,1314.33,116.974,1778.5899999999997,28.2014,190.737
2145,41.9266,763.45,101.3,1669.6799999999998,18.2092,190.894
9765,44.8313,1066.43,113.077,1723.65,23.7876,190.907
7116,44.5969,1038.74,89.9256,1718.31,23.2918,190.995
2930,46.5687,1305.04,134.036,1776.2599999999998,28.0241,191.066
2097,44.0132,979.137,102.021,1707.2599999999998,22.2464,191.237
9250,45.2219,1116.68,115.043,1733.6999999999998,24.6932,191.244
9585,45.3211,1130.99,97.1925,1736.6399999999999,24.955,191.306
1956,44.9226,1078.42,126.076,1726.0099999999998,24.0062,191.435
217,44.6259,1041.96,97.1611,1718.92,23.3489,191.47
8723,41.6799,728.232,92.1181,1663.5499999999997,17.472,191.502
202,44.7084,1051.43,125.209,1720.7399999999998,23.5175,191.505
1841,44.8812,1072.88,100.648,1724.92,23.9049,191.533
4936,43.8861,966.042,98.8951,1704.9099999999999,22.0125,191.534
2575,43.2226,900.17,101.341,1693.35,20.8264,191.549
9715,43.652,941.967,104.089,1700.6399999999999,21.579,191.571
2936,43.2212,900.03,102.555,1693.33,20.8238,191.706
1571,44.9005,1075.44,99.5732,1725.42,23.9516,191.766
3331,43.0467,883.019,94.7684,1690.38,20.513,191.774
1906,44.4484,1022.36,101.915,1715.21,23.0011,191.825
3570,45.4663,1147.69,123.665,1740.12,25.2426,191.92
4623,44.8901,1074.06,113.499,1725.15,23.9264,191.93
4037,44.1289,989.786,98.9631,1709.1799999999998,22.4294,191.975
1343,43.9276,970.543,94.4069,1705.7199999999998,22.0942,192.107
6618,44.3067,1007.26,133.314,1712.3899999999999,22.7338,192.143
4082,46.1895,1240.75,133.461,1760.7199999999998,26.8621,192.288
7334,46.5246,1295.94,106.132,1773.9899999999998,27.855,192.318
5371,43.6231,939.146,107.065,1700.15,21.5286,192.358
7330,46.3022,1257.41,118.459,1764.6399999999999,27.1566,192.359
7474,43.169,894.875,101.81,1692.44,20.7296,192.407
2110,46.6751,1334.99,122.553,1783.85,28.6017,192.415
4300,44.9037,1075.87,100.918,1725.5099999999998,23.9595,192.419
670,43.2205,899.955,92.8633,1693.3199999999997,20.8224,192.469
9908,42.8743,866.811,98.1967,1687.58,20.2175,192.478
6437,45.8514,1195.74,117.325,1750.48,26.0787,192.498
9212,43.1956,897.491,113.283,1692.8899999999999,20.7774,192.562
3364,43.6418,940.969,96.7999,1700.4699999999998,21.5612,192.584
2660,42.5828,837.049,91.8631,1682.4299999999998,19.657,192.609
9887,45.8027,1189.88,120.372,1749.19,25.9783,192.693
7741,46.5449,1454.01,122.95,1814.3399999999997,31.239,192.896
9559,43.8246,959.506,91.0921,1703.75,21.8942,193.005
2531,43.2939,907.306,114.298,1694.5899999999997,20.9569,193.033
6822,42.0872,783.186,81.4799,1673.1,18.6086,193.113
8227,46.2116,1503.53,124.336,1825.8399999999997,32.5358,193.306
6711,43.9202,969.742,94.1689,1705.5699999999997,22.0796,193.359
7120,45.5985,1164.24,99.4802,1743.63,25.5325,193.362
3260,43.2768,905.578,102.554,1694.29,20.9253,193.396
5991,44.9482,1081.86,117.422,1726.69,24.0689,193.4
4118,42.1832,795.358,96.8061,1675.21,18.8548,193.47
9204,45.2766,1124.46,115.962,1735.29,24.8354,193.62
7602,45.5416,1156.93,126.399,1742.0699999999997,25.4038,193.644
5173,43.2316,901.058,103.763,1693.5099999999998,20.8426,193.678
8695,43.3022,908.145,107.654,1694.7399999999998,20.9722,193.759
6357,43.6712,943.863,107.096,1700.98,21.6129,193.771
9012,45.2577,1121.73,109.544,1734.73,24.7854,193.792
9024,46.7124,1401.44,154.019,1801.0899999999997,30.0015,193.864
6449,44.4876,1026.77,122.657,1716.0299999999997,23.0798,193.926
305,43.3489,912.879,104.63,1695.56,21.0589,194.017
4939,45.2584,1121.82,119.634,1734.75,24.7871,194.106
9515,44.2242,998.971,124.931,1710.8600000000001,22.5888,194.221
2168,44.8772,1072.36,123.873,1724.8199999999997,23.8954,194.222
6767,42.8675,866.188,101.401,1687.4699999999998,20.2062,194.295
4342,46.7253,1364.79,139.132,1791.5699999999997,29.2089,194.325
9273,43.243,902.198,104.167,1693.71,20.8634,194.356
3032,45.5104,1153.04,101.621,1741.25,25.3358,194.381
3012,44.9039,1075.9,97.9444,1725.5099999999998,23.96,194.469
2183,41.7493,740.822,96.5822,1665.75,17.7445,194.572
2627,44.3911,1016.11,142.872,1714.04,22.89,194.591
6004,44.6285,1042.26,112.859,1718.98,23.3541,194.658
4917,45.6298,1168.4,126.215,1744.52,25.6061,194.685
27,43.6239,939.223,100.762,1700.1599999999999,21.53,194.703
4482,44.105,987.542,115.532,1708.7799999999997,22.3907,194.787
5692,44.8881,1073.79,101.322,1725.1,23.9216,194.808
6299,43.0598,884.27,121.85,1690.6,20.5359,194.851
1792,42.0078,773.33,103.025,1671.3899999999999,18.4092,194.895
295,42.2885,807.579,103.337,1677.33,19.0969,194.929
5184,43.3059,908.509,118.508,1694.7999999999997,20.9789,194.958
7638,44.172,993.89,108.597,1709.9299999999998,22.5005,194.964
1750,44.6769,1047.77,89.6251,1720.04,23.4521,194.986
2602,46.5335,1297.71,110.453,1774.4299999999998,27.8878,195.033
6013,46.4443,1280.89,168.539,1770.29,27.5791,195.038
4786,46.3672,1267.84,124.202,1767.13,27.3436,195.052
2597,45.6772,1174.89,86.1919,1745.92,25.7215,195.154
6678,43.2023,898.152,108.473,1693.0,20.7895,195.182
3692,43.7989,956.818,90.9963,1703.27,21.8457,195.297
7172,44.5414,1032.71,101.558,1717.1599999999999,23.1854,195.365
7465,44.889,1073.91,126.889,1725.12,23.9238,195.39
4438,44.3487,1011.61,105.106,1713.1999999999998,22.8103,195.406
5717,46.707,1405.1,113.432,1802.0299999999997,30.0832,195.424
9580,46.2143,1244.27,122.534,1761.54,26.924,195.436
1298,45.5243,1154.77,118.606,1741.6100000000001,25.3659,195.483
7510,45.8036,1189.99,142.034,1749.21,25.9803,195.522
3295,44.2735,1003.88,114.414,1711.77,22.6746,195.529
3249,46.409,1274.77,149.188,1768.81,27.4682,195.537
3357,45.9134,1203.5,97.91,1752.21,26.2125,195.579
7828,44.3563,1012.41,110.729,1713.3399999999997,22.8245,195.584
9855,46.5947,1311.51,119.182,1777.88,28.1472,195.585
1911,40.8102,604.7,78.9116,1641.1,14.8174,195.614
3486,46.7137,1400.61,127.014,1800.88,29.9829,195.638
9597,45.604,1164.97,118.177,1743.79,25.5453,195.799
9203,44.9086,1076.53,120.238,1725.6399999999999,23.9716,195.803
8651,44.9235,1078.55,135.018,1726.04,24.0085,195.841
8480,44.0994,987.024,102.865,1708.6799999999998,22.3818,195.853
882,45.288,1126.13,123.528,1735.6399999999999,24.866,195.928
7442,46.6762,1424.58,131.076,1807.02,30.5205,196.154
9561,46.7267,1392.63,142.268,1798.81,29.8038,196.177
7728,45.6855,1176.05,122.792,1746.17,25.7423,196.199
6144,41.9295,763.805,94.9807,1669.7399999999998,18.2164,196.228
5640,42.86,865.49,89.0879,1687.35,20.1934,196.289
6854,44.2751,1004.04,105.095,1711.7999999999997,22.6774,196.316
9664,45.2129,1115.42,123.569,1733.44,24.6705,196.323
6740,43.278,905.698,86.3526,1694.31,20.9275,196.332
6495,45.0491,1093.99,127.81,1729.1100000000001,24.2845,196.38
9080,43.6763,944.371,115.218,1701.0699999999997,21.622,196.418
7010,46.0601,1223.44,110.752,1756.7199999999998,26.5618,196.49
9564,43.9073,968.329,106.654,1705.3199999999997,22.054,196.494
3666,44.5653,1035.29,100.508,1717.65,23.2309,196.614
6323,44.537,1032.24,88.6068,1717.0699999999997,23.1772,196.664
7928,42.5966,838.47,109.657,1682.6799999999998,19.684,196.684
7283,42.7556,855.076,91.8263,1685.5499999999997,19.9992,196.754
5601,46.5399,1299.01,115.971,1774.75,27.9119,196.812
9355,44.8031,1062.87,104.171,1722.96,23.7232,196.821
3837,45.581,1161.97,109.827,1743.1399999999999,25.4924,196.828
4826,45.1482,1106.68,89.1774,1731.67,24.5121,196.88
5627,43.2046,898.379,82.9607,1693.04,20.7936,196.923
3956,43.326,910.554,104.226,1695.1599999999999,21.0163,196.942
5500,44.5156,1029.96,109.535,1716.6399999999999,23.137,197.007
585,42.8582,865.331,98.3474,1687.3199999999997,20.1905,197.025
3994,44.0349,981.093,109.498,1707.6100000000001,22.2799,197.033
716,44.3566,1012.44,102.883,1713.35,22.8251,197.035
4495,42.0802,782.31,93.1708,1672.9499999999998,18.5909,197.035
4773,46.6369,1323.19,116.079,1780.83,28.3722,197.064
5842,41.7292,737.22,79.9005,1665.12,17.6668,197.228
51,44.3539,1012.15,105.509,1713.2999999999997,22.82,197.231
4572,45.8043,1190.07,122.219,1749.23,25.9816,197.419
2837,42.9011,869.296,123.951,1688.0099999999998,20.2628,197.467
890,45.0419,1093.11,97.9052,1728.9299999999998,24.2687,197.511
4472,42.2032,797.928,97.2762,1675.6599999999999,18.9068,197.513
5320,45.6061,1165.25,121.917,1743.85,25.5503,197.557
2905,46.0833,1226.42,98.7249,1757.4,26.6131,197.61
3376,45.2488,1120.46,99.2221,1734.4699999999998,24.7622,197.675
5418,45.2012,1113.81,113.479,1733.1100000000001,24.6412,197.738
9000,46.3193,1260.1,129.523,1765.2799999999997,27.2047,197.773
7310,44.6387,1043.41,111.275,1719.1999999999998,23.3745,197.881
2615,43.9914,977.184,96.9782,1706.9099999999999,22.2131,197.919
2933,44.7976,1062.19,118.477,1722.83,23.7109,197.938
5928,46.2007,1242.34,155.072,1761.0899999999997,26.8899,197.948
821,45.2503,1120.67,116.306,1734.52,24.7661,197.995
8932,45.9387,1206.79,116.474,1752.94,26.2695,198.115
8321,43.2041,898.333,98.411,1693.04,20.7928,198.139
1813,46.7348,1388.1,142.993,1797.6399999999999,29.7017,198.228
7319,42.6637,845.422,101.265,1683.88,19.816,198.232
7185,46.6273,1320.43,110.651,1780.13,28.3188,198.268
8684,43.9593,974.045,108.105,1706.3399999999997,22.1579,198.298
4498,42.8213,861.943,96.4567,1686.7399999999998,20.1288,198.307
5159,46.1287,1232.4,154.593,1758.7799999999997,26.7166,198.328
591,46.7246,1393.86,149.75,1799.13,29.8315,198.347
5679,45.0567,1094.94,118.012,1729.2999999999997,24.3014,198.396
5127,44.0953,986.643,114.48,1708.6100000000001,22.3752,198.408
537,44.6448,1044.1,118.831,1719.33,23.3868,198.448
2530,46.2357,1499.39,131.097,1824.92,32.4292,198.472
4561,44.1599,992.73,83.3843,1709.7199999999998,22.4804,198.527
8369,45.1523,1107.22,122.46,1731.7799999999997,24.522,198.548
759,45.5287,1155.31,118.872,1741.73,25.3755,198.592
7266,43.7354,950.302,101.327,1702.1100000000001,21.7284,198.64
6732,43.2055,898.47,104.822,1693.06,20.7953,198.693
7014,44.1182,988.776,102.333,1709.0,22.412,198.716
4920,46.2257,1245.92,122.533,1761.9299999999998,26.9529,198.726
2468,46.5468,1453.48,134.535,1814.21,31.2261,198.793
2279,46.5102,1293.12,129.376,1773.29,27.8029,198.864
7611,43.2989,907.805,103.884,1694.6799999999998,20.966,198.955
8288,44.8856,1073.47,106.466,1725.0299999999997,23.9156,198.975
1932,43.2386,901.757,91.309,1693.63,20.8554,198.997
8356,45.7247,1180.86,99.2607,1747.21,25.8255,199.02
1184,44.9062,1076.2,107.899,1725.5699999999997,23.9656,199.04
801,44.3113,1007.73,104.209,1712.48,22.742,199.049
463,46.3061,1258.01,128.966,1764.7799999999997,27.1674,199.096
6125,46.2305,1246.61,123.554,1762.0899999999997,26.9652,199.216
5110,42.715,850.794,127.094,1684.81,19.9179,199.331
3647,44.7891,1061.14,105.131,1722.62,23.6919,199.41
8760,41.3247,665.246,91.7146,1652.2999999999997,16.098,199.595
4002,45.2065,1114.54,111.668,1733.2599999999998,24.6543,199.603
4675,44.5091,1029.23,106.818,1716.5,23.1241,199.61
6182,43.417,919.76,108.097,1696.7599999999998,21.1843,199.629
5077,41.6789,728.033,100.97,1663.5099999999998,17.4677,199.647
8462,43.563,933.354,109.534,1699.13,21.4254,199.654
9838,46.029,1219.05,107.057,1755.7199999999998,26.4843,199.703
9987,46.6936,1415.34,153.05,1804.6599999999999,30.3112,199.743
1803,44.4017,1017.25,97.3641,1714.25,22.9102,199.81
2830,42.8482,864.411,91.7404,1687.1599999999999,20.1738,199.817
9104,44.8854,1073.44,102.614,1725.0299999999997,23.915,199.827
7864,43.9077,968.374,106.702,1705.33,22.0548,199.871
4961,46.7404,1385.15,148.724,1796.87,29.6349,199.994
2252,46.4999,1291.12,106.338,1772.7999999999997,27.7661,200.0
3211,46.2388,1498.87,124.964,1824.81,32.4159,200.061
2381,43.3018,908.102,98.2225,1694.73,20.9714,200.163
108,45.8766,1198.86,141.661,1751.17,26.1323,200.188
2714,45.9706,1211.01,135.27,1753.8899999999999,26.3431,200.257
8780,43.0673,884.992,94.8422,1690.7199999999998,20.5491,200.309
5281,44.67,1046.97,119.499,1719.88,23.4379,200.322
7786,43.2386,901.755,103.906,1693.63,20.8553,200.355
9187,46.7117,1401.89,137.974,1801.21,30.0115,200.384
5804,44.8221,1065.26,102.168,1723.4299999999998,23.7664,200.397
4448,43.2065,898.566,108.826,1693.08,20.797,200.41
6818,45.0384,1092.68,112.089,1728.85,24.2612,200.497
1871,43.4759,925.171,120.863,1697.6999999999998,21.2801,200.539
1263,43.4783,925.386,103.721,1697.7399999999998,21.2839,200.551
7,43.3112,909.055,93.7953,1694.9,20.9889,200.611
7525,42.9243,871.452,102.479,1688.38,20.3021,200.612
6680,43.7177,948.509,98.1315,1701.7999999999997,21.6962,200.656
5588,44.3784,1014.75,114.392,1713.7799999999997,22.866,200.683
734,46.7403,1381.72,143.676,1795.9699999999998,29.5616,200.815
172,46.6994,1410.67,132.481,1803.4699999999998,30.2074,200.917
7531,46.2981,1489.67,116.191,1822.7399999999998,32.1757,200.955
5984,46.2602,1495.43,113.809,1824.04,32.3264,200.975
2822,44.7507,1056.45,127.711,1721.71,23.6075,201.007
9761,45.9856,1213.02,119.034,1754.35,26.3784,201.022
5288,44.7003,1050.48,130.15,1720.56,23.5005,201.08
1249,45.3929,1139.07,135.623,1738.3199999999997,25.0937,201.08
8711,46.669,1333.02,155.16,1783.3399999999997,28.5633,201.13
2515,43.2089,898.805,102.115,1693.12,20.8014,201.191
2292,44.9033,1075.81,127.501,1725.5,23.9584,201.222
1809,46.3626,1267.09,123.287,1766.9499999999998,27.3301,201.239
663,46.2984,1256.82,114.085,1764.5,27.146,201.307
2646,45.1078,1101.41,102.164,1730.6,24.4173,201.334
6349,45.5002,1151.79,105.019,1740.98,25.3139,201.564
2060,45.3374,1132.8,125.172,1737.0099999999998,24.986,201.604
7085,45.5565,1158.82,117.264,1742.4699999999998,25.4369,201.618
5165,42.7543,854.944,86.8173,1685.5299999999997,19.9967,201.674
6808,44.1668,993.393,94.2373,1709.8399999999997,22.4918,201.842
1624,42.7943,859.195,94.009,1686.2599999999998,20.0773,201.874
7919,46.7144,1353.74,121.309,1788.6999999999998,28.9792,201.945
3191,42.9452,873.404,97.8368,1688.7199999999998,20.3377,201.989
4326,44.6401,1043.57,111.409,1719.23,23.3774,202.107
5914,43.1785,895.809,109.829,1692.6,20.7466,202.118
9733,43.2544,903.335,93.821,1693.9,20.8842,202.133
9133,45.3078,1129.06,118.672,1736.2399999999998,24.9198,202.2
3905,44.6007,1039.17,109.229,1718.3899999999999,23.2994,202.233
4079,42.885,867.801,85.8843,1687.75,20.2355,202.249
5444,45.775,1186.63,110.578,1748.48,25.9232,202.259
6482,45.9887,1213.46,113.28,1754.4499999999998,26.386,202.287
6738,44.8053,1063.16,115.95,1723.0099999999998,23.7283,202.391
1541,45.6696,1173.84,110.597,1745.69,25.7028,202.426
2240,43.7066,947.396,132.269,1701.6,21.6763,202.463
6899,46.345,1483.13,177.053,1821.25,32.002,202.491
6811,46.3082,1258.35,136.144,1764.8600000000001,27.1734,202.544
4695,45.153,1107.31,125.979,1731.79,24.5235,202.554
5848,44.3039,1006.97,113.236,1712.3399999999997,22.7287,202.555
8018,44.9255,1078.81,140.318,1726.0899999999997,24.0134,202.599
2870,46.0062,1215.85,132.007,1754.9899999999998,26.428,202.637
478,45.7661,1185.6,123.762,1748.25,25.9055,202.724
4415,45.5548,1158.6,119.919,1742.4299999999998,25.4332,202.864
8949,43.2468,902.572,105.982,1693.77,20.8703,202.891
2699,45.5794,1161.75,102.078,1743.1,25.4885,202.981
7871,43.2555,903.446,103.089,1693.92,20.8863,203.037
4818,43.7963,956.544,110.244,1703.2199999999998,21.8408,203.041
3411,43.7167,948.412,90.3632,1701.7799999999997,21.6945,203.224
1503,45.4389,1144.43,131.097,1739.44,25.1862,203.319
630,46.7219,1395.44,146.726,1799.54,29.867,203.331
5506,45.643,1170.19,112.824,1744.9,25.6378,203.358
5117,43.9699,975.226,118.64,1706.5499999999997,22.1794,203.457
6824,43.9516,973.188,91.9009,1706.19,22.1423,203.478
6605,46.2301,1246.55,118.245,1762.08,26.9641,203.558
9066,44.5648,1035.24,109.067,1717.6399999999999,23.2299,203.559
8652,44.1522,991.993,112.91,1709.5899999999997,22.4676,203.57
7337,44.1548,992.246,102.042,1709.63,22.472,203.758
8304,46.593,1311.05,139.411,1777.7599999999998,28.1383,203.765
7937,43.2249,900.396,92.2282,1693.3899999999999,20.8305,203.789
4980,44.033,980.921,86.2658,1707.58,22.277,203.804
7441,44.943,1081.21,137.769,1726.56,24.0575,203.814
838,43.434,921.315,101.72,1697.0299999999997,21.2118,203.921
1896,44.0729,984.564,114.771,1708.2399999999998,22.3395,203.968
9850,43.0573,884.038,96.5602,1690.56,20.5316,203.973
6219,45.2983,1127.64,107.62,1735.9499999999998,24.8937,204.002
3984,44.9641,1083.73,115.548,1727.06,24.102,204.033
57,41.9949,771.75,104.96,1671.12,18.3772,204.103
3390,42.7639,855.959,91.7145,1685.6999999999998,20.0159,204.179
8378,43.1765,895.61,100.022,1692.56,20.743,204.299
3281,43.2899,906.901,97.8997,1694.52,20.9495,204.341
47,44.2957,1006.13,122.512,1712.1799999999998,22.7139,204.355
858,42.8154,861.402,97.7928,1686.6399999999999,20.119,204.396
4901,46.2024,1242.57,124.955,1761.1399999999999,26.8941,204.414
3030,44.5277,1031.24,112.776,1716.88,23.1596,204.474
7150,46.4524,1282.34,124.231,1770.6399999999999,27.6054,204.478
8713,43.2071,898.628,102.118,1693.0899999999997,20.7982,204.528
8976,45.9371,1206.57,100.207,1752.9,26.2658,204.54
2595,46.7131,1352.51,128.002,1788.38,28.9535,204.561
5316,45.2984,1127.66,114.482,1735.9499999999998,24.894,204.642
7618,45.7851,1187.81,123.927,1748.73,25.9431,204.646
6753,46.2087,1504.04,156.031,1825.9499999999998,32.5488,204.715
4865,46.656,1328.94,132.572,1782.2999999999997,28.4837,204.757
5639,43.5265,929.893,102.696,1698.52,21.3638,204.812
9270,43.1403,892.069,114.498,1691.9499999999998,20.6783,204.842
6256,46.6649,1426.71,122.717,1807.56,30.5735,204.883
8838,45.6205,1167.16,130.734,1744.25,25.584,204.919
1664,46.4852,1288.34,142.568,1772.12,27.7151,204.939
4933,45.6628,1172.89,155.726,1745.4899999999998,25.6859,204.981
5183,46.1651,1237.35,122.591,1759.9299999999998,26.8027,205.018
6058,45.1446,1106.2,120.959,1731.5699999999997,24.5035,205.03
1008,45.868,1197.79,125.511,1750.94,26.1138,205.053
6966,46.2412,1498.48,168.437,1824.7199999999998,32.4057,205.109
3171,43.0642,884.7,104.884,1690.67,20.5437,205.189
636,44.8996,1075.33,119.442,1725.4,23.9495,205.207
5329,44.4449,1021.98,123.973,1715.13,22.9943,205.25
6410,43.1692,894.898,102.084,1692.44,20.73,205.282
9467,46.186,1240.26,129.345,1760.6100000000001,26.8537,205.498
1076,45.6361,1169.25,121.505,1744.6999999999998,25.6211,205.583
7374,44.8924,1074.37,119.106,1725.21,23.932,205.68
3658,44.9936,1087.24,121.363,1727.7599999999998,24.1642,205.72
7752,46.0645,1224.0,125.15,1756.85,26.5714,205.753
4024,43.9164,969.322,120.815,1705.5,22.072,205.932
427,44.8173,1064.66,102.641,1723.31,23.7555,206.051
3825,43.3155,909.489,117.963,1694.9699999999998,20.9968,206.069
5766,44.9063,1076.22,98.1685,1725.58,23.9659,206.115
3541,44.0913,986.273,110.128,1708.5499999999997,22.3689,206.188
1567,44.2333,999.862,111.213,1711.0299999999997,22.6043,206.197
4608,44.7669,1058.42,122.135,1722.0899999999997,23.643,206.273
422,45.3188,1130.71,120.624,1736.58,24.9502,206.311
1207,43.3656,914.592,105.821,1695.8600000000001,21.0903,206.387
3719,45.3597,1135.3,115.384,1737.5299999999997,25.0288,206.477
3449,46.346,1483.01,155.668,1821.2199999999998,31.9987,206.49
5055,42.6986,849.069,107.217,1684.5099999999998,19.8852,206.536
8188,44.0066,978.547,101.256,1707.15,22.2363,206.604
8997,46.3706,1268.4,119.207,1767.27,27.3536,206.633
637,46.7153,1399.56,140.805,1800.6100000000001,29.9592,206.708
5951,46.697,1412.55,131.278,1803.9499999999998,30.2492,206.712
7208,44.531,1031.6,94.3141,1716.9499999999998,23.1658,206.735
5575,44.2561,1002.14,111.618,1711.44,22.644,206.919
1816,45.5923,1163.44,115.958,1743.46,25.5183,207.033
3023,44.2532,1001.84,126.101,1711.3899999999999,22.6388,207.059
6932,46.3523,1265.44,128.44,1766.56,27.3004,207.067
5826,42.2173,799.747,93.3308,1675.9699999999998,18.9436,207.132
8580,44.1881,995.446,109.133,1710.2199999999998,22.5275,207.16
4682,44.0397,981.528,105.97,1707.69,22.2874,207.161
5102,44.9025,1075.71,110.748,1725.48,23.9566,207.172
9986,44.192,995.821,116.4,1710.29,22.534,207.182
74,46.0386,1220.4,145.644,1756.02,26.5083,207.257
9099,45.1251,1103.64,104.025,1731.0499999999997,24.4574,207.328
2241,46.1733,1238.48,128.557,1760.19,26.8225,207.341
3402,43.7656,953.38,97.9794,1702.6599999999999,21.7838,207.425
300,43.9548,973.542,119.882,1706.25,22.1487,207.467
6319,42.7966,859.434,108.257,1686.2999999999997,20.0818,207.496
3966,46.1429,1234.32,97.3928,1759.2199999999998,26.75,207.578
5458,44.6193,1041.23,116.429,1718.7799999999997,23.3359,207.673
3528,43.4111,919.227,103.317,1696.6599999999999,21.1749,207.761
5379,44.3488,1011.62,102.689,1713.1999999999998,22.8106,207.924
8557,43.278,905.705,98.8928,1694.31,20.9276,208.07
5938,44.8746,1072.01,104.211,1724.75,23.889,208.082
5962,46.5704,1305.42,122.287,1776.35,28.0312,208.221
1898,45.0473,1093.78,123.049,1729.0699999999997,24.2808,208.405
8103,42.4432,822.881,112.445,1679.98,19.3878,208.499
406,45.1752,1110.28,117.386,1732.3899999999999,24.5771,208.571
1543,44.6555,1045.31,138.9,1719.56,23.4083,208.641
5415,45.8673,1197.7,126.718,1750.92,26.1124,208.648
8884,45.9762,1211.76,141.325,1754.06,26.3563,208.651
4615,44.2598,1002.51,105.577,1711.5099999999998,22.6505,208.736
2017,44.4864,1026.63,127.355,1716.0099999999998,23.0774,208.863
1124,46.2862,1491.44,157.547,1823.1399999999999,32.2221,208.907
1048,44.9283,1079.19,124.154,1726.1599999999999,24.0204,208.967
876,45.6492,1171.03,120.491,1745.0899999999997,25.6528,208.987
2993,44.322,1008.83,106.417,1712.6799999999998,22.7615,209.114
993,44.28,1004.54,134.198,1711.8899999999999,22.6861,209.143
2501,43.3862,916.706,101.181,1696.23,21.129,209.182
2770,45.4893,1150.46,162.52,1740.6999999999998,25.2907,209.201
2983,45.7869,1188.02,124.564,1748.7799999999997,25.9467,209.311
5216,42.8587,865.377,125.552,1687.33,20.1914,209.463
8247,44.34,1010.7,105.884,1713.0299999999997,22.7944,209.653
5162,46.636,1322.93,136.29,1780.77,28.3672,209.672
705,42.3897,817.543,107.482,1679.06,19.2863,209.674
329,46.6122,1316.22,129.873,1779.0699999999997,28.2377,209.679
9876,46.4589,1283.51,126.174,1770.9299999999998,27.6268,209.721
1272,45.4363,1144.12,131.38,1739.37,25.1807,209.747
6262,46.5318,1457.73,154.62,1815.25,31.3277,209.798
5831,46.6631,1331.15,138.937,1782.8600000000001,28.5268,209.801
4188,46.7406,1382.08,129.156,1796.0699999999997,29.5692,209.877
7492,44.7323,1054.25,124.994,1721.29,23.568,209.94
833,45.2914,1126.62,116.394,1735.7399999999998,24.875,209.996
5836,41.638,720.4,82.4296,1662.17,17.3015,210.091
1892,43.2812,906.022,105.122,1694.37,20.9334,210.094
8061,46.2222,1501.68,152.088,1825.4299999999998,32.4882,210.201
4531,44.5982,1038.89,111.263,1718.33,23.2944,210.265
1620,46.6451,1325.62,149.386,1781.4499999999998,28.4192,210.3
4982,45.6176,1166.76,105.967,1744.17,25.577,210.396
5773,45.8174,1191.63,111.159,1749.5699999999997,26.0083,210.447
5698,44.7466,1055.97,107.739,1721.62,23.5988,210.459
4308,44.9023,1075.69,115.655,1725.4699999999998,23.9562,210.478
9584,46.3655,1267.57,136.249,1767.0699999999997,27.3387,210.53
1736,43.2083,898.752,95.411,1693.1100000000001,20.8004,210.55
8014,45.3199,1130.86,118.895,1736.6100000000001,24.9528,210.575
7895,45.1391,1105.48,90.8084,1731.42,24.4905,210.604
5093,46.7174,1356.69,146.205,1789.46,29.0403,210.613
1123,44.749,1056.26,99.6596,1721.67,23.604,210.652
4174,42.4808,826.664,95.2342,1680.63,19.4597,210.666
5245,43.0648,884.751,105.705,1690.6799999999998,20.5447,210.686
473,42.6786,846.978,101.457,1684.15,19.8455,210.687
7986,45.2172,1116.02,181.362,1733.56,24.6813,210.711
2479,43.3347,911.441,113.285,1695.31,21.0326,210.794
7551,43.4181,919.859,116.205,1696.77,21.1861,210.835
9551,42.2423,802.985,106.975,1676.5299999999997,19.009,210.843
1578,44.0938,986.504,115.476,1708.5899999999997,22.3728,210.854
3338,44.6311,1042.55,124.176,1719.04,23.3593,210.856
489,42.8274,862.5,134.519,1686.83,20.139,210.856
4370,44.769,1058.67,104.185,1722.1399999999999,23.6474,210.907
9663,44.8812,1072.88,141.631,1724.92,23.9049,210.955
3223,45.6379,1169.5,141.551,1744.7599999999998,25.6255,211.015
4979,46.7183,1397.68,151.764,1800.12,29.9171,211.032
6113,43.3117,909.1,134.477,1694.9,20.9897,211.034
7276,42.8485,864.434,125.171,1687.17,20.1742,211.036
3985,46.2539,1496.41,136.234,1824.2599999999998,32.3521,211.044
7030,46.3519,1482.22,148.522,1821.04,31.9775,211.064
9003,45.318,1130.6,114.786,1736.56,24.9481,211.074
8846,44.5756,1036.41,119.271,1717.8600000000001,23.2506,211.119
4737,41.9644,768.032,97.1523,1670.4699999999998,18.302,211.138
4171,44.4152,1018.71,128.935,1714.52,22.9361,211.143
4253,46.5814,1308.03,136.35,1777.0099999999998,28.0806,211.149
997,45.5774,1161.5,139.708,1743.04,25.4841,211.163
9287,45.6102,1165.79,107.275,1743.96,25.5598,211.169
1110,43.5517,932.277,122.406,1698.94,21.4062,211.294
321,46.3695,1268.22,134.519,1767.2199999999998,27.3503,211.317
4233,44.0922,986.355,94.5068,1708.56,22.3703,211.449
9025,46.5889,1309.99,123.44,1777.5,28.118,211.637
9817,44.8639,1070.62,104.613,1724.4699999999998,23.8637,211.639
7008,43.6974,946.475,108.943,1701.44,21.6598,211.732
1802,44.3651,1013.34,112.763,1713.52,22.841,211.751
4405,43.6108,937.944,94.1483,1699.94,21.5072,211.793
9648,44.5759,1036.44,130.801,1717.87,23.2512,211.901
2701,46.6182,1317.88,142.088,1779.4899999999998,28.2697,211.943
906,44.9185,1077.87,123.312,1725.9,23.996,211.962
7023,43.4761,925.183,102.939,1697.6999999999998,21.2803,212.002
4971,43.5616,933.219,110.024,1699.1100000000001,21.423,212.043
5039,46.7131,1400.99,152.831,1800.9699999999998,29.9913,212.18
49,42.0314,776.244,105.314,1671.9,18.4682,212.217
9412,43.2273,900.632,107.247,1693.4299999999998,20.8348,212.294
9364,46.6008,1313.12,118.358,1778.2799999999997,28.178,212.311
5716,44.621,1041.42,118.804,1718.8199999999997,23.3392,212.337
5795,44.9081,1076.46,118.104,1725.62,23.9703,212.441
986,44.3227,1008.9,95.5924,1712.69,22.7627,212.457
3269,44.9184,1077.85,118.941,1725.9,23.9958,212.492
3858,42.2679,805.569,99.5054,1676.98,19.0587,212.524
7913,45.6114,1165.94,132.907,1743.9899999999998,25.5626,212.587
9015,45.8617,1197.01,134.381,1750.7599999999998,26.1004,212.602
7300,46.6578,1428.07,135.376,1807.9099999999999,30.6074,212.643
8262,46.6083,1315.15,122.342,1778.7999999999997,28.217,212.712
7264,44.8644,1070.67,107.389,1724.4899999999998,23.8647,212.9
3468,44.7338,1054.43,102.993,1721.3199999999997,23.5712,212.929
7439,44.8631,1070.51,118.693,1724.4499999999998,23.8617,213.013
3566,44.4453,1022.02,95.9198,1715.1399999999999,22.995,213.016
1117,44.9044,1075.97,125.123,1725.5299999999997,23.9613,213.019
5964,44.3148,1008.09,98.7493,1712.54,22.7483,213.021
4799,45.9915,1213.84,124.698,1754.5299999999997,26.3927,213.081
3686,46.3536,1265.65,128.652,1766.6100000000001,27.3043,213.157
1646,43.7051,947.243,110.354,1701.5699999999997,21.6735,213.206
6821,46.6085,1315.2,113.088,1778.81,28.2181,213.231
8834,46.7162,1399.01,130.548,1800.4699999999998,29.9471,213.234
2896,44.6256,1041.93,132.274,1718.92,23.3483,213.258
4080,44.4598,1023.63,119.065,1715.44,23.0237,213.272
3072,45.6753,1174.62,119.301,1745.8600000000001,25.7168,213.29
5725,44.5637,1035.11,100.111,1717.62,23.2277,213.36
2007,45.4675,1147.83,117.075,1740.15,25.245,213.442
5592,44.8906,1074.12,156.848,1725.1599999999999,23.9275,213.449
1886,44.6079,1039.97,104.524,1718.54,23.3135,213.468
6126,46.539,1298.83,125.264,1774.71,27.9085,213.469
6436,44.885,1073.38,106.835,1725.02,23.914,213.519
4603,44.7128,1051.94,103.685,1720.8399999999997,23.5266,213.537
3312,45.4582,1146.71,130.968,1739.92,25.2256,213.564
3469,45.9251,1205.01,122.393,1752.5499999999997,26.2386,213.572
6936,44.5062,1028.9,107.96,1716.44,23.118,213.576
459,44.4692,1024.69,131.319,1715.6399999999999,23.0426,213.687
4895,46.5797,1307.61,114.584,1776.9,28.0725,213.723
4230,42.144,790.346,86.6499,1674.3399999999997,18.7535,213.742
3203,46.6906,1417.9,141.183,1805.3199999999997,30.3681,213.755
7455,44.446,1022.1,95.9743,1715.1599999999999,22.9965,213.762
7751,43.9701,975.242,114.917,1706.56,22.1797,214.028
904,43.994,977.416,111.049,1706.9499999999998,22.217,214.061
263,45.5595,1159.2,144.873,1742.56,25.4437,214.093
7308,43.8232,959.353,111.709,1703.7199999999998,21.8915,214.113
922,46.2892,1490.98,144.078,1823.04,32.2101,214.118
6368,44.8875,1073.71,103.933,1725.08,23.9201,214.185
70,45.1684,1109.36,111.302,1732.21,24.5605,214.285
5867,46.0063,1215.87,139.558,1754.9899999999998,26.4283,214.39
4774,44.9139,1077.24,116.92,1725.7799999999997,23.9846,214.435
1703,45.9519,1208.52,111.861,1753.33,26.2996,214.525
8513,45.6867,1176.22,103.975,1746.21,25.7454,214.567
9567,46.1604,1236.7,113.861,1759.7799999999997,26.7915,214.576
4614,43.2026,898.187,115.789,1693.0099999999998,20.7901,214.618
8037,46.602,1313.43,129.184,1778.3600000000001,28.1841,214.638
1014,43.9717,975.422,117.805,1706.5899999999997,22.183,214.829
9538,44.8995,1075.31,127.873,1725.4,23.9493,214.844
2317,44.922,1078.34,120.341,1726.0,24.0047,214.858
2111,46.2611,1495.28,131.19,1824.0099999999998,32.3226,214.993
3889,44.2387,1000.41,119.823,1711.13,22.6138,215.004
3456,45.4633,1147.32,126.434,1740.04,25.2362,215.055
5178,44.8838,1073.23,118.366,1724.9899999999998,23.9113,215.143
5470,45.6471,1170.73,123.818,1745.02,25.6475,215.144
2958,46.2329,1499.87,122.572,1825.0299999999997,32.4415,215.198
1279,44.2669,1003.21,109.298,1711.6399999999999,22.6628,215.255
1071,42.5419,832.857,100.236,1681.71,19.5774,215.28
9658,41.629,718.704,91.8001,1661.87,17.2645,215.283
5857,46.6128,1316.39,149.362,1779.1100000000001,28.2408,215.284
2100,46.4542,1282.67,144.805,1770.73,27.6114,215.304
8469,46.2853,1491.57,112.495,1823.17,32.2256,215.327
8770,46.3349,1262.6,119.077,1765.88,27.2495,215.332
8199,44.5715,1035.96,112.739,1717.7799999999997,23.2427,215.415
1213,46.2988,1256.88,141.41,1764.5099999999998,27.1471,215.44
1981,43.8853,965.951,108.453,1704.8899999999999,22.0108,215.454
9132,46.0092,1216.27,127.155,1755.08,26.4354,215.481
5745,45.2855,1125.76,119.613,1735.56,24.8591,215.609
8334,45.3713,1136.6,118.387,1737.7999999999997,25.0512,215.668
4195,43.7614,952.949,119.44,1702.58,21.776,215.727
4505,45.7579,1184.65,129.826,1748.04,25.8896,215.739
8903,45.4858,1150.03,105.544,1740.6100000000001,25.2833,215.759
4606,45.9727,1211.28,157.644,1753.96,26.3479,215.833
3977,45.1675,1109.25,139.681,1732.19,24.5585,215.846
9264,44.5604,1034.75,116.853,1717.5499999999997,23.2214,215.857
3026,44.882,1072.99,114.935,1724.94,23.9069,215.967
7878,42.3463,813.242,111.294,1678.31,19.2046,216.038
6172,41.6766,727.613,92.7317,1663.44,17.4585,216.048
2369,42.7606,855.606,103.796,1685.6399999999999,20.0092,216.137
7467,46.7067,1405.33,151.633,1802.0899999999997,30.0884,216.232
6154,43.8211,959.14,109.979,1703.6799999999998,21.8876,216.415
9727,46.0987,1228.43,106.368,1757.8600000000001,26.6478,216.447
6670,44.4132,1018.5,93.9982,1714.48,22.9324,216.449
7633,45.3122,1129.72,131.11,1736.38,24.9319,216.513
1793,46.6259,1320.05,163.023,1780.04,28.3115,216.519
4067,45.2887,1126.23,116.1,1735.6599999999999,24.8677,216.524
6426,46.7312,1390.07,118.365,1798.15,29.746,216.573
3933,46.2506,1249.56,120.009,1762.7799999999997,27.0172,216.665
3757,45.7473,1183.42,106.469,1747.77,25.8688,216.666
528,45.604,1164.96,123.526,1743.7799999999997,25.5452,216.68
4028,45.5928,1163.5,104.092,1743.4699999999998,25.5194,216.73
857,44.9959,1087.51,104.718,1727.8199999999997,24.1692,216.799
9389,46.6638,1331.38,136.091,1782.92,28.5313,216.938
8285,43.214,899.315,118.233,1693.21,20.8107,217.045
2851,44.5641,1035.15,104.668,1717.62,23.2285,217.112
6080,42.1054,785.478,90.4907,1673.5,18.655,217.146
9704,46.2959,1490.01,118.605,1822.8199999999997,32.1845,217.245
9841,46.7241,1394.19,145.22,1799.2199999999998,29.8388,217.245
2447,43.7413,950.901,109.7,1702.2199999999998,21.7392,217.41
8734,46.7396,1380.83,108.498,1795.7399999999998,29.543,217.548
6968,46.5062,1292.33,121.575,1773.1,27.7884,217.603
2343,45.7152,1179.79,97.7415,1746.98,25.8074,217.607
1269,46.7276,1367.25,135.274,1792.1999999999998,29.2599,217.624
6152,43.8336,960.449,103.14,1703.9099999999999,21.9112,217.661
952,46.7189,1358.19,111.446,1789.85,29.0715,217.68
274,44.5901,1037.99,115.278,1718.1599999999999,23.2786,217.852
5750,43.9675,974.96,108.013,1706.5099999999998,22.1745,217.938
7514,46.0575,1223.1,154.798,1756.6399999999999,26.556,217.97
9568,44.8745,1072.0,117.096,1724.75,23.8888,218.025
1920,42.7699,856.597,99.2009,1685.81,20.028,218.228
3553,44.9015,1075.57,119.735,1725.4499999999998,23.954,218.235
9166,42.8438,864.007,99.0091,1687.0899999999997,20.1664,218.31
2859,46.5088,1292.84,123.774,1773.2199999999998,27.7977,218.314
2838,44.8791,1072.6,130.619,1724.8600000000001,23.8999,218.474
1116,43.7603,952.841,103.889,1702.56,21.7741,218.56
3951,46.2773,1492.77,150.464,1823.44,32.257,218.653
3459,46.6118,1316.1,143.378,1779.04,28.2354,218.69
8322,44.8993,1075.28,111.304,1725.3899999999999,23.9487,218.702
6935,46.5649,1304.23,137.692,1776.0499999999997,28.0089,218.769
8710,44.9386,1080.61,115.434,1726.44,24.0463,218.8
910,46.6121,1437.51,148.868,1810.2799999999997,30.8399,218.828
3575,43.9884,976.916,119.114,1706.8600000000001,22.2085,218.895
8940,46.1581,1236.39,132.726,1759.6999999999998,26.786,218.976
9666,43.2308,900.978,97.1697,1693.4899999999998,20.8411,219.015
8996,43.9585,973.958,126.986,1706.33,22.1563,219.091
3051,46.0568,1223.02,124.615,1756.62,26.5546,219.158
6671,46.35,1482.47,135.513,1821.1,31.9843,219.197
7298,44.5087,1029.18,101.755,1716.4899999999998,23.1232,219.212
8691,45.1827,1111.29,113.999,1732.6,24.5954,219.298
8805,43.2985,907.768,106.561,1694.67,20.9653,219.331
3888,46.2423,1248.34,142.261,1762.5,26.9956,219.354
1381,43.3494,912.939,105.936,1695.5699999999997,21.06,219.356
5130,43.375,915.551,110.935,1696.02,21.1078,219.365
1865,44.3445,1011.18,112.107,1713.12,22.8027,219.381
690,45.9544,1208.85,121.342,1753.4099999999999,26.3055,219.54
1448,46.2526,1496.63,132.391,1824.31,32.3578,219.571
1717,44.8682,1071.18,117.534,1724.5899999999997,23.874,219.571
9888,45.6156,1166.5,106.743,1744.1100000000001,25.5725,219.671
7719,46.6914,1340.51,131.722,1785.27,28.7099,219.779
4669,44.891,1074.18,127.359,1725.17,23.9286,219.791
6404,46.6419,1324.67,135.517,1781.21,28.4008,219.818
5864,45.9761,1211.74,132.316,1754.06,26.3559,219.871
8391,45.3633,1135.71,115.968,1737.62,25.0358,219.914
2769,44.777,1059.65,97.3959,1722.33,23.6651,220.044
928,46.4753,1286.51,143.491,1771.6599999999999,27.6815,220.079
5305,44.3642,1013.24,116.796,1713.5,22.8392,220.191
9655,42.2653,805.319,98.9657,1676.94,19.0539,220.205
8335,46.7069,1405.18,129.128,1802.0499999999997,30.085,220.353
272,46.4829,1287.92,111.518,1772.0099999999998,27.7073,220.379
3358,44.7864,1060.81,145.299,1722.56,23.6859,220.386
6246,46.7123,1401.52,145.871,1801.1100000000001,30.0032,220.423
2044,45.4735,1148.55,138.509,1740.2999999999997,25.2575,220.435
3077,46.2672,1494.33,185.432,1823.79,32.2978,220.514
2172,42.5597,834.682,99.5143,1682.02,19.612,220.559
792,46.7026,1408.28,133.697,1802.85,30.1541,220.82
9892,45.2951,1127.17,101.428,1735.85,24.8851,220.878
8555,43.4654,924.196,100.478,1697.5299999999997,21.2628,221.043
9790,45.6818,1175.54,119.859,1746.06,25.7332,221.217
7837,46.3895,1271.5,132.697,1768.0099999999998,27.4093,221.237
6208,43.8119,958.173,111.594,1703.5099999999998,21.8702,221.272
1941,42.9378,872.713,104.775,1688.6,20.3251,221.318
530,45.2343,1118.41,135.862,1734.0499999999997,24.7249,221.346
5471,46.6222,1435.34,118.324,1809.73,30.7866,221.41
1931,43.2945,907.359,117.318,1694.6,20.9579,221.415
4468,44.0434,981.872,117.853,1707.75,22.2933,221.644
2558,41.6244,717.828,98.8437,1661.7199999999998,17.2454,221.668
3477,44.9782,1085.39,147.317,1727.3899999999999,24.1315,221.689
1169,46.7335,1388.83,131.957,1797.8199999999997,29.7181,221.708
9633,45.5112,1153.15,144.802,1741.27,25.3377,221.719
5501,44.8339,1066.76,121.177,1723.7199999999998,23.7935,221.875
3694,45.3598,1135.3,134.39,1737.5299999999997,25.0289,221.927
6523,45.8047,1190.12,139.493,1749.2399999999998,25.9825,221.947
2512,45.2252,1117.13,129.731,1733.79,24.7014,221.963
9667,43.8628,963.541,126.26,1704.46,21.9672,222.014
5153,43.6986,946.589,102.55,1701.46,21.6618,222.046
5284,45.5656,1159.98,117.389,1742.7199999999998,25.4574,222.083
7647,44.6586,1045.66,105.593,1719.63,23.4146,222.107
6350,44.9006,1075.46,116.195,1725.4299999999998,23.9519,222.188
1074,44.1049,987.533,123.164,1708.7799999999997,22.3906,222.385
4087,44.7702,1058.82,129.777,1722.17,23.6501,222.439
3945,46.6257,1319.97,140.042,1780.02,28.31,222.566
4009,46.0031,1215.43,166.254,1754.8899999999999,26.4206,222.683
5621,46.5054,1292.18,129.191,1773.06,27.7856,222.701
8663,45.2618,1122.31,107.33,1734.85,24.796,222.708
9628,44.9586,1083.07,138.847,1726.9299999999998,24.0905,222.818
4064,46.1399,1233.92,143.979,1759.13,26.743,222.861
6049,45.4542,1146.24,142.698,1739.8199999999997,25.2174,222.934
1923,43.3438,912.361,108.974,1695.4699999999998,21.0494,222.963
4756,46.6992,1343.24,128.31,1785.9699999999998,28.7636,222.974
7230,45.8445,1194.9,105.11,1750.2999999999997,26.0642,223.089
9134,46.5706,1305.46,134.515,1776.3600000000001,28.0318,223.286
2742,46.2249,1501.22,152.882,1825.33,32.4765,223.327
85,46.3254,1261.07,147.21,1765.5099999999998,27.222,223.44
1607,42.7068,849.929,106.854,1684.6599999999999,19.9015,223.558
8377,44.6157,1040.83,118.485,1718.71,23.3289,223.588
1522,45.3132,1129.87,131.068,1736.4099999999999,24.9347,223.642
9849,45.3738,1136.89,113.346,1737.8600000000001,25.0561,223.701
1337,44.6229,1041.63,113.861,1718.8600000000001,23.343,223.708
2690,44.1817,994.824,114.762,1710.1,22.5167,223.742
1510,41.9283,763.66,91.5415,1669.71,18.2135,223.779
383,46.0392,1220.5,100.588,1756.04,26.5099,223.832
4532,43.9456,972.53,110.12,1706.0699999999997,22.1303,223.839
6813,45.4449,1145.14,129.198,1739.58,25.1984,223.9
7427,46.5936,1311.21,122.498,1777.7999999999997,28.1414,223.929
4232,43.8354,960.641,109.799,1703.9499999999998,21.9147,223.939
614,45.0749,1097.22,108.571,1729.7599999999998,24.3422,223.98
8448,45.3765,1137.19,138.779,1737.9299999999998,25.0613,223.995
2061,46.7227,1395.0,125.758,1799.4299999999998,29.8571,224.144
8875,44.8237,1065.46,136.4,1723.46,23.77,224.18
5993,44.289,1005.45,116.637,1712.06,22.702,224.2
1796,46.2947,1490.17,136.377,1822.8600000000001,32.1888,224.229
7524,46.6371,1323.25,129.396,1780.85,28.3733,224.248
481,45.803,1189.92,104.028,1749.1999999999998,25.9791,224.259
5843,43.2743,905.326,124.783,1694.25,20.9207,224.273
6796,45.6309,1168.55,118.093,1744.5499999999997,25.6087,224.317
2057,44.9075,1076.37,139.09,1725.6100000000001,23.9687,224.41
6515,43.2476,902.655,131.129,1693.79,20.8718,224.428
7713,44.5305,1031.54,131.936,1716.94,23.1649,224.47
4871,44.2507,1001.59,106.202,1711.3399999999997,22.6345,224.475
2018,43.9432,972.259,115.462,1706.02,22.1254,224.496
6561,45.5826,1162.17,105.502,1743.19,25.4958,224.558
7808,44.8367,1067.12,123.41,1723.79,23.8,224.613
8454,43.333,911.26,119.458,1695.2799999999997,21.0293,224.631
2779,44.5272,1031.2,120.427,1716.87,23.1588,224.673
6669,46.0196,1217.72,124.619,1755.4099999999999,26.4608,224.776
4930,45.6136,1166.24,122.935,1744.06,25.5677,224.88
2803,45.9163,1203.88,110.87,1752.29,26.2189,224.934
6001,42.7354,852.944,114.338,1685.1799999999998,19.9587,224.97
4912,45.3576,1135.07,135.503,1737.48,25.0248,224.974
9185,43.9521,973.25,118.531,1706.1999999999998,22.1434,224.977
5197,43.2521,903.105,105.05,1693.8600000000001,20.88,225.075
1884,44.0698,984.286,127.836,1708.19,22.3347,225.125
2216,44.8692,1071.31,134.407,1724.6100000000001,23.8763,225.126
9199,46.5733,1446.57,172.941,1812.52,31.0601,225.146
8515,44.0397,981.533,116.107,1707.69,22.2874,225.262
7252,44.3849,1015.44,110.159,1713.9099999999999,22.8781,225.329
4181,45.1666,1109.13,128.557,1732.1599999999999,24.5563,225.501
5519,43.2611,904.008,119.279,1694.02,20.8966,225.541
633,44.8274,1065.93,135.344,1723.56,23.7785,225.563
4610,44.0294,980.593,115.529,1707.52,22.2714,225.602
7381,44.6575,1045.53,99.5795,1719.6100000000001,23.4123,225.711
9969,46.5127,1293.59,135.982,1773.4099999999999,27.8117,225.76
380,44.9016,1075.59,107.725,1725.4499999999998,23.9544,225.925
9156,42.9557,874.397,117.431,1688.8899999999999,20.3558,225.937
9905,44.456,1023.21,117.126,1715.3600000000001,23.0163,226.177
8900,46.2724,1493.52,153.354,1823.6100000000001,32.2766,226.177
1126,46.7262,1365.75,146.597,1791.81,29.2287,226.192
7262,43.8523,962.426,109.224,1704.27,21.947,226.371
9788,45.7628,1185.22,125.444,1748.17,25.8991,226.449
1433,44.3511,1011.86,111.788,1713.2399999999998,22.8148,226.556
9703,46.149,1235.15,124.789,1759.42,26.7644,226.579
2625,43.9634,974.503,109.499,1706.42,22.1662,226.672
2418,45.2677,1123.17,108.611,1735.0299999999997,24.8117,226.733
2236,46.5052,1464.21,138.677,1816.81,31.4849,226.735
2525,43.6669,943.443,110.649,1700.9,21.6054,226.831
2753,44.7623,1057.85,123.057,1721.98,23.6327,226.928
366,44.815,1064.36,117.801,1723.25,23.7501,226.975
8455,45.2254,1117.16,115.947,1733.7999999999997,24.702,227.021
5885,42.7757,857.208,104.09,1685.92,20.0396,227.03
3367,46.5042,1291.96,142.176,1773.0,27.7815,227.061
3935,43.7479,951.569,102.433,1702.3399999999997,21.7512,227.16
3448,45.4664,1147.7,126.592,1740.12,25.2427,227.188
831,45.5654,1159.95,116.687,1742.7199999999998,25.4569,227.268
1904,44.8752,1072.09,122.796,1724.7599999999998,23.8906,227.38
6331,45.4164,1141.79,135.135,1738.88,25.1405,227.389
6230,43.2982,907.74,105.179,1694.67,20.9648,227.502
3630,45.1052,1101.07,131.925,1730.5299999999997,24.4112,227.532
9636,46.4653,1284.68,160.335,1771.2199999999998,27.6481,227.633
7869,46.7005,1409.82,157.665,1803.25,30.1885,227.64
578,46.2749,1493.14,124.176,1823.5299999999997,32.2668,227.705
516,44.4475,1022.26,133.777,1715.19,22.9993,227.728
3926,45.2949,1127.14,139.413,1735.85,24.8846,227.749
8176,43.4381,921.685,104.865,1697.0899999999997,21.2184,227.808
2656,44.3272,1009.37,103.454,1712.7799999999997,22.7709,227.861
9690,45.8711,1198.17,118.686,1751.02,26.1204,227.985
1610,45.017,1090.05,112.873,1728.3199999999997,24.2143,228.037
8717,43.3249,910.438,111.28,1695.1399999999999,21.0142,228.468
171,46.3027,1257.48,152.556,1764.6599999999999,27.1579,228.485
7256,44.9883,1086.6,112.297,1727.63,24.153,228.498
9402,43.2232,900.231,109.556,1693.3600000000001,20.8275,228.572
6616,42.397,818.263,123.885,1679.1799999999998,19.3,228.613
825,45.9036,1202.26,136.862,1751.9299999999998,26.1911,228.647
2448,44.892,1074.31,125.753,1725.1999999999998,23.931,228.725
7876,46.6745,1334.8,133.7,1783.7999999999997,28.5981,228.89
1694,45.4124,1141.32,112.035,1738.79,25.1324,228.929
5921,46.3436,1264.02,116.17,1766.2199999999998,27.2749,229.032
5330,46.7092,1403.58,122.724,1801.6399999999999,30.0493,229.063
7386,46.7114,1402.1,147.223,1801.2599999999998,30.0163,229.068
6992,43.6762,944.365,101.654,1701.0699999999997,21.6219,229.132
3049,45.0426,1093.2,137.477,1728.9499999999998,24.2703,229.201
1354,45.5589,1159.12,135.228,1742.54,25.4423,229.23
2608,45.6485,1170.93,137.467,1745.06,25.651,229.263
7383,45.5717,1160.77,124.334,1742.8899999999999,25.4713,229.274
9870,45.8675,1197.72,125.971,1750.92,26.1127,229.29
5348,44.4853,1026.5,131.501,1715.9899999999998,23.0752,229.425
1706,46.2558,1496.12,128.674,1824.1999999999998,32.3445,229.454
1978,45.3983,1139.7,116.923,1738.4499999999998,25.1044,229.542
6360,46.2001,1242.25,154.76,1761.0699999999997,26.8885,229.562
4049,45.6536,1171.62,133.451,1745.21,25.6633,229.6
3315,43.3416,912.134,115.67,1695.4299999999998,21.0453,229.65
7840,42.3897,817.543,93.6474,1679.06,19.2863,229.702
7959,46.7096,1403.34,139.449,1801.58,30.0439,229.733
5511,44.0358,981.179,127.51,1707.63,22.2814,229.767
6045,46.2899,1255.5,167.164,1764.19,27.1226,229.842
1642,45.2836,1125.48,123.709,1735.5,24.8541,229.882
9391,46.696,1342.09,135.364,1785.6799999999998,28.741,230.039
3342,45.6366,1169.32,172.756,1744.7199999999998,25.6223,230.068
6483,46.4378,1279.75,171.266,1770.0099999999998,27.5583,230.171
5029,46.2622,1495.1,129.385,1823.9699999999998,32.3179,230.368
4234,44.872,1071.67,111.938,1724.6799999999998,23.8829,230.523
8402,46.5552,1302.18,137.256,1775.54,27.9706,230.618
5523,45.5229,1154.6,132.779,1741.58,25.363,230.65
9008,44.147,991.504,109.328,1709.5,22.4591,230.928
6624,46.5221,1295.45,145.537,1773.87,27.8459,230.934
8985,44.9204,1078.13,117.059,1725.9499999999998,24.0008,231.179
6513,46.7375,1378.35,161.738,1795.0899999999997,29.4913,231.209
2411,45.2342,1118.39,127.187,1734.0499999999997,24.7244,231.256
6209,46.4044,1274.0,117.149,1768.62,27.4543,231.273
7770,43.3452,912.502,121.889,1695.5,21.052,231.301
8641,46.0871,1226.92,120.9,1757.52,26.6217,231.43
5441,45.3758,1137.12,142.145,1737.9099999999999,25.0601,231.496
4765,46.2469,1497.55,152.227,1824.52,32.3817,231.694
5114,44.9572,1082.91,99.6784,1726.9,24.0875,231.72
7994,44.2066,997.244,115.892,1710.5499999999997,22.5587,231.837
7575,44.8924,1074.36,144.828,1725.21,23.9318,231.858
3239,44.2396,1000.49,126.128,1711.1399999999999,22.6152,231.951
7186,44.5814,1037.04,111.654,1717.98,23.2617,232.006
6519,44.6299,1042.42,104.015,1719.0099999999998,23.357,232.019
1344,44.204,996.991,123.963,1710.5,22.5543,232.1
3512,44.6023,1039.35,124.78,1718.42,23.3025,232.174
7584,44.8057,1063.2,132.571,1723.02,23.7291,232.187
9721,44.1351,990.369,119.864,1709.29,22.4395,232.191
3917,46.2312,1246.72,133.269,1762.1100000000001,26.967,232.425
8598,45.488,1150.3,116.81,1740.67,25.2881,232.48
8208,46.3749,1479.24,142.797,1820.35,31.8974,232.515
5389,43.5283,930.062,139.612,1698.5499999999997,21.3668,232.737
8429,46.0177,1217.45,132.982,1755.35,26.4562,232.755
2459,44.3987,1016.93,116.257,1714.19,22.9045,232.785
7794,45.3228,1131.18,106.91,1736.6799999999998,24.9583,232.818
7393,45.1914,1112.46,99.2588,1732.8399999999997,24.6167,232.825
9541,46.1264,1232.1,141.559,1758.71,26.7113,232.839
2098,45.1742,1110.14,116.145,1732.37,24.5747,232.863
842,45.6528,1171.51,137.889,1745.19,25.6614,232.894
8808,45.225,1117.1,125.358,1733.79,24.701,233.007
1739,45.6687,1173.71,134.861,1745.6599999999999,25.7005,233.014
3851,46.7416,1384.48,139.235,1796.69,29.6198,233.015
3672,46.2921,1490.56,161.322,1822.94,32.1989,233.201
6566,44.9109,1076.84,115.41,1725.6999999999998,23.9773,233.277
3161,45.2284,1117.59,127.213,1733.88,24.7098,233.288
2550,46.0528,1222.45,146.265,1756.4899999999998,26.5446,233.396
4845,45.0986,1100.23,123.11,1730.3600000000001,24.3961,233.405
6926,46.5371,1298.46,117.411,1774.6100000000001,27.9015,233.44
7802,46.5932,1311.12,127.614,1777.7799999999997,28.1397,233.496
426,44.8609,1070.23,133.767,1724.4,23.8567,233.521
40,43.007,879.234,94.5943,1689.73,20.444,233.558
3304,46.5225,1295.53,134.959,1773.8899999999999,27.8474,233.649
7787,44.9168,1077.63,105.547,1725.8600000000001,23.9917,233.762
9030,46.5942,1311.38,132.909,1777.85,28.1446,233.802
2679,46.7203,1359.66,160.607,1790.23,29.102,233.846
9290,45.1736,1110.06,113.89,1732.35,24.5731,233.86
4272,46.2029,1505.09,125.763,1826.1799999999998,32.5758,234.008
7800,46.6497,1327.01,128.426,1781.81,28.4463,234.187
5814,46.7002,1410.05,132.893,1803.31,30.1937,234.29
8504,44.5826,1037.17,122.127,1718.0099999999998,23.264,234.294
8215,46.7305,1390.46,148.255,1798.25,29.7549,234.326
7906,46.612,1316.17,141.873,1779.0499999999997,28.2366,234.333
4178,45.6421,1170.05,145.952,1744.88,25.6354,234.597
3135,45.8968,1201.39,138.713,1751.7399999999998,26.1759,234.613
3815,46.4481,1281.57,143.63,1770.46,27.5914,234.717
3450,46.71,1403.07,168.557,1801.5099999999998,30.0379,234.814
4722,45.0828,1098.22,127.608,1729.96,24.36,234.92
7909,46.3965,1272.67,153.599,1768.2999999999997,27.4302,234.954
7975,46.7296,1391.0,150.786,1798.3899999999999,29.7669,234.975
8947,43.224,900.306,105.547,1693.38,20.8288,235.036
9417,46.2847,1254.7,106.207,1764.0,27.1083,235.151
7564,45.6366,1169.31,123.205,1744.7199999999998,25.6222,235.155
7257,46.7144,1400.17,114.351,1800.7599999999998,29.9729,235.16
822,46.6515,1429.31,148.582,1808.2199999999998,30.6381,235.22
3007,45.6378,1169.48,121.227,1744.75,25.6252,235.272
54,46.6028,1313.66,141.751,1778.42,28.1884,235.325
1404,46.7073,1404.91,139.851,1801.9899999999998,30.0791,235.359
2564,46.3621,1267.02,135.535,1766.94,27.3287,235.5
9237,44.5361,1032.15,103.759,1717.0499999999997,23.1755,235.516
7507,46.7332,1373.41,175.332,1793.81,29.3883,235.588
8578,44.9307,1079.52,106.319,1726.23,24.0264,235.652
29,45.3208,1130.95,144.215,1736.63,24.9544,235.666
2303,44.2948,1006.04,107.067,1712.17,22.7124,235.754
6584,46.5761,1445.88,121.804,1812.35,31.0433,235.876
3271,46.5424,1299.53,115.365,1774.88,27.9215,235.974
128,44.8896,1073.99,114.047,1725.1399999999999,23.9252,236.041
2819,43.9147,969.137,129.031,1705.46,22.0686,236.069
3591,45.6454,1170.5,142.254,1744.9699999999998,25.6434,236.094
8747,44.2502,1001.54,120.033,1711.3399999999997,22.6337,236.221
8023,46.6996,1410.51,131.633,1803.4299999999998,30.2039,236.24
3989,45.9208,1204.46,137.993,1752.42,26.2291,236.305
9670,45.5648,1159.88,110.528,1742.6999999999998,25.4556,236.345
9325,46.7112,1350.7,122.507,1787.9099999999999,28.916,236.348
8040,44.6464,1044.28,104.693,1719.37,23.39,236.649
6206,46.6972,1412.38,122.166,1803.9099999999999,30.2456,236.7
3220,45.709,1179.09,118.754,1746.83,25.7956,236.76
5023,45.624,1167.62,111.069,1744.35,25.5922,236.995
2442,45.6342,1168.99,126.94,1744.65,25.6165,237.006
6593,46.548,1453.14,131.563,1814.13,31.2181,237.014
5448,46.1635,1237.13,153.372,1759.88,26.7989,237.131
5118,44.4931,1027.39,135.799,1716.15,23.091,237.164
1408,46.3522,1265.42,120.578,1766.5499999999997,27.3002,237.188
6002,46.2023,1505.21,140.149,1826.21,32.5786,237.226
4511,46.7221,1395.32,145.642,1799.5099999999998,29.8642,237.403
4690,46.3105,1487.89,158.912,1822.3399999999997,32.1287,237.409
6851,44.587,1037.66,126.319,1718.1,23.2727,237.576
5065,44.6389,1043.43,116.103,1719.1999999999998,23.375,237.721
7370,44.3534,1012.11,130.278,1713.29,22.8192,237.736
3498,46.2518,1496.76,165.942,1824.3399999999997,32.3612,237.746
8824,46.606,1314.54,151.344,1778.6399999999999,28.2053,237.748
935,44.808,1063.49,136.371,1723.08,23.7344,237.755
5108,45.2655,1122.86,110.901,1734.96,24.806,237.835
7077,45.5584,1159.06,131.372,1742.5299999999997,25.4413,237.841
8687,45.1896,1112.22,113.365,1732.79,24.6123,237.845
2794,44.8742,1071.95,115.174,1724.7399999999998,23.888,237.853
6418,44.1278,989.678,110.039,1709.17,22.4276,237.93
5742,44.9036,1075.85,125.67,1725.5,23.9592,237.965
3091,46.2838,1491.8,144.177,1823.23,32.2316,237.993
2868,46.709,1403.76,119.044,1801.69,30.0533,238.102
1234,46.2106,1503.7,143.78,1825.88,32.5402,238.149
7071,44.9201,1078.08,152.216,1725.94,23.9999,238.156
7246,46.3104,1487.9,141.252,1822.3399999999997,32.1289,238.321
6836,46.2358,1499.38,142.245,1824.92,32.429,238.33
8750,44.5737,1036.21,122.609,1717.8199999999997,23.247,238.402
3096,45.2181,1116.15,130.016,1733.5899999999997,24.6836,238.533
4694,46.3143,1487.36,152.312,1822.2199999999998,32.1144,238.653
2436,44.8284,1066.06,123.108,1723.58,23.7808,238.711
5481,46.7111,1402.33,142.409,1801.3199999999997,30.0213,238.734
958,46.3838,1478.12,147.748,1820.0899999999997,31.8672,238.969
6356,46.1244,1231.83,107.355,1758.65,26.7067,238.997
737,46.2797,1492.41,183.013,1823.3600000000001,32.2475,239.013
9881,44.2924,1005.8,118.709,1712.12,22.7081,239.152
4001,46.7331,1373.25,136.737,1793.77,29.385,239.192
511,45.8751,1198.67,148.207,1751.13,26.1291,239.204
5655,45.5765,1161.38,113.523,1743.02,25.4821,239.256
5138,44.1463,991.435,120.126,1709.48,22.4579,239.472
414,44.4937,1027.46,98.6844,1716.17,23.0923,239.494
5568,45.2118,1115.26,109.054,1733.4099999999999,24.6675,239.51
3444,44.9884,1086.61,143.268,1727.6399999999999,24.1532,239.535
5478,45.9151,1203.73,111.641,1752.2599999999998,26.2164,239.614
9096,43.5211,929.382,109.403,1698.4299999999998,21.3548,239.68
316,45.7923,1188.66,114.073,1748.92,25.9576,239.719
6023,44.861,1070.24,122.905,1724.4,23.8567,239.758
2399,46.5254,1296.09,151.698,1774.0299999999997,27.8578,240.049
7140,41.9074,761.147,117.85,1669.2799999999997,18.1626,240.083
3726,45.3069,1128.93,146.743,1736.21,24.9173,240.128
9701,44.9142,1077.29,115.234,1725.79,23.9855,240.133
9847,45.2982,1127.64,120.568,1735.9499999999998,24.8936,240.231
4436,46.7217,1361.05,147.189,1790.5899999999997,29.1311,240.256
1459,45.3134,1129.89,112.113,1736.4099999999999,24.9351,240.279
3885,44.6548,1045.24,129.889,1719.5499999999997,23.407,240.333
4584,46.0108,1216.49,135.589,1755.13,26.4392,240.419
8738,46.1586,1236.46,124.668,1759.7199999999998,26.7872,240.492
708,45.9709,1211.04,126.243,1753.9,26.3437,240.602
3618,45.9807,1212.36,160.72,1754.1999999999998,26.3668,240.676
1980,44.4437,1021.84,129.486,1715.1100000000001,22.9918,240.702
5413,45.2916,1126.65,135.435,1735.7399999999998,24.8756,240.713
2171,46.6237,1319.42,122.608,1779.88,28.2994,240.76
2498,46.7418,1383.49,115.886,1796.4299999999998,29.5985,240.817
2187,44.4216,1019.41,134.582,1714.65,22.9486,240.915
8923,45.6636,1173.0,107.189,1745.5099999999998,25.6879,240.973
9674,44.7111,1051.75,129.958,1720.7999999999997,23.5232,241.04
9977,46.7202,1396.49,144.666,1799.81,29.8904,241.491
7198,46.3337,1484.66,174.733,1821.6,32.0428,241.562
1483,44.1875,995.381,107.049,1710.21,22.5263,241.874
763,45.4044,1140.4,138.283,1738.5899999999997,25.1165,241.949
2032,46.5583,1302.83,135.014,1775.6999999999998,27.9828,242.363
8301,44.5082,1029.12,108.173,1716.48,23.1221,242.388
3955,46.2896,1490.92,137.97,1823.0299999999997,32.2086,242.392
1987,46.3598,1481.19,143.885,1820.7999999999997,31.9499,242.425
6563,44.9123,1077.03,102.518,1725.7399999999998,23.9807,242.439
1436,45.7562,1184.46,99.7821,1748.0,25.8862,242.489
3795,46.7,1410.19,123.424,1803.3399999999997,30.1968,242.553
8336,45.8624,1197.1,137.889,1750.7799999999997,26.1021,242.71
8316,45.216,1115.85,100.799,1733.5299999999997,24.6782,242.761
8062,45.1699,1109.56,134.418,1732.25,24.5641,242.899
5533,45.2471,1120.22,120.527,1734.42,24.7578,242.999
9565,46.3618,1480.93,152.367,1820.7399999999998,31.9429,243.135
3732,46.6167,1317.45,155.318,1779.38,28.2614,243.151
6672,46.7111,1402.33,117.954,1801.3199999999997,30.0213,243.178
2224,45.0334,1092.06,113.219,1728.7199999999998,24.2501,243.2
6858,46.3655,1480.45,147.488,1820.63,31.93,243.205
1410,46.3591,1266.53,123.527,1766.8199999999997,27.3201,243.433
9161,45.3702,1136.48,126.368,1737.7799999999997,25.0491,243.464
7641,46.6186,1436.11,155.285,1809.9299999999998,30.8055,243.483
7810,44.8855,1073.45,132.249,1725.0299999999997,23.9153,243.497
5237,44.7041,1050.93,138.61,1720.6399999999999,23.5085,243.507
6110,45.657,1172.09,136.788,1745.31,25.6716,243.607
1639,46.4066,1274.38,130.075,1768.71,27.4611,243.715
5395,44.5952,1038.56,130.007,1718.27,23.2886,243.947
3797,46.4522,1469.99,112.884,1818.19,31.6453,244.017
8812,45.9209,1204.47,106.441,1752.42,26.2293,244.035
9013,46.2313,1246.73,127.518,1762.12,26.9673,244.039
3950,46.4905,1289.34,135.578,1772.3600000000001,27.7334,244.108
5849,46.7129,1401.14,158.872,1801.0099999999998,29.9947,244.334
8553,43.1173,889.828,134.453,1691.56,20.6374,244.365
2335,45.9655,1210.32,121.825,1753.7399999999998,26.331,244.369
4866,45.547,1157.62,122.717,1742.2199999999998,25.4159,244.37
4688,46.5123,1293.53,150.307,1773.3899999999999,27.8105,244.558
9512,46.248,1497.37,136.984,1824.4699999999998,32.3769,244.641
9441,45.9543,1208.84,125.558,1753.4,26.3052,244.789
4464,46.6902,1418.23,140.019,1805.4,30.3753,244.861
9365,46.5684,1304.98,126.679,1776.2399999999998,28.0229,244.866
6327,46.4895,1289.16,108.646,1772.3199999999997,27.7301,244.879
8453,45.7469,1183.39,143.749,1747.77,25.8682,245.037
1924,44.4246,1019.74,130.87,1714.71,22.9543,245.047
9411,46.4702,1285.56,153.462,1771.4299999999998,27.6642,245.299
390,44.8735,1071.87,105.41,1724.7199999999998,23.8865,245.328
2282,45.2071,1114.62,115.443,1733.2799999999997,24.6559,245.493
694,45.2753,1124.27,107.367,1735.25,24.8319,245.574
1050,46.7026,1408.27,165.329,1802.85,30.1539,245.975
9807,44.5404,1032.6,130.478,1717.1399999999999,23.1835,246.075
1794,46.2065,1504.43,135.081,1826.04,32.5589,246.372
891,46.2735,1493.36,159.997,1823.58,32.2724,246.423
7086,46.7362,1376.87,129.976,1794.71,29.4605,246.509
8473,44.8956,1074.79,125.167,1725.29,23.9397,246.542
6267,46.3815,1478.41,128.786,1820.1599999999999,31.875,246.545
379,46.2558,1496.12,158.214,1824.1999999999998,32.3445,246.581
1819,45.2922,1126.74,137.341,1735.7599999999998,24.8771,246.587
4177,44.4989,1028.06,124.451,1716.2799999999997,23.103,246.613
9608,46.0401,1220.63,147.161,1756.08,26.5123,246.844
487,45.5508,1158.1,139.575,1742.3199999999997,25.4244,247.083
7496,44.6865,1048.87,133.009,1720.25,23.4717,247.132
532,42.5038,828.984,104.384,1681.04,19.5038,247.371
9011,43.6978,946.516,116.047,1701.44,21.6605,247.41
8593,44.339,1010.59,103.12,1713.0099999999998,22.7925,247.6
8998,46.5212,1460.93,150.518,1816.02,31.4035,247.617
2807,46.4265,1277.77,128.959,1769.5299999999997,27.5225,247.726
3610,46.3199,1486.57,136.683,1822.04,32.0936,247.83
6568,46.3722,1479.59,148.8,1820.4299999999998,31.9069,247.84
7615,46.6006,1440.07,144.452,1810.9099999999999,30.9025,248.009
4261,46.7412,1384.71,124.642,1796.75,29.6249,248.028
3264,46.7119,1401.76,145.127,1801.17,30.0086,248.052
4504,43.1654,894.523,108.211,1692.37,20.7231,248.209
392,45.7503,1183.78,130.471,1747.85,25.8748,248.228
3695,46.6169,1317.52,141.961,1779.4,28.2627,248.584
6127,46.6855,1422.57,148.732,1806.5099999999998,30.4714,248.66
5205,45.1615,1108.44,116.797,1732.02,24.5438,248.686
3545,45.3575,1135.05,139.024,1737.48,25.0246,248.731
4991,46.5031,1291.74,116.353,1772.9499999999998,27.7775,248.74
9793,43.2434,902.234,117.049,1693.71,20.8641,248.759
2201,44.4567,1023.28,120.127,1715.38,23.0176,248.768
4897,46.4601,1283.73,109.085,1770.9899999999998,27.6308,248.791
9654,44.9004,1075.42,130.709,1725.42,23.9513,248.974
4270,46.0713,1224.87,144.126,1757.0499999999997,26.5865,249.329
4091,46.6325,1321.94,124.99,1780.52,28.348,249.391
8219,45.9894,1213.55,167.294,1754.4699999999998,26.3876,249.475
3044,46.3289,1485.32,151.74,1821.75,32.0603,249.558
5863,44.5381,1032.36,113.535,1717.0899999999997,23.1792,250.057
6628,46.486,1288.5,116.942,1772.15,27.7179,250.156
5660,44.8084,1063.53,142.353,1723.0899999999997,23.7352,250.214
2711,45.7942,1188.88,141.225,1748.9699999999998,25.9613,250.237
6974,43.4542,923.159,110.253,1697.35,21.2444,250.27
7284,45.641,1169.9,134.168,1744.8399999999997,25.6328,250.276
5559,43.3629,914.315,112.359,1695.81,21.0852,250.337
8716,46.7282,1391.8,132.364,1798.6,29.785,250.458
547,42.3148,810.147,113.93,1677.77,19.1457,250.54
1444,45.9807,1212.36,144.535,1754.1999999999998,26.3668,250.553
8733,45.2669,1123.05,111.615,1735.0,24.8095,250.605
1051,45.9562,1209.09,112.358,1753.46,26.3096,250.702
4639,45.0356,1092.34,110.59,1728.7799999999997,24.255,250.859
5069,44.6183,1041.12,119.406,1718.7599999999998,23.3339,250.887
6314,46.0768,1225.58,122.186,1757.21,26.5987,250.98
2524,46.2217,1245.34,139.296,1761.79,26.9427,251.135
6964,45.8242,1192.44,131.789,1749.75,26.0221,251.216
7015,46.502,1291.52,128.367,1772.9,27.7735,251.396
9638,46.2375,1499.1,167.485,1824.8600000000001,32.4217,251.405
3209,44.5731,1036.14,128.274,1717.81,23.2458,251.442
6639,45.7845,1187.74,133.123,1748.7199999999998,25.9419,251.524
4966,44.6034,1039.47,128.092,1718.4499999999998,23.3047,251.579
1328,46.1595,1236.58,151.904,1759.75,26.7893,251.687
5587,44.5977,1038.83,142.787,1718.3199999999997,23.2934,251.691
5764,46.5221,1460.66,124.148,1815.9499999999998,31.3971,251.713
8726,46.5636,1303.95,154.716,1775.98,28.0036,251.795
6952,45.3115,1129.62,133.839,1736.3600000000001,24.93,251.846
9158,45.5108,1153.09,140.312,1741.2599999999998,25.3366,251.848
3346,46.2008,1505.46,187.751,1826.2599999999998,32.5852,251.962
4025,45.6835,1175.77,158.006,1746.1100000000001,25.7374,251.965
4878,44.9043,1075.94,117.707,1725.52,23.9609,252.017
3982,45.0276,1091.35,169.539,1728.58,24.2374,252.071
7365,46.365,1267.49,114.018,1767.0499999999997,27.3372,252.073
787,45.9908,1213.74,144.474,1754.5099999999998,26.391,252.173
5485,46.579,1307.43,133.425,1776.85,28.069,252.228
4063,46.2306,1246.62,117.3,1762.0899999999997,26.9653,252.31
9122,45.3386,1132.93,128.605,1737.04,24.9883,252.32
8497,46.4596,1283.64,147.011,1770.96,27.6292,252.359
692,44.7857,1060.72,119.979,1722.54,23.6844,252.639
9639,45.6354,1169.15,135.05,1744.6799999999998,25.6193,252.664
6675,45.2443,1119.82,138.209,1734.3399999999997,24.7505,252.891
8135,46.7124,1401.46,121.715,1801.1,30.0019,252.957
682,45.9628,1209.97,121.812,1753.6599999999999,26.3249,252.988
7812,46.3286,1485.36,137.595,1821.7599999999998,32.0615,253.001
6534,46.2112,1243.83,129.889,1761.44,26.9161,253.013
3157,46.7034,1407.7,143.329,1802.71,30.1414,253.149
4442,46.2049,1504.73,160.058,1826.1,32.5666,253.205
2540,46.653,1328.01,139.724,1782.06,28.4657,253.316
4022,45.9778,1211.97,179.358,1754.1100000000001,26.3599,253.366
495,46.1404,1233.98,132.905,1759.15,26.7441,253.399
712,45.2096,1114.96,139.236,1733.35,24.6621,253.458
7889,45.2266,1117.33,131.782,1733.83,24.7051,253.592
4490,46.7173,1398.3,123.928,1800.2799999999997,29.9312,253.611
2015,46.7117,1351.17,140.531,1788.0299999999997,28.9257,253.678
3620,46.4459,1281.17,123.486,1770.3600000000001,27.5842,253.83
5063,46.4845,1288.22,130.22,1772.08,27.7128,253.922
645,44.7156,1052.27,146.911,1720.9,23.5325,253.965
4343,45.6612,1172.67,157.07,1745.44,25.682,253.987
4686,44.582,1037.1,135.734,1717.9899999999998,23.2629,254.189
7321,44.6897,1049.24,118.131,1720.3199999999997,23.4784,254.375
9435,44.4473,1022.25,107.019,1715.1799999999998,22.999,254.416
6620,46.6877,1339.23,121.394,1784.94,28.6848,254.417
871,44.0451,982.027,103.261,1707.7799999999997,22.2959,254.466
5366,45.6562,1171.99,118.479,1745.29,25.6698,254.59
7822,44.4155,1018.74,126.999,1714.5299999999997,22.9367,254.599
573,45.8189,1191.82,136.223,1749.6100000000001,26.0114,254.604
6891,44.1034,987.398,120.905,1708.75,22.3882,254.734
8496,43.7178,948.517,104.246,1701.7999999999997,21.6964,254.859
8396,45.0953,1099.8,158.246,1730.2799999999997,24.3885,254.894
4733,46.3775,1269.53,163.193,1767.54,27.3738,255.083
3793,46.6044,1314.11,140.358,1778.5299999999997,28.197,255.142
7139,45.3807,1137.68,128.003,1738.0299999999997,25.0697,255.161
5933,46.4999,1291.13,126.555,1772.7999999999997,27.7662,255.233
1533,46.5918,1310.73,122.269,1777.6799999999998,28.1322,255.311
1925,46.7314,1389.96,165.123,1798.12,29.7435,255.311
6583,46.3371,1262.95,147.58,1765.96,27.2558,255.35
2704,46.6419,1324.69,135.506,1781.2199999999998,28.4012,255.358
6988,44.8239,1065.49,128.7,1723.4699999999998,23.7706,255.41
6994,46.6069,1314.78,123.094,1778.6999999999998,28.21,255.413
1534,46.576,1445.89,130.515,1812.35,31.0437,255.537
9111,46.2456,1248.82,123.605,1762.6100000000001,27.0042,255.835
3526,44.9363,1080.29,135.258,1726.38,24.0405,255.941
929,45.4815,1149.51,141.959,1740.5,25.2743,255.995
5925,43.7493,951.711,121.21,1702.3600000000001,21.7537,256.212
7346,45.6684,1173.67,129.398,1745.65,25.6997,256.373
6660,43.9622,974.363,151.831,1706.4,22.1637,256.424
535,46.7259,1365.42,146.351,1791.73,29.222,256.5
9645,44.8971,1074.98,124.319,1725.33,23.9433,256.549
2741,46.3358,1484.37,127.122,1821.54,32.0351,256.644
7816,44.0271,980.39,129.923,1707.48,22.2679,256.694
3569,46.5514,1452.23,139.184,1813.9099999999999,31.1963,256.815
7223,45.4082,1140.84,154.934,1738.69,25.1241,256.853
7540,46.6197,1435.87,160.846,1809.8600000000001,30.7996,256.875
5613,46.3005,1489.33,149.543,1822.67,32.1665,256.956
7248,44.1653,993.248,120.925,1709.8199999999997,22.4893,257.045
9301,46.2509,1496.9,155.729,1824.37,32.3648,257.05
196,46.2119,1243.92,126.607,1761.46,26.9178,257.073
8204,46.2349,1499.53,133.092,1824.9499999999998,32.4329,257.167
9523,45.4897,1150.51,122.084,1740.71,25.2917,257.176
8588,46.4933,1465.48,153.393,1817.1100000000001,31.5202,257.287
9363,46.434,1279.09,112.534,1769.85,27.5463,257.328
6380,46.0121,1216.67,132.245,1755.17,26.4425,257.521
1910,46.7164,1398.86,154.968,1800.4299999999998,29.9436,257.709
8724,44.4262,1019.92,141.136,1714.75,22.9576,257.817
4090,46.0004,1215.05,114.652,1754.81,26.4139,257.835
3478,46.2856,1254.84,137.668,1764.0299999999997,27.1108,257.966
8221,46.4554,1282.88,139.971,1770.7799999999997,27.6154,258.026
1498,46.6924,1340.84,153.739,1785.35,28.7164,258.125
2093,46.7117,1351.17,146.513,1788.0299999999997,28.9256,258.316
5720,46.3315,1484.97,201.024,1821.67,32.0509,258.319
1565,45.3026,1128.29,116.192,1736.08,24.9056,258.355
7438,43.3505,913.052,109.443,1695.5899999999997,21.0621,258.402
7853,45.647,1170.72,118.522,1745.02,25.6473,258.553
1222,46.2825,1491.99,205.117,1823.27,32.2365,258.747
7859,46.4624,1284.15,126.628,1771.0899999999997,27.6385,258.778
326,45.2384,1118.98,165.721,1734.17,24.7353,258.792
1455,45.4154,1141.67,147.496,1738.8600000000001,25.1385,258.834
3809,45.051,1094.23,133.527,1729.1599999999999,24.2888,258.868
4853,46.2898,1490.9,149.387,1823.02,32.2079,258.905
6681,46.6158,1317.22,149.658,1779.3199999999997,28.2568,258.916
8468,44.4243,1019.71,125.77,1714.71,22.9538,258.942
8937,45.2483,1120.39,117.056,1734.46,24.7609,258.964
4440,46.3402,1483.78,151.205,1821.4,32.0192,259.002
8138,46.7154,1399.53,160.962,1800.6,29.9586,259.015
5805,43.5957,936.483,133.485,1699.6799999999998,21.4811,259.032
1372,44.6027,1039.39,125.395,1718.4299999999998,23.3033,259.048
2800,46.7055,1406.2,153.842,1802.3199999999997,30.1079,259.076
1609,46.7284,1368.14,162.297,1792.44,29.2784,259.099
2561,46.3065,1488.46,129.594,1822.4699999999998,32.1437,259.133
4189,46.608,1315.07,141.251,1778.7799999999997,28.2155,259.217
5522,46.7027,1408.22,151.495,1802.8399999999997,30.153,259.263
1113,46.2606,1495.36,157.781,1824.02,32.3247,259.353
6508,46.7065,1405.48,151.804,1802.13,30.0919,259.521
2877,46.7285,1368.19,143.836,1792.4499999999998,29.2797,259.698
7965,46.1585,1236.44,164.656,1759.7199999999998,26.7869,259.715
1842,46.2718,1493.62,192.794,1823.63,32.2793,259.806
9544,46.1974,1506.08,129.35,1826.4,32.601,259.963
5671,46.4857,1288.43,147.531,1772.1399999999999,27.7168,260.058
4918,46.4378,1279.76,169.931,1770.02,27.5585,260.218
961,43.2517,903.067,116.94,1693.8600000000001,20.8793,260.221
586,46.1311,1232.73,155.505,1758.8600000000001,26.7224,260.321
8891,43.6612,942.876,110.091,1700.7999999999997,21.5953,260.624
7694,46.7059,1345.73,125.913,1786.62,28.8129,260.722
5987,46.3361,1262.8,182.855,1765.9299999999998,27.253,260.753
8963,43.3068,908.609,118.531,1694.8199999999997,20.9807,260.927
970,44.6048,1039.62,125.517,1718.4699999999998,23.3073,261.012
5059,44.6439,1044.0,115.209,1719.31,23.3849,261.068
6530,46.1554,1236.03,143.026,1759.62,26.7797,261.298
367,46.742,1383.68,136.99,1796.48,29.6025,261.639
4981,46.2948,1256.27,120.776,1764.37,27.1362,261.656
4882,44.2064,997.227,136.273,1710.54,22.5584,261.667
3921,46.2237,1501.42,123.812,1825.37,32.4816,261.743
6814,46.5753,1306.49,115.844,1776.62,28.0512,261.808
8362,46.2337,1499.73,161.656,1825.0,32.4381,262.123
5906,46.282,1492.07,146.758,1823.29,32.2386,262.147
9594,46.1204,1231.3,116.53,1758.5299999999997,26.6975,262.2
4590,45.4689,1148.0,123.784,1740.19,25.248,262.5
2185,46.2164,1244.58,140.8,1761.6100000000001,26.9293,262.672
9051,46.0775,1225.67,148.924,1757.23,26.6001,262.713
4515,46.6478,1326.44,153.24,1781.6599999999999,28.4352,262.737
5229,45.6079,1165.48,149.255,1743.8899999999999,25.5543,262.813
6301,46.7419,1383.64,152.828,1796.4699999999998,29.6017,262.97
6933,46.7203,1396.42,154.107,1799.79,29.8889,263.079
8045,46.5589,1302.97,136.296,1775.7399999999998,27.9853,263.549
9468,44.7926,1061.57,117.222,1722.71,23.6996,263.617
6558,44.8097,1063.7,151.148,1723.12,23.7382,263.678
4406,46.3727,1479.52,151.801,1820.42,31.905,263.749
2146,43.6856,945.294,115.767,1701.23,21.6386,263.767
3555,46.7059,1405.87,135.058,1802.23,30.1004,263.859
3696,46.3096,1488.03,139.66,1822.37,32.1322,263.865
1549,46.1078,1229.63,135.646,1758.1399999999999,26.6686,263.872
873,46.3198,1486.59,138.909,1822.04,32.094,263.925
9848,46.0053,1215.73,133.871,1754.96,26.4258,264.03
1072,46.4047,1274.05,140.876,1768.63,27.4553,264.033
7884,46.7316,1389.88,124.866,1798.1,29.7419,264.047
3210,46.2037,1504.94,150.424,1826.15,32.5719,264.26
724,46.7047,1406.76,139.47,1802.46,30.1204,264.27
2900,46.2639,1251.55,121.204,1763.25,27.0525,264.365
781,46.5904,1310.38,145.485,1777.5899999999997,28.1254,264.449
9293,44.6511,1044.81,150.768,1719.4699999999998,23.3993,264.492
8007,46.7127,1401.28,153.119,1801.0499999999997,29.9978,264.496
6857,44.9103,1076.76,133.224,1725.6799999999998,23.9758,264.556
8610,46.3763,1479.07,145.179,1820.31,31.8927,264.618
431,44.5925,1038.27,118.008,1718.2199999999998,23.2834,264.626
2778,46.2589,1495.63,149.854,1824.0899999999997,32.3318,264.771
4827,43.6893,945.666,121.367,1701.29,21.6452,264.822
133,45.8396,1194.31,149.307,1750.17,26.0542,264.849
5243,46.1115,1230.12,129.948,1758.25,26.6771,264.884
6291,46.2004,1505.54,178.047,1826.2799999999997,32.5871,264.915
89,46.3646,1480.57,142.381,1820.6599999999999,31.9332,264.993
2917,45.4782,1149.12,131.972,1740.42,25.2674,265.052
2266,46.5891,1442.75,133.347,1811.58,30.9676,265.075
3582,45.9047,1202.4,135.433,1751.96,26.1934,265.325
1600,44.5792,1036.8,125.574,1717.94,23.2575,265.336
4762,46.6935,1415.4,143.231,1804.6799999999998,30.3125,265.479
4790,46.7187,1397.44,159.517,1800.06,29.9117,265.59
9581,46.5008,1464.68,144.236,1816.92,31.4979,265.596
344,45.5291,1155.36,143.144,1741.7399999999998,25.3764,265.721
4583,46.0222,1218.09,124.647,1755.5,26.4673,265.748
3119,45.8326,1193.46,147.321,1749.98,26.0395,265.789
9382,46.2843,1491.72,139.984,1823.21,32.2294,265.837
7595,46.3835,1478.16,151.196,1820.1,31.8682,265.849
7033,46.5413,1299.31,144.471,1774.83,27.9174,265.917
8646,46.2342,1499.65,153.589,1824.98,32.4359,266.117
6073,45.2232,1116.85,146.824,1733.73,24.6964,266.185
6184,46.2659,1251.85,128.642,1763.3199999999997,27.0577,266.29
4744,44.588,1037.76,117.164,1718.12,23.2745,266.377
6653,46.4338,1279.05,142.714,1769.8399999999997,27.5457,266.536
3565,45.3852,1138.19,128.653,1738.13,25.0785,266.607
4795,46.207,1504.35,173.122,1826.02,32.5568,266.637
7054,45.2267,1117.35,109.072,1733.8399999999997,24.7055,266.71
4056,45.5527,1158.34,112.776,1742.37,25.4285,267.101
9794,46.5201,1295.05,124.824,1773.77,27.8385,267.103
3406,46.0126,1216.74,137.176,1755.19,26.4437,267.152
4620,46.5238,1295.78,129.199,1773.9499999999998,27.852,267.17
8181,46.3876,1477.65,141.753,1819.98,31.8543,267.306
561,43.5605,933.109,127.195,1699.0899999999997,21.421,267.326
1679,46.5388,1298.81,129.805,1774.6999999999998,27.908,267.423
6017,46.2287,1500.58,156.638,1825.19,32.4599,267.553
959,46.446,1281.2,136.875,1770.37,27.5847,267.898
5917,46.7339,1374.2,145.992,1794.0099999999998,29.4049,268.164
2872,46.7193,1358.54,143.408,1789.94,29.0788,268.225
6283,45.8406,1194.43,148.931,1750.19,26.0562,268.295
6358,46.568,1304.89,126.06,1776.2199999999998,28.0212,268.352
5107,46.1032,1229.02,127.406,1758.0,26.658,268.606
5887,45.571,1160.68,145.768,1742.87,25.4697,268.608
19,43.2424,902.133,123.736,1693.69,20.8623,268.611
3054,46.3636,1267.27,140.335,1767.0,27.3332,268.775
4301,46.2251,1501.18,169.42,1825.3199999999997,32.4755,268.958
2152,46.4586,1283.46,127.276,1770.92,27.6258,268.994
9802,43.9208,969.798,127.923,1705.58,22.0806,269.009
8858,46.6868,1421.36,168.297,1806.1999999999998,30.4446,269.01
4836,44.6023,1039.34,117.133,1718.42,23.3024,269.063
5696,46.7332,1388.96,140.577,1797.8600000000001,29.7211,269.068
2885,45.3543,1134.69,121.016,1737.4099999999999,25.0183,269.286
9825,44.9314,1079.63,120.395,1726.25,24.0283,269.327
6659,46.6973,1342.58,150.206,1785.7999999999997,28.7506,269.336
605,46.4632,1468.75,115.183,1817.8899999999999,31.6111,269.521
8647,45.8515,1195.76,144.952,1750.4899999999998,26.079,269.548
9863,45.6205,1167.15,125.45,1744.25,25.5839,269.615
6139,46.2938,1490.31,158.701,1822.8899999999999,32.1923,269.688
5605,46.5904,1310.37,131.888,1777.5899999999997,28.1254,270.16
8600,46.7161,1399.09,160.288,1800.48,29.9487,270.307
2712,46.3455,1264.33,135.537,1766.29,27.2805,270.316
9197,44.5885,1037.82,147.409,1718.13,23.2755,270.486
1150,46.1716,1238.25,134.997,1760.1399999999999,26.8185,270.5
1003,46.732,1389.65,162.788,1798.04,29.7366,270.556
2897,46.5311,1457.95,147.142,1815.2999999999997,31.3328,270.603
9260,44.0075,978.627,117.497,1707.17,22.2377,271.222
3673,46.2214,1501.82,157.45,1825.46,32.4919,271.288
63,43.0336,881.763,131.206,1690.1599999999999,20.4901,271.303
6106,46.7296,1391.0,132.795,1798.3899999999999,29.7671,271.47
4758,45.8698,1198.02,165.943,1750.9899999999998,26.1178,271.698
1179,44.6696,1046.92,117.425,1719.87,23.437,271.817
8345,46.7085,1348.12,136.812,1787.2399999999998,28.8625,271.821
8956,44.8424,1067.84,121.31,1723.9299999999998,23.8132,271.857
441,45.6757,1174.68,149.231,1745.87,25.7179,271.919
3103,46.5273,1296.48,158.327,1774.12,27.8649,271.973
1367,44.1865,995.286,118.067,1710.19,22.5247,272.029
95,46.3391,1483.93,151.702,1821.44,32.0233,272.39
1461,46.0871,1226.91,153.881,1757.5099999999998,26.6216,272.702
9698,46.6253,1319.86,134.605,1779.9899999999998,28.3077,272.957
2640,43.6486,941.637,119.094,1700.58,21.5731,273.026
3245,46.6693,1425.88,150.681,1807.35,30.5529,273.138
5513,46.702,1408.72,120.968,1802.9699999999998,30.1641,273.143
2154,46.2649,1494.69,160.536,1823.87,32.3071,273.23
2546,46.392,1271.92,124.593,1768.12,27.4168,273.277
5279,46.4712,1467.88,158.565,1817.6799999999998,31.5868,273.316
9620,45.8585,1196.62,171.519,1750.67,26.0937,273.333
8654,46.2069,1504.38,117.941,1826.02,32.5574,273.427
61,46.0113,1216.56,125.924,1755.15,26.4405,273.489
7433,43.5955,936.472,113.048,1699.6799999999998,21.4809,273.514
829,44.2601,1002.54,127.117,1711.52,22.651,273.578
2482,46.2474,1497.47,158.197,1824.5,32.3795,273.752
7742,44.8954,1074.76,162.83,1725.29,23.9393,273.753
1309,46.5305,1297.12,154.498,1774.2799999999997,27.8768,273.812
8327,44.465,1024.21,130.679,1715.5499999999997,23.0341,273.936
5570,45.5708,1160.65,125.182,1742.8600000000001,25.4692,273.961
7814,46.3288,1485.33,164.242,1821.7599999999998,32.0606,273.962
1899,45.2332,1118.25,131.478,1734.02,24.7218,274.041
5758,46.3358,1484.37,166.716,1821.54,32.0351,274.048
278,46.5467,1300.41,171.322,1775.1,27.9378,274.123
4503,45.7333,1181.84,132.073,1747.4299999999998,25.8419,274.258
8953,46.6861,1421.95,153.246,1806.35,30.4577,274.323
7047,45.365,1135.9,131.53,1737.6599999999999,25.0391,274.659
4792,46.5963,1311.94,168.82,1777.9899999999998,28.1554,274.867
7546,46.7082,1404.3,132.559,1801.83,30.0655,274.95
1144,45.0463,1093.65,155.7,1729.04,24.2784,275.188
6456,46.4308,1472.45,140.04,1818.77,31.7128,275.244
4592,46.3002,1489.37,135.578,1822.6799999999998,32.1676,275.445
8002,46.0498,1222.02,132.076,1756.3899999999999,26.5369,275.451
1395,46.6891,1419.2,155.077,1805.65,30.3968,275.548
5314,46.551,1452.34,135.095,1813.9299999999998,31.1988,275.559
1583,46.2403,1498.63,158.899,1824.75,32.4096,275.613
7378,44.6245,1041.81,126.892,1718.8899999999999,23.3461,275.733
4798,45.7262,1181.02,119.216,1747.25,25.8282,275.816
3081,46.5936,1441.69,163.438,1811.31,30.9419,275.825
1061,44.5252,1030.99,129.958,1716.83,23.1551,275.862
1310,46.2738,1493.3,155.335,1823.56,32.2709,276.036
5688,46.5373,1298.49,152.43,1774.62,27.9021,276.078
6507,44.9426,1081.17,122.271,1726.56,24.0567,276.088
7612,46.3107,1487.86,142.129,1822.33,32.1278,276.135
5285,44.8855,1073.45,128.017,1725.0299999999997,23.9154,276.298
2177,46.6681,1426.1,130.096,1807.4099999999999,30.5584,276.348
4940,46.252,1249.77,148.445,1762.83,27.0209,276.514
9044,46.09,1227.3,126.268,1757.6,26.6283,276.722
1499,46.7141,1400.33,177.746,1800.81,29.9766,276.8
2984,46.7142,1400.3,136.836,1800.7999999999997,29.9758,276.932
6419,46.3104,1487.91,134.008,1822.3399999999997,32.1291,276.966
7587,46.7238,1394.31,164.947,1799.25,29.8415,276.983
3765,46.7025,1408.35,141.677,1802.87,30.1558,276.983
599,46.7421,1383.85,149.76,1796.5299999999997,29.6061,277.074
589,46.3569,1481.56,172.654,1820.8899999999999,31.9598,277.4
9962,44.224,998.951,114.756,1710.8600000000001,22.5884,277.429
9036,46.2791,1492.49,183.962,1823.38,32.2498,277.527
2766,46.6279,1320.6,132.881,1780.1799999999998,28.3221,277.536
8766,46.7194,1358.64,162.715,1789.9699999999998,29.0809,277.732
1078,44.9111,1076.86,124.481,1725.6999999999998,23.9777,277.822
2746,46.7277,1392.08,119.903,1798.67,29.7914,277.826
139,46.7071,1405.04,161.328,1802.02,30.0819,277.827
867,46.6191,1318.12,157.915,1779.5499999999997,28.2742,277.906
2852,45.5074,1152.68,140.078,1741.17,25.3294,278.177
1142,46.2904,1490.8,163.196,1823.0,32.2054,278.304
8087,46.2624,1495.07,163.938,1823.96,32.3171,278.387
78,46.7409,1382.41,134.566,1796.15,29.5759,278.478
4454,45.6347,1169.06,130.766,1744.6599999999999,25.6178,278.804
9184,46.1491,1235.16,135.627,1759.42,26.7646,278.837
4281,46.2873,1491.27,131.482,1823.1100000000001,32.2177,278.985
5961,46.2217,1501.77,164.271,1825.4499999999998,32.4907,279.019
143,46.4689,1285.34,126.035,1771.38,27.6601,279.162
2600,46.51,1293.08,136.17,1773.2799999999997,27.8022,279.323
7627,45.6028,1164.81,143.033,1743.75,25.5425,279.589
2109,46.0812,1226.15,139.115,1757.3399999999997,26.6085,279.603
5260,46.548,1300.69,138.422,1775.17,27.943,279.985
1315,46.2219,1501.73,161.885,1825.44,32.4895,280.207
2968,46.3002,1489.38,179.806,1822.6799999999998,32.1678,280.314
2064,46.5619,1303.6,155.498,1775.9,27.9971,280.366
3863,45.9808,1212.38,138.691,1754.1999999999998,26.3671,280.382
454,45.5209,1154.35,145.226,1741.5299999999997,25.3586,280.73
936,46.6355,1322.8,129.946,1780.73,28.3646,280.743
5311,46.6596,1330.05,147.677,1782.58,28.5054,280.788
5800,46.2864,1491.4,140.394,1823.1399999999999,32.2212,280.884
5238,45.94,1206.96,139.437,1752.98,26.2725,280.909
767,44.7588,1057.44,141.741,1721.9,23.6253,281.023
4303,46.3524,1482.15,160.091,1821.0299999999997,31.9758,281.076
4330,46.3366,1484.27,159.492,1821.5099999999998,32.0324,281.115
3904,46.3674,1480.2,150.629,1820.58,31.9232,281.315
9751,46.327,1261.34,141.39,1765.58,27.2268,281.506
3138,46.1801,1239.44,185.489,1760.4099999999999,26.8392,281.536
1357,46.6838,1423.17,166.644,1806.6599999999999,30.4853,281.643
8548,45.9145,1203.65,126.517,1752.2399999999998,26.2151,281.713
4285,46.7321,1372.15,134.776,1793.48,29.3621,281.78
4650,45.179,1110.79,140.129,1732.5,24.5863,282.122
8385,44.9113,1076.89,143.422,1725.71,23.9781,282.148
7572,46.3621,1480.89,151.348,1820.73,31.9418,282.193
9297,43.6375,940.549,116.865,1700.3899999999999,21.5537,282.335
3827,46.2595,1495.53,183.45,1824.06,32.3293,282.346
486,44.72,1052.8,131.686,1721.0099999999998,23.542,282.367
3676,46.6324,1321.91,172.31,1780.5099999999998,28.3474,282.741
9266,46.5448,1300.03,135.264,1775.0099999999998,27.9308,282.756
6543,45.4127,1141.36,135.366,1738.79,25.1331,283.014
3474,44.5689,1035.68,132.838,1717.7199999999998,23.2376,283.241
5277,44.807,1063.37,125.678,1723.06,23.7322,283.283
8438,46.7193,1397.03,182.351,1799.9499999999998,29.9026,283.351
1784,45.5023,1152.05,153.747,1741.04,25.3185,283.609
2973,46.6397,1431.68,175.615,1808.81,30.6965,283.839
2995,43.3662,914.657,131.422,1695.87,21.0914,283.933
2288,45.3078,1129.06,132.914,1736.2399999999998,24.9197,283.958
5670,43.5041,927.794,134.553,1698.1599999999999,21.3266,284.353
7045,46.7388,1385.97,134.117,1797.08,29.6535,284.502
680,45.5581,1159.03,121.503,1742.52,25.4406,284.51
8022,44.8706,1071.48,127.028,1724.6399999999999,23.8794,284.64
937,46.37,1479.87,144.783,1820.5,31.9143,284.742
2820,46.1808,1239.54,140.101,1760.44,26.841,284.749
4020,46.1976,1506.05,132.174,1826.3899999999999,32.6001,284.772
3607,46.6864,1421.69,171.708,1806.2799999999997,30.4518,284.887
3267,45.2655,1122.85,130.24,1734.96,24.8058,285.144
64,46.187,1240.4,104.853,1760.6399999999999,26.856,285.438
6098,46.7329,1373.03,175.217,1793.71,29.3804,285.65
6948,46.6433,1430.95,152.27,1808.63,30.6785,285.651
775,46.375,1479.22,205.138,1820.35,31.897,285.93
4081,46.2592,1495.58,165.562,1824.0699999999997,32.3304,286.194
668,46.6337,1322.27,127.836,1780.6,28.3544,286.379
3187,46.0876,1226.98,156.0,1757.5299999999997,26.6229,286.405
5154,46.2757,1493.02,180.001,1823.5,32.2635,286.694
9980,46.7258,1365.26,155.404,1791.69,29.2185,287.133
6622,46.2561,1250.39,147.305,1762.98,27.0319,287.227
9909,46.3988,1476.26,160.511,1819.6599999999999,31.8168,287.252
9249,46.7066,1346.35,138.483,1786.7799999999997,28.8258,287.371
6257,46.2526,1496.63,143.92,1824.31,32.3578,287.492
7479,45.3457,1133.73,159.897,1737.21,25.0019,287.777
5181,46.679,1336.28,141.467,1784.1799999999998,28.6271,287.998
703,46.2751,1493.11,180.316,1823.52,32.266,288.088
6173,46.7403,1381.72,146.398,1795.9699999999998,29.5615,288.221
2688,44.2615,1002.68,129.586,1711.54,22.6535,288.651
9021,46.5353,1298.1,144.651,1774.52,27.8948,288.751
1912,46.3702,1479.84,161.128,1820.4899999999998,31.9136,289.047
7577,44.9407,1080.9,157.92,1726.5,24.0518,289.206
2033,46.3414,1483.61,169.683,1821.3600000000001,32.0148,289.238
6260,45.3822,1137.85,110.538,1738.06,25.0727,289.254
2517,44.8722,1071.7,153.494,1724.69,23.8833,289.369
8197,46.7253,1364.81,173.29,1791.5699999999997,29.2092,289.489
2874,43.5007,927.471,130.494,1698.1,21.3208,289.523
7497,45.8638,1197.27,154.518,1750.8199999999997,26.1049,290.192
4165,45.5731,1160.94,161.704,1742.9299999999998,25.4743,290.407
939,46.3432,1483.38,164.299,1821.31,32.0085,290.684
3866,44.8894,1073.97,140.084,1725.13,23.9248,290.806
7724,45.4043,1140.39,144.608,1738.5899999999997,25.1164,290.845
3529,46.6064,1438.78,150.643,1810.5899999999997,30.8708,291.16
9893,46.6886,1339.53,181.866,1785.02,28.6907,291.211
1759,46.3677,1480.16,145.954,1820.5699999999997,31.9222,291.252
1671,46.4678,1285.13,151.686,1771.33,27.6563,291.274
3182,46.2797,1492.41,152.964,1823.3600000000001,32.2475,291.286
1265,45.3742,1136.93,149.909,1737.87,25.0568,291.518
455,46.7372,1386.82,144.276,1797.2999999999997,29.6727,291.722
6334,46.7232,1362.64,153.273,1791.0099999999998,29.1641,291.914
8878,46.7248,1393.77,176.679,1799.1100000000001,29.8293,291.957
5038,45.4744,1148.66,127.02,1740.33,25.2595,292.163
195,45.2932,1126.89,128.38,1735.79,24.8799,292.172
3145,46.3273,1485.54,149.575,1821.7999999999997,32.0661,292.178
364,45.8349,1193.74,176.741,1750.04,26.0443,292.212
3678,46.7056,1406.13,155.215,1802.2999999999997,30.1062,292.273
2362,46.4672,1468.31,138.219,1817.79,31.5989,292.342
6332,45.5648,1159.88,130.659,1742.6999999999998,25.4556,292.399
241,46.738,1378.9,145.792,1795.2399999999998,29.5027,292.461
4299,46.2011,1505.42,171.284,1826.25,32.584,292.472
5656,46.6565,1428.32,159.942,1807.9699999999998,30.6136,293.079
3743,44.4744,1025.27,146.349,1715.75,23.053,293.189
3635,46.1926,1506.98,162.441,1826.5899999999997,32.6238,293.29
6759,46.7344,1374.82,159.475,1794.1799999999998,29.4178,293.625
9767,46.1957,1506.41,135.566,1826.4699999999998,32.6093,294.001
4243,46.5631,1303.84,173.222,1775.96,28.0016,294.167
3731,46.7296,1390.99,155.86,1798.3899999999999,29.7668,294.209
878,46.58,1307.68,147.513,1776.92,28.0738,295.014
2025,46.6952,1341.83,162.004,1785.6100000000001,28.7359,295.093
136,46.623,1319.22,155.162,1779.83,28.2955,295.459
4062,45.834,1193.63,156.133,1750.0099999999998,26.0425,295.531
5702,46.7144,1353.74,146.598,1788.6999999999998,28.9791,295.63
3522,46.0086,1216.18,142.929,1755.06,26.4338,295.705
7285,46.3074,1488.34,180.979,1822.44,32.1405,295.883
2346,46.3121,1487.66,212.608,1822.29,32.1224,295.886
9210,46.5398,1299.0,137.02,1774.75,27.9116,295.975
3452,46.739,1380.14,167.6,1795.56,29.5286,296.046
3501,46.7179,1357.16,143.805,1789.58,29.0501,296.091
805,46.7361,1376.71,155.063,1794.67,29.4571,296.374
7754,46.2265,1500.93,148.602,1825.27,32.4691,296.823
7789,46.5926,1310.94,155.254,1777.7399999999998,28.1363,296.901
9428,46.5816,1444.53,152.055,1812.02,31.0108,296.903
975,46.6896,1418.78,178.239,1805.54,30.3876,296.918
2923,46.3184,1486.78,172.663,1822.0899999999997,32.0992,297.009
1047,46.6057,1314.43,138.608,1778.62,28.2032,297.027
2773,46.2129,1503.3,164.548,1825.79,32.5299,297.206
9822,46.7018,1408.86,159.398,1803.0,30.1672,297.568
4850,44.1137,988.358,136.781,1708.9299999999998,22.4048,297.735
7830,46.2166,1502.65,174.896,1825.65,32.5133,297.775
5710,46.3258,1485.75,132.079,1821.85,32.0718,298.147
2449,46.6977,1342.69,153.373,1785.83,28.7528,298.232
4273,46.5245,1459.93,161.551,1815.7799999999997,31.3797,299.033
1838,46.7067,1405.29,146.77,1802.08,30.0875,299.406
7856,45.8403,1194.39,164.967,1750.1799999999998,26.0556,299.457
1856,46.6457,1325.79,125.033,1781.5,28.4227,299.463
5299,46.3372,1484.19,183.804,1821.5,32.0303,299.529
4542,46.2354,1499.43,169.62,1824.9299999999998,32.4304,299.553
4364,45.6784,1175.06,158.243,1745.96,25.7246,300.048
9883,46.0697,1224.66,146.222,1757.0,26.5828,300.056
6473,44.3522,1011.98,120.871,1713.27,22.8169,300.059
7204,46.7047,1406.73,130.55,1802.46,30.1197,300.129
671,45.6215,1167.29,143.921,1744.2799999999997,25.5864,300.151
8373,46.6978,1342.74,152.411,1785.85,28.7539,300.232
5518,46.3597,1266.63,149.059,1766.8399999999997,27.3217,300.41
2621,46.0965,1228.14,138.067,1757.7999999999997,26.6429,300.505
6986,45.1909,1112.4,159.732,1732.83,24.6156,300.617
1551,46.591,1442.3,173.052,1811.4699999999998,30.9567,300.699
4893,46.7052,1406.39,174.989,1802.37,30.112,301.454
7156,45.9558,1209.03,134.149,1753.4499999999998,26.3085,301.57
5585,46.5249,1296.01,135.706,1774.0099999999998,27.8563,302.005
5532,46.1996,1242.17,151.514,1761.0499999999997,26.8871,302.298
8329,45.6128,1166.13,136.02,1744.0299999999997,25.5659,302.55
2086,46.7254,1393.41,136.938,1799.0099999999998,29.8212,302.587
6053,46.3412,1483.65,169.266,1821.37,32.0157,302.672
5452,46.1941,1241.4,138.531,1760.87,26.8735,303.117
552,46.2091,1503.98,160.142,1825.94,32.5473,303.498
5143,46.6977,1412.0,159.394,1803.81,30.237,303.536
5128,46.3334,1484.7,146.062,1821.6100000000001,32.0437,303.977
6137,46.2197,1502.11,155.592,1825.5299999999997,32.4993,304.403
2267,46.2157,1502.8,134.576,1825.6799999999998,32.5172,304.46
1960,46.3413,1483.63,167.567,1821.37,32.0152,304.59
2618,46.0296,1219.13,138.942,1755.73,26.4858,304.739
7711,46.6521,1429.2,153.121,1808.19,30.6354,304.916
4728,46.7197,1359.0,132.583,1790.06,29.0883,305.143
5912,45.592,1163.4,128.32,1743.4499999999998,25.5176,305.461
8242,46.7278,1367.45,149.498,1792.2599999999998,29.2642,305.558
4950,46.716,1399.14,153.656,1800.5,29.95,305.649
8137,45.0936,1099.59,148.178,1730.23,24.3846,305.88
7450,46.2567,1495.97,159.663,1824.1599999999999,32.3406,305.913
1379,46.6455,1430.52,136.547,1808.52,30.6679,306.032
4276,45.5086,1152.82,152.881,1741.1999999999998,25.3319,306.379
2163,46.5483,1453.07,150.326,1814.1100000000001,31.2163,306.458
7576,46.7198,1396.73,127.683,1799.88,29.8959,306.581
4921,46.2475,1497.46,161.405,1824.4899999999998,32.3792,306.968
8092,46.6025,1313.57,146.35,1778.4,28.1867,306.991
3601,46.6598,1330.12,140.931,1782.6,28.5068,307.181
8072,46.3336,1484.68,170.974,1821.6100000000001,32.0432,307.182
4985,46.3537,1265.67,171.271,1766.6100000000001,27.3045,307.34
9029,44.3244,1009.08,155.39,1712.73,22.7659,307.483
9600,46.5609,1303.39,147.14,1775.8399999999997,27.9932,307.768
283,46.589,1310.01,135.699,1777.5,28.1184,307.882
9216,46.4999,1291.12,166.426,1772.7999999999997,27.7661,307.922
3110,46.367,1480.25,168.197,1820.5899999999997,31.9247,307.935
2626,44.0079,978.66,129.25,1707.17,22.2383,308.258
3147,46.0698,1224.68,154.717,1757.0,26.5832,308.457
6400,46.5973,1440.84,182.013,1811.1,30.9211,308.639
1012,46.6365,1323.08,172.239,1780.81,28.3701,309.003
5965,46.6582,1428.01,159.511,1807.8899999999999,30.6057,309.015
445,46.726,1393.04,199.761,1798.92,29.813,309.265
5552,46.2235,1501.46,193.816,1825.38,32.4825,309.402
5083,46.7116,1351.07,180.132,1788.0,28.9237,309.613
8122,45.7344,1181.96,156.141,1747.4499999999998,25.844,310.118
3024,46.733,1389.09,157.864,1797.8899999999999,29.724,310.181
7686,46.5919,1310.76,155.441,1777.69,28.1329,310.368
6035,45.1154,1102.39,130.3,1730.7999999999997,24.4349,310.434
8628,46.7382,1379.21,146.32,1795.3199999999997,29.5092,310.604
4886,46.567,1448.16,150.551,1812.9099999999999,31.0985,310.711
6801,46.4041,1273.95,154.926,1768.6100000000001,27.4535,310.798
3494,46.4145,1275.71,171.827,1769.0299999999997,27.4853,310.917
5125,46.2961,1489.96,164.046,1822.81,32.1833,310.959
6749,45.7346,1181.98,142.263,1747.46,25.8444,311.529
2539,46.4346,1472.0,182.501,1818.6599999999999,31.7005,311.695
7984,46.7294,1391.09,169.791,1798.4099999999999,29.7692,311.987
2686,46.2984,1489.64,171.921,1822.7399999999998,32.1748,312.049
1118,46.6954,1413.85,182.899,1804.2799999999997,30.2782,312.873
9195,46.1968,1506.19,167.915,1826.42,32.6038,312.938
6939,46.3145,1487.32,170.422,1822.21,32.1134,313.244
1369,46.7388,1379.82,161.699,1795.48,29.522,313.499
8942,46.578,1307.17,138.648,1776.79,28.0642,314.235
3440,46.7333,1388.92,220.286,1797.85,29.7201,314.336
5156,46.7053,1345.45,149.012,1786.5499999999997,28.8072,314.772
5576,46.7043,1407.03,139.646,1802.5299999999997,30.1264,314.905
4903,46.4461,1470.69,183.369,1818.35,31.6644,314.943
8039,45.6614,1172.7,161.057,1745.4499999999998,25.6826,315.735
771,46.2453,1497.82,186.586,1824.5699999999997,32.3886,316.164
5322,46.6986,1411.33,160.739,1803.6399999999999,30.2221,317.42
1837,46.7011,1343.91,147.759,1786.15,28.777,318.012
6330,46.7296,1391.01,164.165,1798.3899999999999,29.7672,318.523
424,46.62,1318.37,177.698,1779.6100000000001,28.2791,318.986
1443,46.5746,1446.25,150.623,1812.44,31.0523,319.424
2577,46.4149,1474.32,170.031,1819.21,31.764,319.896
5546,46.2418,1498.38,171.035,1824.6999999999998,32.4031,320.504
5980,46.2227,1501.59,176.559,1825.4099999999999,32.486,320.613
5239,46.5758,1306.62,136.405,1776.65,28.0536,320.751
142,45.9802,1212.3,150.25,1754.1799999999998,26.3656,320.93
3067,46.6985,1411.38,141.518,1803.65,30.2232,321.198
1914,46.3884,1271.32,206.286,1767.9699999999998,27.4059,321.483
494,45.9913,1213.81,163.36,1754.52,26.3921,321.579
3243,46.0805,1226.06,160.631,1757.3199999999997,26.6069,321.666
3086,45.758,1184.66,170.277,1748.04,25.8896,322.702
394,46.7258,1365.36,142.182,1791.71,29.2206,323.161
3870,46.1319,1232.83,163.722,1758.88,26.7241,323.252
415,45.6109,1165.88,142.483,1743.98,25.5615,323.389
258,46.3161,1487.1,173.471,1822.1599999999999,32.1078,323.486
2843,44.4679,1024.54,146.534,1715.62,23.04,323.653
6040,46.7339,1388.59,150.401,1797.7599999999998,29.7128,323.85
3430,46.738,1378.96,193.656,1795.25,29.504,323.945
3363,46.6498,1327.05,145.81,1781.8199999999997,28.447,324.023
477,46.046,1221.47,134.244,1756.27,26.5271,324.442
4953,46.2966,1489.9,163.565,1822.7999999999997,32.1817,324.48
2161,46.5345,1297.92,166.806,1774.48,27.8916,324.849
5467,46.2837,1491.8,186.114,1823.23,32.2317,325.044
1145,46.6175,1436.34,189.081,1809.98,30.8112,325.145
5187,46.5122,1293.5,161.81,1773.3899999999999,27.8099,325.948
9510,46.4453,1470.77,142.202,1818.37,31.6667,325.97
4612,46.706,1405.81,160.672,1802.2199999999998,30.0992,326.054
4265,45.2723,1123.83,156.663,1735.1599999999999,24.8238,326.094
191,46.3151,1487.24,150.587,1822.19,32.1113,326.385
6861,46.4096,1474.96,179.134,1819.3600000000001,31.7814,326.58
6094,44.7888,1061.11,138.414,1722.62,23.6914,327.033
8841,46.7345,1374.9,150.559,1794.1999999999998,29.4193,327.173
4138,46.3381,1484.06,150.824,1821.46,32.0267,327.403
972,46.63,1321.2,174.382,1780.33,28.3338,327.726
8842,46.3232,1486.11,156.896,1821.9299999999998,32.0814,328.371
7359,46.7166,1398.72,193.705,1800.3899999999999,29.9405,328.383
7011,46.4992,1290.99,160.737,1772.77,27.7636,328.467
9048,46.5761,1306.69,183.337,1776.67,28.055,328.805
5954,46.421,1473.6,150.119,1819.04,31.7442,329.178
1992,46.6911,1417.48,162.96,1805.21,30.3588,329.3
1781,46.7275,1392.18,163.347,1798.69,29.7935,329.427
7854,46.6997,1410.47,145.525,1803.42,30.2031,329.45
3801,46.2185,1502.32,177.228,1825.5699999999997,32.5048,329.572
6338,46.5523,1451.98,138.689,1813.85,31.1903,330.211
1283,46.7236,1394.47,165.053,1799.29,29.8451,331.229
1486,46.7192,1397.14,198.151,1799.98,29.9051,331.75
8916,46.6975,1412.11,146.048,1803.8399999999997,30.2396,332.313
1203,46.2725,1493.51,150.648,1823.6100000000001,32.2765,332.499
8589,46.7328,1372.94,148.344,1793.69,29.3785,332.951
1200,46.4936,1465.45,158.54,1817.1100000000001,31.5194,333.579
5874,46.7372,1377.97,152.246,1794.9899999999998,29.4833,333.636
5722,46.3864,1477.79,163.545,1820.02,31.8582,333.876
7653,46.622,1318.93,169.726,1779.75,28.2898,334.009
9966,46.2476,1497.44,149.96,1824.4899999999998,32.3788,334.247
3800,45.5846,1162.43,137.064,1743.2399999999998,25.5006,334.676
3952,46.5892,1310.06,165.636,1777.52,28.1195,334.847
688,46.3812,1478.45,174.22,1820.17,31.8761,335.633
7722,46.6069,1314.78,149.498,1778.6999999999998,28.2099,336.274
9979,46.5514,1301.4,165.286,1775.35,27.9561,336.347
4182,46.6914,1340.51,189.402,1785.27,28.7099,336.355
9885,46.6221,1318.95,183.313,1779.7599999999998,28.2902,336.878
7375,46.4394,1471.44,152.688,1818.5299999999997,31.6852,337.123
3766,46.2302,1500.32,179.199,1825.13,32.4532,337.413
7553,45.2394,1119.12,156.431,1734.1999999999998,24.7377,337.573
8957,46.6598,1427.7,181.534,1807.81,30.598,338.076
8509,46.556,1451.01,186.873,1813.6100000000001,31.167,338.1
9265,46.3486,1482.66,171.034,1821.1399999999999,31.9894,339.189
9700,46.2116,1503.52,172.39,1825.8399999999997,32.5356,339.702
5579,46.4929,1465.52,216.329,1817.12,31.5213,340.883
4362,46.7083,1404.2,155.492,1801.7999999999997,30.0632,342.49
2227,46.2506,1496.96,188.546,1824.38,32.3663,343.386
9542,46.6336,1432.93,174.068,1809.13,30.7273,344.956
7520,46.4755,1467.4,172.704,1817.5699999999997,31.5737,345.102
3573,46.3506,1482.4,176.547,1821.08,31.9823,345.105
5957,46.251,1496.88,160.901,1824.37,32.3643,345.362
9121,46.3839,1478.11,141.029,1820.0899999999997,31.8669,346.298
7196,46.4092,1475.0,178.854,1819.37,31.7825,346.313
3068,46.4651,1468.55,173.599,1817.8399999999997,31.6054,346.419
1678,46.3719,1479.63,166.284,1820.44,31.9079,346.446
1319,46.2068,1504.38,165.77,1826.0299999999997,32.5576,347.166
4687,46.7326,1389.3,187.145,1797.9499999999998,29.7287,347.298
8650,44.7818,1060.23,144.929,1722.4499999999998,23.6756,347.488
4029,46.5984,1312.5,152.673,1778.13,28.1661,347.565
4703,46.3843,1478.06,173.438,1820.08,31.8655,348.095
8825,46.5807,1444.74,153.019,1812.0699999999997,31.0158,349.54
2991,46.7332,1373.45,168.871,1793.8199999999997,29.3891,350.735
9877,46.5907,1442.37,154.711,1811.48,30.9583,350.936
3156,46.2494,1497.14,166.543,1824.42,32.3709,352.478
7038,46.0929,1227.67,171.012,1757.69,26.6346,353.325
482,46.6339,1322.33,155.338,1780.62,28.3556,353.873
2840,46.2221,1501.69,163.873,1825.4299999999998,32.4887,354.614
9871,46.7152,1354.48,172.891,1788.8899999999999,28.9945,354.959
2860,46.337,1484.21,181.348,1821.5,32.0307,355.113
1766,46.2889,1491.03,175.363,1823.0499999999997,32.2114,359.66
3644,46.6331,1322.1,172.86,1780.56,28.3512,360.129
8046,45.3824,1137.88,162.135,1738.0699999999997,25.0731,360.828
5676,46.2971,1489.82,173.814,1822.7799999999997,32.1794,360.928
6269,46.4232,1473.34,182.915,1818.98,31.7371,362.31
3134,46.4276,1277.96,175.194,1769.58,27.526,362.363
7533,46.4923,1465.58,160.136,1817.1399999999999,31.5231,362.774
9174,46.7134,1400.77,179.739,1800.92,29.9864,364.852
1466,46.5592,1450.17,168.41,1813.4,31.1468,365.11
7743,46.2097,1503.87,193.176,1825.9099999999999,32.5444,365.916
4889,46.2667,1494.41,173.617,1823.81,32.2999,366.087
350,46.2822,1492.03,219.29,1823.2799999999997,32.2377,366.24
8458,46.4717,1285.83,148.149,1771.5,27.6692,366.482
806,46.7033,1407.73,170.488,1802.71,30.1421,369.742
7664,46.2889,1491.04,185.221,1823.0499999999997,32.2115,370.679
5946,46.1951,1506.52,183.307,1826.4899999999998,32.6121,371.239
8972,46.7032,1344.67,160.03,1786.3399999999997,28.7918,372.769
7305,46.7261,1392.98,206.594,1798.9,29.8115,373.728
9996,46.3586,1266.45,182.373,1766.7999999999997,27.3186,376.812
9743,46.2442,1497.98,183.982,1824.6100000000001,32.3929,377.317
8008,46.7216,1395.63,200.605,1799.5899999999997,29.8713,380.208
4559,46.2736,1493.34,185.782,1823.5699999999997,32.272,380.992
3087,46.6269,1320.31,155.92,1780.1,28.3165,381.397
3829,46.5805,1307.81,149.558,1776.9499999999998,28.0764,382.183
6021,46.2837,1491.81,193.609,1823.23,32.2317,382.745
3298,46.2372,1247.6,154.629,1762.3199999999997,26.9825,383.631
2767,45.2162,1115.88,166.808,1733.54,24.6788,386.46
5321,46.375,1479.22,178.796,1820.35,31.897,389.707
9729,46.3438,1483.3,189.766,1821.29,32.0065,396.226
9978,46.414,1474.43,192.451,1819.23,31.767,396.94
981,46.6855,1338.45,189.693,1784.7399999999998,28.6696,408.722
7281,46.2571,1495.91,196.421,1824.15,32.3391,411.579
7962,46.3482,1482.72,187.477,1821.1599999999999,31.9908,412.95
3272,46.7119,1401.76,229.235,1801.17,30.0085,416.681
7089,46.2306,1500.25,197.06,1825.12,32.4516,418.909
2000,46.2336,1499.73,189.876,1825.0,32.4382,423.163
8968,46.6368,1323.17,172.305,1780.83,28.3718,436.69
772,46.5416,1454.94,204.221,1814.5699999999997,31.2611,467.229
4905,46.2689,1494.07,224.61,1823.7399999999998,32.291,473.696
6195,46.5998,1440.26,240.916,1810.96,30.9071,482.146
